line_id,value_date,narration,amount,balance,bank_ref,currency
bank_002356,23-Jul-2026,MMT/IMPS/ICICR68037991177/Settlement/RAZORPAY/835186456,4404.96,40230293.06,ICICI9668948,INR
bank_003470,14-Jul-2026,MMT/IMPS/ICICR67833219338/Settlement/RAZORPAY/607067500,784.28,54125157.78,ICICI6718368,INR
bank_000091,16-Jul-2026,MMT/IMPS/ICICR09575074,673500.79,2744218.58,ICICI9596495,INR
bank_005313,09/07/2026,CMS NEFT-HDFCN14992824110-RAZORPAY SOFTWARE PRIVATE LIMITED-986250679 BAL 94595755 09072026,"11,498.09","8,55,17,051.85",HDFC8234650,INR
bank_005264,16-07-2026,TRANSFER FROM SBINR14936171027 RAZORPAY SOFT PVT LTD REF 908727234,95733.81,85318849.19,SBI7334734,INR
bank_000097,24-Jul-2026,CMS MMT/IMPS/ICICR85872601135/Settlement/RAZORPAY/709504354 BAL 76857133 24072026,6681.00,2750899.58,ICICI8484219,INR
bank_003125,30-07-2026,NEFT RETURN RVSL1773015261 BENEFICIARY ACCOUNT CLOSED,-196306.54,50036617.70,SBI8372440,INR
bank_007812,2026-07-28,BY TRANSFER-NEFT*AXIS0002297*AXISP00267095626*RAZORPAY SOFTWARE,"78,975.00","11,93,23,077.68",AXIS4975373,INR
bank_001304,10-07-2026,ACH C- TRANSFER FROM SBINR18871540774 RAZORPAY SOFT PVT LTD REF 774784751 BAL 83691021 10072026,30522.00,22257273.56,SBI6338303,INR
bank_002062,17-07-2026,TRANSFER FROM SBINR88531729690 RAZORPAY SOFT PVT LTD REF 583382411,111529.56,35409710.50,SBI2765879,INR
bank_004090,2026-07-29,NEFT INWARD RAZORPAY SOFTWARE PRIVATE LIMITED,"5,540.09","6,74,81,937.44",AXIS7409839,INR
bank_003407,04-08-2026,TRANSFER FROM SBINR12544247508 RAZORPAY SOFT PVT LTD REF 210863457,43150.05,53350708.52,SBI9932748,INR
bank_007139,2026-07-24,BY TRANSFER-NEFT*AXIS0007856*AXISP49991141095*RAZORPAY SOFTWARE,233.00,"10,99,59,923.14",AXIS9517425,INR
bank_003660,24-Jul-2026,BY TRF MMT/IMPS/ICICR59950624403/Settlement/RAZORPAY/964917099 BAL 25133251 24072026,869433.00,59467905.81,ICICI9073451,INR
bank_007631,24/07/2026,NEFT-HDFCN35953313661-RAZORPAY SOFTWARE PRIVATE LIMITED-607216182,"46,114.00","11,55,02,524.18",HDFC1337202,INR
bank_001716,27-07-2026,TRANSFER FROM SBINR92551801216 RAZORPAY SOFT PVT LTD REF 592034542,5840.82,29683607.35,SBI6308075,INR
bank_001243,2026-07-14,ACH C- BY TRANSFER-NEFT*AXIS0004812*AXISP33517498935*RAZORPAY SOFTWARE BAL 8979439 14072026,"7,905.00","2,09,53,257.69",AXIS3379254,INR
bank_006716,2026-08-04,BY TRANSFER-NEFT*AXIS0009591*AXISP05071840044*RAZORPAY SOFTWARE,"47,909.00","10,50,64,616.14",AXIS2241178,INR
bank_001345,30-07-2026,TRANSFER FROM SBINR30232097750 RAZORPAY SOFT PVT LTD REF 931919507,5235.22,22616707.94,SBI8042555,INR
bank_003849,24-07-2026,TRANSFER FROM SBINR08751584878 RAZORPAY SOFT PVT LTD REF 505516211,6946.68,64002432.67,SBI6883609,INR
bank_006259,13-07-2026,TRANSFER FROM SBINR42249242410 RAZORPAY SOFT PVT LTD REF 562243028,4596.32,99385697.86,SBI4857302,INR
bank_007052,16-07-2026,TRANSFER FROM SBINR98213358077 RAZORPAY SOFT PVT LTD REF 315435156,32701.59,109242059.48,SBI8150593,INR
bank_007873,17-07-2026,TRANSFER FROM SBINR93859036986 RAZORPAY SOFT PVT LTD REF 247594790,570.22,119686139.06,SBI3054157,INR
bank_004908,16-Jul-2026,MMT/IMPS/ICICR1342269,14079.69,80158016.17,ICICI9742873,INR
bank_001427,28-Jul-2026,MMT/IMPS/ICICR49693102701/Settlement/RAZORPAY/959822972,10338.35,24566404.52,ICICI6757079,INR
bank_001400,15-Jul-2026,MMT/IMPS/ICICR61041955166/Settlement/RAZORPAY/470722591,88229.74,24044783.52,ICICI7354259,INR
bank_002972,07-Jul-2026,MMT/IMPS/ICICR96508371778/Settlement/RAZORPAY/527352820,828.00,48226638.71,ICICI4240583,INR
bank_005991,21-Jul-2026,RTGS CONSOLIDATED PAYOUT RAZORPAY 4 BATCHES,61677.30,96056011.49,ICICI4245455,INR
bank_005224,17-07-2026,NEFT INWARD RAZORPAY SOFTWARE PRIVATE LIMITED,422122.95,84590624.84,SBI7411621,INR
bank_003916,07/07/2026,NEFT CR RAZORPAY SOFTWARE PVT LTD 070726,"8,17,664.55","6,54,88,858.53",HDFC7120306,INR
bank_005783,07-Jul-2026,MMT/IMPS/ICICR95645460625/Settlement/RAZORPAY/751766578,3040.99,93899361.42,ICICI6630201,INR
bank_000589,2026-11-09,BY TRANSFER-NEFT*AXIS0009198*AXISP98914095426*RAZORPAY SOFTWARE,"97,538.04","1,11,74,278.63",AXIS5395896,INR
bank_002683,06-07-2026,NEFT INWARD RAZORPAY SOFTWARE PRIVATE LIMITED,734.25,42893761.88,SBI8885244,INR
bank_006839,14/07/2026,NEFT-HDFCN39906862351-RAZORPAY SOFTWARE PRIVATE LIMITED-752888937,"9,131.29","10,59,94,960.16",HDFC5657858,INR
bank_003488,07/07/2026,CMS NEFT-HDFCN60326176524-RAZORPAY SOFTWARE PRIVATE LIMITED-244090601 BAL 60413022 07072026,905.24,"5,41,53,497.56",HDFC5279116,INR
bank_006970,30-Jul-2026,BY TRF MMT/IMPS/ICICR01731056761/Settlement/RAZORPAY/640459812 BAL 28119851 30072026,658.88,108477093.00,ICICI3313453,INR
bank_004605,21/07/2026,NEFT-HDFCN40250331845-RAZORPAY SOFTWARE PRIVATE LIMITED-727785045,"5,577.14","7,45,43,899.74",HDFC3492670,INR
bank_002589,21/07/2026,RTGS CONSOLIDATED PAYOUT RAZORPAY 4 BATCHES,"59,736.21","4,21,91,582.31",HDFC5714063,INR
bank_001872,2026-07-15,RTGS-AXISP18450595269-RAZORPAY PART 1 OF 2,"1,13,650.10","3,19,81,644.97",AXIS7180771,INR
bank_003935,09/07/2026,NEFT-HDFCN96046486665-RAZORPAY SOFTWARE PRIVATE LIMITED-151061692,"1,50,625.36","6,56,41,663.89",HDFC1674095,INR
bank_001783,03-08-2026,TRANSFER FROM SBINR35522,669169.90,31266013.63,SBI3669263,INR
bank_005847,31/07/2026,RTGS CONSOLIDATED PAYOUT RAZORPAY 5 BATCHES,"7,99,805.18","9,53,78,598.27",HDFC2022921,INR
bank_000689,2026-07-06,BY TRANSFER-NEFT*AXIS0008532*AXISP45564901324*RAZORPAY SOFTWARE,"4,666.88","1,13,69,423.15",AXIS7264190,INR
bank_005069,22/07/2026,NEFT-HDFCN82569444767-RAZORPAY SOFTWARE PRIVATE LIMITED-942129033,"3,46,941.28","8,31,36,607.11",HDFC7310070,INR
bank_007016,04-08-2026,TRANSFER FROM SBINR56188269041 RAZORPAY SOFT PVT LTD REF 890906458,63532.45,108868981.00,SBI7752725,INR
bank_002917,06/07/2026,ACH C- NEFT-HDFCN82556647661-RAZORPAY SOFTWARE PRIVATE LIMITED-620944424 BAL 47624167 06072026,"4,684.00","4,64,11,890.94",HDFC7895736,INR
bank_006576,2026-08-14,BY TRANSFER-NEFT*AXIS0004386*AXISP66917665627*RAZORPAY SOFTWARE,"9,576.00","10,38,81,309.93",AXIS6173801,INR
bank_004247,03-Jul-2026,RTGS CONSOLIDATED PAYOUT RAZORPAY 4 BATCHES,76815.50,68755573.51,ICICI3875454,INR
bank_000310,10-07-2026,TRANSFER FROM SBINR51727509375 RAZORPAY SOFT PVT LTD REF 444428651,8562.08,6510994.46,SBI8529882,INR
bank_000618,04/08/2026,NEFT-HDFCN47863962335-RAZORPAY SOFTWARE PRIVATE LIMITED-185116890,817.00,"1,12,33,624.98",HDFC1944082,INR
bank_000556,2026-07-14,BY TRANSFER-NEFT*AXIS0005067*AXISP46542572034*RAZORPAY SOFTWARE,"1,570.00","1,09,61,216.55",AXIS4650787,INR
bank_005934,2026-07-20,BY TRANSFER-NEFT*AXIS0006335*AXISP30135718414*RAZORPAY SOFTWARE,"2,860.87","9,58,69,580.54",AXIS2751852,INR
bank_005355,24-Jul-2026,MMT/IMPS/ICICR65187760960/Settlement/RAZORPAY/606190745,931.00,86204101.40,ICICI8267295,INR
bank_002314,14-Jul-2026,RTGS CONSOLIDATED PAYOUT RAZORPAY 5 BATCHES,52722.51,39072728.57,ICICI3550198,INR
bank_000969,2026-07-06,BY TRANSFER-NEFT*AXIS0008389*AXISP76158878913*RAZORPAY SOFTWARE,"7,054.28","1,56,59,976.69",AXIS3343779,INR
bank_001760,28-Jul-2026,RTGS CONSOLIDATED PAYOUT RAZORPAY 3 BATCHES,898489.01,30596843.73,ICICI1993975,INR
bank_006055,20-Jul-2026,NEFT CR RAZORPAY SOFTWARE PVT LTD,21715.41,97181255.68,ICICI1468332,INR
bank_006290,09-Jul-2026,ACH C- MMT/IMPS/ICICR62285916649/Settlement/RAZORPAY/785562377 BAL 54615469 09072026,5604.83,99675429.01,ICICI7997288,INR
bank_000368,2026-07-21,BY TRANSFER-NEFT*AXIS0007982*AXISP71409189009*RAZORPAY SOFTWARE,"1,13,955.66","72,09,622.27",AXIS2136649,INR
bank_000156,2026-07-22,BY TRANSFER-NEFT*AXIS0007710*AXISP32473055984*RAZORPAY SOFTWARE,167.22,"28,42,643.41",AXIS1451494,INR
bank_003607,09-Jul-2026,MMT/IMPS/ICICR94310589105/Settlement/RAZORPAY/666652039,48381.65,58195027.52,ICICI7835022,INR
bank_003801,2026-07-23,BY TRANSFER-NEFT*AXIS0002816*AXISP20040509694*RAZORPAY SOFTWARE,"74,714.06","6,28,01,435.36",AXIS6272797,INR
bank_007619,16-Jul-2026,MMT/IMPS/ICICR29505881119/Settlement/RAZORPAY/156463638,187850.62,115378203.64,ICICI3171735,INR
bank_001322,13-Jul-2026,RTGS-ICICR04935985343-RAZORPAY PART 1 OF 2,136564.78,22465477.94,ICICI5609521,INR
bank_005578,10-Jul-2026,NEFT INWARD RAZORPAY SOFTWARE PRIVATE LIMITED,2681.49,90234404.68,ICICI9011437,INR
bank_001455,20/07/2026,NEFT-HDFCN74094586600-RAZORPAY SOFTWARE PRIVATE LIMITED-115420971,"7,738.94","2,45,84,985.46",HDFC8701338,INR
bank_003565,27-Jul-2026,MMT/IMPS/ICICR78806096273/Settlement/RAZORPAY/994163958,1178433.40,56564727.86,ICICI2591439,INR
bank_003953,21-Jul-2026,BY TRF MMT/IMPS/ICICR58753948437/Settlement/RAZORPAY/241671342 BAL 42221404 21072026,79372.53,65724020.91,ICICI1716818,INR
bank_003392,29-07-2026,NEFT CR RAZORPAY SOFTWARE PVT LTD 290726,918.00,53307382.47,SBI2253790,INR
bank_007865,28-Jul-2026,NEFT INWARD RAZORPAY SOFTWARE PRIVATE LIMITED,8563.69,119685568.84,ICICI6763527,INR
bank_006900,09/11/2026,NEFT-HDFCN29686362343-RAZORPAY SOFTWARE PRIVATE LIMITED-837372001,"2,798.36","10,72,76,659.21",HDFC6395582,INR
bank_005691,20/07/2026,NEFT RETURN RVSL3915252086 BENEFICIARY ACCOUNT CLOSED,"-1,30,827.24","9,19,63,753.56",HDFC8060131,INR
bank_000514,03-08-2026,TRANSFER FROM SBINR16109212716 RAZORPAY SOFT PVT LTD REF 725087047,926478.78,10658220.63,SBI6450385,INR
bank_002211,13-Jul-2026,CMS MMT/IMPS/ICICR71405235575/Settlement/RAZORPAY/268209635 BAL 67354312 13072026,633150.00,37664852.65,ICICI1921473,INR
bank_001078,28/07/2026,NEFT-HDFCN62507558475-RAZORPAY SOFTWARE PRIVATE LIMITED-505527980,"1,20,048.20","1,78,88,504.02",HDFC5943608,INR
bank_003482,21-Jul-2026,MMT/IMPS/ICICR29606052320/Settlement/RAZORPAY/805477037,27126.00,54152592.32,ICICI8298672,INR
bank_002259,03-07-2026,NEFT RETURN RVSL7792413768 BENEFICIARY ACCOUNT CLOSED,-199246.68,38372523.87,SBI8925071,INR
bank_005409,2026-07-03,BY TRANSFER-NEFT*AXIS0002715*AXISP95759320874*RAZORPAY SOFTWARE,"8,127.75","8,83,99,383.87",AXIS7822093,INR
bank_007608,23/07/2026,NEFT-HDFCN36489776629-RAZORPAY SOFTWARE PRIVATE LIMITED-794108859,"44,785.64","11,51,34,798.13",HDFC6103626,INR
bank_001665,22/07/2026,NEFT-HDFCN46115416285-RAZORPAY SOFTWARE PRIVATE LIMITED-640734568,"1,01,877.09","2,89,29,774.13",HDFC1555885,INR
bank_002384,13/07/2026,RTGS-HDFCN02019362633-RAZORPAY PART 2 OF 2,"1,15,450.94","4,05,57,060.10",HDFC8289349,INR
bank_002468,20-Jul-2026,MMT/IMPS/ICICR76101634649/Settlement/RAZORPAY/825335978,850.44,40717604.64,ICICI2334688,INR
bank_002900,03-07-2026,TRANSFER FROM SBINR74134346188 RAZORPAY SOFT PVT LTD REF 155510293,400217.32,46395415.33,SBI4848747,INR
bank_005437,31/07/2026,NEFT-HDFCN9605509,"11,552.46","8,86,27,564.40",HDFC8900047,INR
bank_001962,31-Jul-2026,NEFT INWARD RAZORPAY SOFTWARE PRIVATE LIMITED,15107.77,33107515.92,ICICI8414258,INR
bank_003242,30/07/2026,NEFT-HDFCN04157192748-RAZORPAY SOFTWARE PRIVATE LIMITED-201204948,"35,371.00","5,14,99,129.70",HDFC1926630,INR
bank_006615,2026-07-07,BY TRANSFER-NEFT*AXIS0005820*AXISP63779415507*RAZORPAY SOFTWARE,"60,992.62","10,40,63,995.24",AXIS2428582,INR
bank_007589,05/08/2026,NEFT-HDFCN64874586579-RAZORPAY SOFTWARE PRIVATE LIMITED-270956780,865.00,"11,50,89,277.35",HDFC2314552,INR
bank_002536,13-07-2026,RTGS CONSOLIDATED PAYOUT RAZORPAY 4 BATCHES,100853.40,41879968.74,SBI3452902,INR
bank_003739,07/07/2026,RTGS CONSOLIDATED PAYOUT RAZORPAY 6 BATCHES,"16,95,358.74","6,12,95,072.54",HDFC1322209,INR
bank_000976,03-07-2026,NEFT INWARD RAZORPAY SOFTWARE PRIVATE LIMITED,9375.03,15676406.00,SBI8445518,INR
bank_006067,2026-07-24,BY TRF BY TRANSFER-NEFT*AXIS0005063*AXISP97101584656*RAZORPAY SOFTWARE BAL 31290271 24072026,707.49,"9,73,67,869.39",AXIS5722464,INR
bank_005484,14-07-2026,TRANSFER FROM SBINR79173948202 RAZORPAY SOFT PVT LTD REF 165792610,1618.09,89189418.76,SBI1892371,INR
bank_000856,07/07/2026,NEFT-HDFCN30089578589-RAZORPAY SOFTWARE PRIVATE LIMITED-244998305,"6,257.00","1,36,33,958.35",HDFC9461478,INR
bank_000334,2026-07-31,BY TRANSFER-NEFT*AXIS0003705*AXISP14586738082*RAZORPAY SOFTWARE,620.00,"65,29,371.41",AXIS3849538,INR
bank_002811,2026-07-23,NEFT INWARD RAZORPAY SOFTWARE PRIVATE LIMITED,698.13,"4,46,31,859.46",AXIS6396373,INR
bank_006660,2026-07-06,RTGS-AXISP33010089298-RAZORPAY PART 1 OF 2,"1,31,395.27","10,47,36,454.35",AXIS2247019,INR
bank_003982,2026-07-07,ACH C- BY TRANSFER-NEFT*AXIS0007352*AXISP05378089310*RAZORPAY SOFTWARE BAL 80657808 07072026,303.00,"6,65,32,031.61",AXIS1805632,INR
bank_005516,10-07-2026,NEFT CR RAZORPAY SOFTWARE PVT LTD 100726,842.67,89311462.43,SBI7819198,INR
bank_004766,03-08-2026,TRANSFER FROM SBINR37679262082 RAZORPAY SOFT PVT LTD REF 754655668,676.58,78141550.62,SBI4733550,INR
bank_006079,07-07-2026,NEFT RETURN RVSL4958481273 BENEFICIARY ACCOUNT CLOSED,-38309.80,97371086.56,SBI1421157,INR
bank_000169,24/07/2026,NEFT-HDFCN63466006524-RAZORPAY SOFTWARE PRIVATE LIMITED-531900527,"1,46,207.89","29,88,851.30",HDFC5116784,INR
bank_001585,29/07/2026,NEFT CR RAZORPAY SOFTWARE PVT LTD 290726,534.46,"2,71,92,336.80",HDFC3860294,INR
bank_003771,2026-08-04,BY TRANSFER-NEFT*AXIS0009706*AXISP12864245909*RAZORPAY SOFTWARE,"80,768.63","6,15,71,390.79",AXIS5543445,INR
bank_005206,2026-07-08,BY TRANSFER-NEFT*AXIS0007954*AXISP87604217394*RAZORPAY SOFTWARE,"1,022.29","8,37,96,983.43",AXIS2438905,INR
bank_004510,16/07/2026,NEFT-HDFCN05593353300-RAZORPAY SOFTWARE PRIVATE LIMITED-475162257,"1,581.73","7,17,99,364.59",HDFC8673386,INR
bank_001628,2026-07-30,NEFT INWARD RVSL8414576811 RAZORPAY SOFTWARE,"1,03,907.81","2,79,25,145.51",AXIS5414476,INR
bank_004399,14-07-2026,TRANSFER FROM SBINR01861552847 RAZORPAY SOFT PVT LTD REF 144833992,10854.73,69662202.56,SBI6967214,INR
bank_004727,2026-07-20,NEFT CR RAZORPAY SOFTWARE PVT LTD 200726,"5,58,752.71","7,77,13,277.80",AXIS6348238,INR
bank_002268,2026-07-22,BY TRANSFER-NEFT*AXIS0008881*AXISP45493240291*RAZORPAY SOFTWARE,"6,35,946.21","3,90,08,470.08",AXIS5983023,INR
bank_007186,03-Jul-2026,MMT/IMPS/ICICR57362398949/Settlement/RAZORPAY/176019144,156229.92,110169666.01,ICICI5162201,INR
bank_000347,21/07/2026,NEFT-HDFCN77448571967-RAZORPAY SOFTWARE PRIVATE LIMITED-717434618,"5,05,809.91","70,35,181.32",HDFC3078412,INR
bank_006375,24-07-2026,TRANSFER FROM SBINR84457809212 RAZORPAY SOFT PVT LTD REF 913781809,635096.90,100854825.32,SBI3672161,INR
bank_002739,2026-07-28,RTGS CONSOLIDATED PAYOUT RAZORPAY 6 BATCHES,"5,64,022.45","4,35,67,899.27",AXIS4039275,INR
bank_006740,21-07-2026,RTGS CONSOLIDATED PAYOUT RAZORPAY 4 BATCHES,829390.80,105894006.94,SBI9314549,INR
bank_005424,06/07/2026,RTGS-HDFCN78203379780-RAZORPAY PART 1 OF 2,"1,02,776.38","8,85,13,235.56",HDFC2201836,INR
bank_003066,23/07/2026,NEFT-HDFCN35407625987-RAZORPAY SOFTWARE PRIVATE LIMITED-492138144,439.00,"4,92,61,643.45",HDFC8400171,INR
bank_004659,17/07/2026,NEFT-HDFCN89339239377-RAZORPAY SOFTWARE PRIVATE LIMITED-318146916,"1,008.00","7,49,12,713.44",HDFC7724146,INR
bank_006470,28-Jul-2026,NEFT CR RAZORPAY SOFTWARE PVT LTD,47206.46,102930315.98,ICICI6031173,INR
bank_001673,2026-07-13,BY TRANSFER-NEFT*AXIS0008230*AXISP796593,"5,483.00","2,93,61,789.96",AXIS2665789,INR
bank_000135,2026-07-14,RTGS CONSOLIDATED PAYOUT RAZORPAY 3 BATCHES,"9,682.78","27,66,403.45",AXIS4417442,INR
bank_003783,08-Jul-2026,MMT/IMPS/ICICR624946,830833.14,62402223.93,ICICI3933367,INR
bank_003150,09-11-2026,TRANSFER FROM SBINR92479626477 RAZORPAY SOFT PVT LTD REF 834151277,398.37,50121006.89,SBI8507519,INR
bank_001468,06-07-2026,TRANSFER FROM SBINR81504676767 RAZORPAY SOFT PVT LTD REF 141822764,152451.16,24737436.62,SBI8665662,INR
bank_005024,20-07-2026,CMS TRANSFER FROM SBINR06064381863 RAZORPAY SOFT PVT LTD REF 580683329 BAL 86887087 20072026,99088.00,81760552.87,SBI9208105,INR
bank_003867,2026-07-20,BY TRANSFER-NEFT*AXIS0005072*AXISP098161,"19,441.06","6,41,18,587.67",AXIS6174244,INR
bank_003623,21-Jul-2026,MMT/IMPS/ICICR07077695003/Settlement/RAZORPAY/693687957,325.14,58276713.39,ICICI4302244,INR
bank_007551,03-Jul-2026,MMT/IMPS/ICICR48007237610/Settlement/RAZORPAY/153273901,14110.40,114963466.32,ICICI2075690,INR
bank_006448,03-Jul-2026,MMT/IMPS/ICICR97814777734/Settlement/RAZORPAY/651663202,43272.21,102868563.48,ICICI4767673,INR
bank_004327,03-08-2026,TRANSFER FROM SBINR47056842953 RAZORPAY SOFT PVT LTD REF 656353261,8682.96,69329669.46,SBI9520769,INR
bank_000778,17/07/2026,RTGS-HDFCN24533003862-RAZORPAY PART 1 OF 2,"1,24,990.83","1,29,95,617.06",HDFC2356848,INR
bank_005871,03-Aug-2026,MMT/IMPS/ICICR54815459580/Settlement/RAZORPAY/955231138,118997.70,95501106.96,ICICI7142943,INR
bank_007318,24/07/2026,NEFT-HDFCN33788780541-RAZORPAY SOFTWARE PRIVATE LIMITED-454570585,"8,359.24","11,18,81,812.41",HDFC1357244,INR
bank_003922,22/07/2026,NEFT-HDFCN12083526968-RAZORPAY SOFTWARE PRIVATE LIMITED-133367850,"2,180.00","6,54,91,038.53",HDFC7155640,INR
bank_001621,30-Jul-2026,MMT/IMPS/ICICR05614694984/Settlement/RAZORPAY/953599745,19009.51,27821237.70,ICICI7433124,INR
bank_003189,16/07/2026,NEFT-HDFCN15963,"9,13,962.00","5,14,24,954.79",HDFC7024570,INR
bank_001873,2026-07-15,RTGS-AXISP18450595269-RAZORPAY PART 2 OF 2,"1,13,650.10","3,20,95,295.07",AXIS8976062,INR
bank_000202,2026-07-07,BY TRANSFER-NEFT*AXIS0004097*AXISP01546361407*RAZORPAY SOFTWARE,"8,68,452.04","49,23,617.83",AXIS9883647,INR
bank_004504,04-08-2026,TRANSFER FROM SBINR95631581900 RAZORPAY SOFT PVT LTD REF 650482555,99785.85,71797782.86,SBI3322409,INR
bank_007297,13-07-2026,NEFT CR RAZORPAY SOFTWARE PVT LTD 130726,164.00,111854554.55,SBI6144615,INR
bank_007770,03-Jul-2026,NEFT CR RAZORPAY SOFTWARE PVT LTD 030726,191435.70,119110412.51,ICICI6500378,INR
bank_001174,23-07-2026,TRANSFER FROM SBINR19590286617 RAZORPAY SOFT PVT LTD REF 190288550,575182.22,20663016.61,SBI5162053,INR
bank_007004,16/07/2026,INB NEFT-HDFCN00391516028-RAZORPAY SOFTWARE PRIVATE LIMITED-421005883 BAL 20156646 16072026,"1,296.00","10,88,04,999.55",HDFC3508654,INR
bank_005349,13-Jul-2026,MMT/IMPS/ICICR71847838726/Settlement/RAZORPAY/271849316,618783.62,86203170.40,ICICI3551111,INR
bank_005177,09/07/2026,NEFT-HDFCN50068527740-RAZORPAY SOFTWARE PRIVATE LIMITED-123864545,498.57,"8,37,95,033.95",HDFC5272450,INR
bank_007541,06-07-2026,TRANSFER FROM SBINR87113746214 RAZORPAY SOFT PVT LTD REF 736837274,308582.79,114935245.52,SBI8718741,INR
bank_005922,09-Jul-2026,BY TRF MMT/IMPS/ICICR71143579968/Settlement/RAZORPAY/521241058 BAL 42645413 09072026,5233.50,95685016.82,ICICI4946876,INR
bank_004883,21-07-2026,NEFT INWARD RVSL9414047607 RAZORPAY SOFTWARE,244215.39,80387208.49,SBI8845941,INR
bank_006778,2026-07-27,BY TRANSFER-NEFT*AXIS0002580*AXISP12050595239*RAZORPAY SOFTWARE,"6,550.68","10,59,57,475.39",AXIS8040176,INR
bank_007385,24/07/2026,NEFT CR RAZORPAY SOFTWARE PVT LTD 240726,"6,138.63","11,28,73,944.15",HDFC7421431,INR
bank_002848,2026-07-07,INB BY TRANSFER-NEFT*AXIS0005585*AXISP22690828288*RAZORPAY SOFTWARE BAL 16842282 07072026,"8,31,593.00","4,54,73,542.98",AXIS3295987,INR
bank_001159,22/07/2026,RTGS CONSOLIDATED PAYOUT RAZORPAY 6 BATCHES,"9,45,929.37","2,00,66,203.58",HDFC4939270,INR
bank_007595,21-07-2026,TRANSFER FROM SBINR53738365209 RAZORPAY SOFT PVT LTD REF 866055829,735.14,115090012.49,SBI6582133,INR
bank_007046,23/07/2026,NEFT-HDFCN28113869465-RAZORPAY SOFTWARE PRIVATE LIMITED-919785317,"1,19,769.38","10,92,09,357.89",HDFC6600751,INR
bank_004590,06-Jul-2026,RTGS CONSOLIDATED PAYOUT RAZORPAY 6 BATCHES,1688145.11,74457336.52,ICICI9755209,INR
bank_005030,03-Aug-2026,MMT/IMPS/ICICR46757426455/Settlement/RAZORPAY/262746423,55466.76,81816019.63,ICICI8646402,INR
bank_001418,16-Jul-2026,MMT/IMPS/ICICR95066492459/Settlement/RAZORPAY/488614255,510484.65,24556066.17,ICICI6038256,INR
bank_000282,2026-07-13,NEFT INWARD RVSL6836503309 RAZORPAY SOFTWARE,"94,953.33","57,39,154.45",AXIS4884024,INR
bank_002929,03-Aug-2026,MMT/IMPS/ICICR16785989145/Settlement/RAZORPAY/841802849,1545711.15,47957602.09,ICICI3933510,INR
bank_005295,2026-07-31,RTGS CONSOLIDATED PAYOUT RAZORPAY 5 BATCHES,"1,81,132.25","8,54,99,981.44",AXIS9202363,INR
bank_005955,16-07-2026,TRANSFER FROM SBINR51199102240 RAZORPAY SOFT PVT LTD REF 292607597,1296.46,95873304.69,SBI6606926,INR
bank_001165,07-Jul-2026,NEFT CR RAZORPAY SOFTWARE PVT LTD 070726,21630.81,20087834.39,ICICI2270072,INR
bank_002836,2026-07-21,NEFT RETURN RVSL1534450980 BENEFICIARY ACCOUNT CLOSED,"-1,49,082.57","4,46,41,788.89",AXIS6785088,INR
bank_006104,2026-07-30,BY TRANSFER-NEFT*AXIS0008099*AXISP66732470224*RAZORPAY SOFTWARE,"7,65,204.64","9,81,44,093.99",AXIS3913896,INR
bank_004955,14/07/2026,NEFT-HDFCN20362,739.00,"8,10,59,497.54",HDFC5760328,INR
bank_001893,07/07/2026,RTGS CONSOLIDATED PAYOUT RAZORPAY 3 BATCHES,"20,299.93","3,21,15,595.00",HDFC5020813,INR
bank_004180,2026-07-22,NEFT INWARD RVSL8646628081 RAZORPAY SOFTWARE,"2,29,095.88","6,87,02,499.13",AXIS6948195,INR
bank_000234,07-Jul-2026,RTGS CONSOLIDATED PAYOUT RAZORPAY 6 BATCHES,509419.67,5433037.50,ICICI6912809,INR
bank_001484,30-07-2026,TRANSFER FROM SBINR25323854623 RAZORPAY SOFT PVT LTD REF 828713157,63854.00,25314250.24,SBI9661675,INR
bank_003476,16-07-2026,CMS TRANSFER FROM SBINR55687439616 RAZORPAY SOFT PVT LTD REF 675920085 BAL 88065673 16072026,308.54,54125466.32,SBI8137878,INR
bank_007308,28/07/2026,NEFT INWARD RVSL1745592044 RAZORPAY SOFTWARE,"84,117.75","11,19,57,570.92",HDFC9674651,INR
bank_002671,2026-07-21,BY TRANSFER-NEFT*AXIS0001666*AXISP66722560315*RAZORPAY SOFTWARE,"27,477.91","4,28,92,659.09",AXIS1949922,INR
bank_004028,2026-07-30,BY TRANSFER-NEFT*AXIS0008090*AXISP27350683939*RAZORPAY SOFTWARE,678.76,"6,70,95,138.62",AXIS6750343,INR
bank_000109,20/07/2026,NEFT-HDFCN80292698996-RAZORPAY SOFTWARE PRIVATE LIMITED-882298123,167.89,"27,55,899.67",HDFC8431599,INR
bank_007725,2026-08-04,BY TRANSFER-NEFT*AXIS0007235*AXISP10181192034*RAZORPAY SOFTWARE,"2,776.00","11,68,77,622.54",AXIS8532524,INR
bank_001905,06/07/2026,ACH C- NEFT-HDFCN92869247071-RAZORPAY SOFTWARE PRIVATE LIMITED-734509022 BAL 42145744 06072026,"5,881.13","3,21,31,099.13",HDFC1150438,INR
bank_006531,22-07-2026,TRANSFER FROM SBINR74957677343 RAZORPAY SOFT PVT LTD REF 852154505,920.75,103167843.49,SBI7163438,INR
bank_001111,2026-07-04,NEFT RETURN RVSL8816522348 BENEFICIARY ACCOUNT CLOSED,"-96,663.70","1,87,39,949.39",AXIS6733895,INR
bank_006018,09-Jul-2026,MMT/IMPS/ICICR62710277461/Settlement/RAZORPAY/164004338,86854.71,96240278.07,ICICI8036379,INR
bank_002256,06-Jul-2026,MMT/IMPS/ICICR47096610487/Settlement/RAZORPAY/375843807,109378.64,38372523.87,ICICI3070815,INR
bank_004748,14-07-2026,TRANSFER FROM SBINR86812934539 RAZORPAY SOFT PVT LTD REF 345523789,2176.83,78134126.14,SBI3399243,INR
bank_003328,14-07-2026,TRANSFER FROM SBINR78201458727 RAZORPAY SOFT PVT LTD REF 279500900,74420.62,53041253.80,SBI1712847,INR
bank_001442,23-Jul-2026,NEFT CR RAZORPAY SOFTWARE PVT LTD 230726,1621.00,24577246.52,ICICI7835987,INR
bank_000484,27-07-2026,TRANSFER FROM SBINR31828147669 RAZORPAY SOFT PVT LTD REF 168052913,513.11,9728716.41,SBI6686711,INR
bank_007454,14-Jul-2026,MMT/IMPS/ICICR53960665329/Settlement/RAZORPAY/131025708,4400.63,113697758.28,ICICI1416899,INR
bank_003464,09-Jul-2026,MMT/IMPS/ICICR98046540695/Settlement/RAZORPAY/136546586,154943.24,54124373.50,ICICI9555366,INR
bank_002231,2026-07-09,BY TRANSFER-NEFT*AXIS0002006*AXISP2615062,"5,29,567.62","3,82,39,631.17",AXIS3956269,INR
bank_002911,2026-07-03,BY TRANSFER-NEFT*AXIS0005683*AXISP16697673840*RAZORPAY SOFTWARE,"8,868.00","4,64,07,206.94",AXIS4904562,INR
bank_005755,24-07-2026,TRANSFER FROM SBINR59463678149 RAZORPAY SOFT PVT LTD REF 365589729,196713.00,93693973.62,SBI4444777,INR
bank_000187,07-Jul-2026,MMT/IMPS/ICICR96397026949/Settlement/RAZORPAY/555922614,73006.40,4053234.09,ICICI4723013,INR
bank_003284,2026-07-15,BY TRANSFER-NEFT*AXIS0001613*AXISP09049775920*RAZORPAY SOFTWARE,"1,03,461.37","5,19,17,512.05",AXIS9286271,INR
bank_000751,29/07/2026,NEFT-HDFCN72091220891-RAZORPAY SOFTWARE PRIVATE LIMITED-261896057,632.48,"1,15,30,050.33",HDFC3614251,INR
bank_000047,29-Jul-2026,RTGS CONSOLIDATED PAYOUT RAZORPAY 4 BATCHES,470498.34,1086732.65,ICICI6626732,INR
bank_000401,16-07-2026,TRANSFER FROM SBINR11403546009 RAZORPAY SOFT PVT LTD REF 464754459,497.00,8023814.96,SBI1965886,INR
bank_000831,2026-07-14,BY TRANSFER-NEFT*AXIS0002812*AXISP54378911247*RAZORPAY SOFTWARE,"8,823.05","1,35,81,816.60",AXIS2138928,INR
bank_006995,17-Jul-2026,MMT/IMPS/ICICR88556078083/Settlement/RAZORPAY/776306959,5346.00,108803703.55,ICICI8026538,INR
bank_002374,14/07/2026,NEFT-HDFCN72262900786-RAZORPAY SOFTWARE PRIVATE LIMITED-871827137,"32,892.93","4,03,26,158.23",HDFC6011531,INR
bank_006158,10-Aug-2026,MMT/IMPS/ICICR19424187698/Settlement/RAZORPAY/285859290,50224.77,98482705.17,ICICI9896031,INR
bank_002842,2026-07-16,BY TRANSFER-NEFT*AXIS0005709*AXISP85150910326*RAZORPAY SOFTWARE,161.09,"4,46,41,949.98",AXIS6427906,INR
bank_000196,09-Jul-2026,MMT/IMPS/ICICR73438919214/Settlement/RAZORPAY/278831754,1931.70,4055165.79,ICICI7587709,INR
bank_007652,13/07/2026,NEFT CR RAZORPAY SOFTWARE PVT LTD 130726,"1,569.01","11,55,99,744.79",HDFC9086369,INR
bank_004973,31/07/2026,BY TRF NEFT-HDFCN68171582174-RAZORPAY SOFTWARE PRIVATE LIMITED-190161284 BAL 85133024 31072026,"4,91,388.05","8,15,51,782.59",HDFC6627310,INR
bank_004226,09-07-2026,TRANSFER FROM SBINR55716435293 RAZORPAY SOFT PVT LTD REF 152248777,40.92,68678758.01,SBI3273243,INR
bank_007040,20-Jul-2026,INTEREST CREDIT SAVINGS ACCOUNT QUARTERLY,113198.88,109089588.51,ICICI9888245,INR
bank_007550,03-Jul-2026,MMT/IMPS/ICICR48007237610/Settlement/RAZORPAY/153273901,14110.40,114949355.92,ICICI6415414,INR
bank_004154,2026-07-31,RTGS CONSOLIDATED PAYOUT RAZORPAY 6 BATCHES,"1,12,476.30","6,81,08,649.89",AXIS1587703,INR
bank_006681,14/07/2026,NEFT-HDFCN64261670012-RAZORPAY SOFTWARE PRIVATE LIMITED-529944886,"80,236.07","10,49,49,008.70",HDFC1303705,INR
bank_000941,28-Jul-2026,INB MMT/IMPS/ICICR22483301803/Settlement/RAZORPAY/975854173 BAL 29306259 28072026,313725.13,14999473.67,ICICI3290418,INR
bank_004829,06-07-2026,TRANSFER FROM SBINR32033034569 RAZORPAY SOFT PVT LTD REF 558850961,14890.76,78374012.78,SBI9706418,INR
bank_000526,24/07/2026,NEFT CR RAZORPAY SOFTWARE PVT LTD 240726,"1,04,080.65","1,07,62,301.28",HDFC8853629,INR
bank_003110,31-07-2026,NEFT INWARD RVSL1680358331 RAZORPAY SOFTWARE,220943.03,50111063.06,SBI2347623,INR
bank_005364,24-Jul-2026,MMT/IMPS/ICICR80750208735/Settlement/RAZORPAY/942809273,109540.87,86313642.27,ICICI4817150,INR
bank_000103,03/08/2026,NEFT-HDFCN07013160948-RAZORPAY SOFTWARE PRIVATE LIMITED-743358943,"4,832.20","27,55,731.78",HDFC2436748,INR
bank_000680,31-07-2026,RTGS CONSOLIDATED PAYOUT RAZORPAY 6 BATCHES,117815.96,11364756.27,SBI8447430,INR
bank_004611,29-07-2026,TRANSFER FROM SBINR74775383,8081.26,74551981.00,SBI9219423,INR
bank_000493,2026-07-17,BY TRANSFER-NEFT*AXIS0004315*AXISP84907451348*RAZORPAY SOFTWARE,"1,404.63","97,30,121.04",AXIS2440636,INR
bank_003156,2026-08-04,BY TRANSFER-NEFT*AXIS0005051*AXISP06514105585*RAZORPAY SOFTWARE,814.32,"5,01,21,821.21",AXIS2716163,INR
bank_001033,2026-07-24,BY TRANSFER-NEFT*AXIS0003320*AXISP97408945873*RAZORPAY SOFTWARE,"1,428.20","1,72,92,650.21",AXIS2793306,INR
bank_005916,28/07/2026,NEFT-HDFCN45806685158-RAZORPAY SOFTWARE PRIVATE LIMITED-375626944,"2,503.00","9,56,79,783.32",HDFC6684118,INR
bank_004991,07-07-2026,ACH C- TRANSFER FROM SBINR72541887788 RAZORPAY SOFT PVT LTD REF 819143423 BAL 38002698 07072026,39733.11,81599349.36,SBI8003916,INR
bank_006609,13/07/2026,NEFT-HDFCN84706326282-RAZORPAY SOFTWARE PRIVATE LIMITED-965291858,"89,590.34","10,40,03,002.62",HDFC2820970,INR
bank_004534,21/07/2026,NEFT-HDFCN92234393677-RAZORPAY SOFTWARE PRIVATE LIMITED-829482050,237.99,"7,18,20,855.54",HDFC4172130,INR
bank_001237,09-Nov-2026,MMT/IMPS/ICICR96863595272/Settlement/RAZORPAY/696705043,521.40,20945352.69,ICICI8036768,INR
bank_002662,08-07-2026,TRANSFER FROM SBINR63065185505 RAZORPAY SOFT PVT LTD REF 673169201,63590.79,42865181.18,SBI7965079,INR
bank_001436,2026-07-07,BY TRF BY TRANSFER-NEFT*AXIS0002620*AXISP29385559690*RAZORPAY SOFTWARE BAL 55866964 07072026,"9,221.00","2,45,75,625.52",AXIS7069764,INR
bank_000370,24/07/2026,NEFT INWARD RVSL4871108680 RAZORPAY SOFTWARE,"1,20,481.34","73,30,103.61",HDFC6343228,INR
bank_001590,31/07/2026,NEFT-HDFCN55264613518-RAZORPAY SOFTWARE PRIVATE LIMITED-650240392,"5,186.35","2,71,97,523.15",HDFC9168092,INR
bank_000461,24-07-2026,TRANSFER FROM SBINR98471216479 RAZORPAY SOFT PVT LTD REF 874489264,12459.58,8668069.42,SBI9097944,INR
bank_004923,20-Jul-2026,MMT/IMPS/ICICR40450879960/Settlement/RAZORPAY/853159591,512.42,80161953.59,ICICI4500302,INR
bank_007788,30/07/2026,RTGS CONSOLIDATED PAYOUT RAZORPAY 4 BATCHES,"40,082.72","11,91,50,495.23",HDFC8808477,INR
bank_005388,22/07/2026,NEFT-HDFCN36749847661-RAZORPAY SOFTWARE PRIVATE LIMITED-360885618,"5,07,544.44","8,77,24,070.70",HDFC4114109,INR
bank_004653,21-07-2026,TRANSFER FROM SBINR17667037832 RAZORPAY SOFT PVT LTD REF 366272994,7737.54,74911705.44,SBI7746969,INR
bank_006570,2026-07-27,BY TRANSFER-NEFT*AXIS0007633*AXISP49577764283*RAZORPAY SOFTWARE,"3,16,128.08","10,38,71,733.93",AXIS7622286,INR
bank_002320,2026-07-27,BY TRANSFER-NEFT*AXIS0009090*AXISP04668735609*RAZORPAY SOFTWARE,784.28,"3,90,73,512.85",AXIS5362222,INR
bank_000985,14-Jul-2026,MMT/IMPS/ICICR54445557842/Settlement/RAZORPAY/485309090,691654.07,16368060.07,ICICI8826644,INR
bank_007348,21-07-2026,TRANSFER FROM SBINR49370361389 RAZORPAY SOFT PVT LTD REF 816813002,3451.01,112436707.37,SBI6637439,INR
bank_004979,24-Jul-2026,MMT/IMPS/ICICR46077909424/Settlement/RAZORPAY/549519783,7833.66,81559616.25,ICICI7737401,INR
bank_001683,03-Jul-2026,RTGS-ICICR75535745453-RAZORPAY PART 2 OF 2,122938.79,29607667.54,ICICI9667939,INR
bank_000053,28/07/2026,NEFT-HDFCN38186895,732.00,"10,87,464.65",HDFC9369343,INR
bank_004528,2026-07-28,NEFT CR RAZORPAY SOFTWARE PVT LTD 280726,"16,137.96","7,18,20,617.55",AXIS1804592,INR
bank_004016,2026-07-29,NEFT CR RAZORPAY SOFTWARE PVT LTD 290726,"32,232.00","6,70,94,459.86",AXIS7636895,INR
bank_005736,2026-07-30,INB BY TRANSFER-NEFT*AXIS0003693*AXISP69488541048*RAZORPAY SOFTWARE BAL 57563885 30072026,"3,325.31","9,34,37,703.56",AXIS6090434,INR
bank_001313,14/07/2026,NEFT-HDFCN47594407591-RAZORPAY SOFTWARE PRIVATE LIMITED-593895148,"71,639.60","2,23,28,913.16",HDFC9913252,INR
bank_002779,28-07-2026,TRANSFER FROM SBINR07435523621 RAZORPAY SOFT PVT LTD REF 770166339,5197.69,43716969.33,SBI1499879,INR
bank_006639,23/07/2026,NEFT INWARD RAZORPAY SOFTWARE PRIVATE LIMITED,"1,668.67","10,40,75,721.08",HDFC1620518,INR
bank_004925,2026-07-08,INTEREST CREDIT SAVINGS ACCOUNT QUARTERLY,"4,64,128.99","8,06,26,082.58",AXIS8817984,INR
bank_006146,09/07/2026,NEFT-HDFCN24564276085-RAZORPAY SOFTWARE PRIVATE LIMITED-543795383,"73,342.86","9,84,32,480.40",HDFC6874570,INR
bank_002984,29/07/2026,NEFT-HDFCN44159653881-RAZORPAY SOFTWARE PRIVATE LIMITED-723002251,"7,73,129.67","4,89,99,768.38",HDFC9922546,INR
bank_006627,20/07/2026,NEFT CR RAZORPAY SOFTWARE PVT LTD 200726,"5,555.58","10,40,73,284.79",HDFC2589479,INR
bank_005822,2026-07-15,BY TRANSFER-NEFT*AXIS0008952*AXISP874068,"5,02,392.66","9,45,78,793.09",AXIS2100543,INR
bank_007100,28/07/2026,NEFT-HDFCN26392734827-RAZORPAY SOFTWARE PRIVATE LIMITED-872092796,"11,083.00","10,94,82,250.02",HDFC6852242,INR
bank_007704,27-07-2026,ACH C- TRANSFER FROM SBINR41780451731 RAZORPAY SOFT PVT LTD REF 145667974 BAL 60452988 27072026,5033.00,116440667.49,SBI3952332,INR
bank_002205,2026-07-07,ACH C- BY TRANSFER-NEFT*AXIS0005671*AXISP78539803250*RAZORPAY SOFTWARE BAL 41942043 07072026,"79,801.02","3,70,31,702.65",AXIS8178509,INR
bank_007112,22/07/2026,NEFT-HDFCN5484095,"4,10,280.92","10,98,92,530.94",HDFC4939230,INR
bank_003574,30/07/2026,NEFT-HDFCN37091372541-RAZORPAY SOFTWARE PRIVATE LIMITED-983406315,"6,29,064.91","5,71,93,792.77",HDFC6590361,INR
bank_002140,28-Jul-2026,RTGS CONSOLIDATED PAYOUT RAZORPAY 4 BATCHES,896233.81,36792024.27,ICICI6915085,INR
bank_005637,04-Aug-2026,MMT/IMPS/ICICR83471090218/Settlement/RAZORPAY/251707942,6733.33,91460001.45,ICICI1255042,INR
bank_003386,2026-07-17,RTGS CONSOLIDATED PAYOUT RAZORPAY 5 BATCHES,"1,25,018.48","5,33,06,464.47",AXIS8322751,INR
bank_001972,21-07-2026,NEFT CR RAZORPAY SOFTWARE PVT LTD,22503.81,33130019.73,SBI4971763,INR
bank_000970,2026-07-06,BY TRANSFER-NEFT*AXIS0008389*AXISP76158878913*RAZORPAY SOFTWARE,"7,054.28","1,56,67,030.97",AXIS2067527,INR
bank_006033,08-Jul-2026,CMS MMT/IMPS/ICICR70688854715/Settlement/RAZORPAY/761474840 BAL 62760413 08072026,5036.00,96256445.07,ICICI7070447,INR
bank_006633,2026-07-29,BY TRANSFER-NEFT*AXIS0005607*AXISP04094478556*RAZORPAY SOFTWARE,767.62,"10,40,74,052.41",AXIS9116177,INR
bank_006933,23-07-2026,TRANSFER FROM SBINR68751395,56792.25,108422189.97,SBI3059185,INR
bank_005415,2026-07-09,NEFT INWARD RAZORPAY SOFTWARE PRIVATE LIMITED,"11,075.31","8,84,10,459.18",AXIS1874584,INR
bank_006552,2026-08-03,BY TRANSFER-NEFT*AXIS0004397*AXISP45665673160*RAZORPAY SOFTWARE,"3,70,039.00","10,35,52,704.49",AXIS7482862,INR
bank_005457,2026-07-29,BY TRANSFER-NEFT*AXIS0001918*AXISP28880719642*RAZORPAY SOFTWARE,337.00,"8,91,76,847.11",AXIS6795077,INR
bank_002518,2026-07-14,BY TRANSFER-NEFT*AXIS0003854*AXISP96839262602*RAZORPAY SOFTWARE,"9,508.96","4,17,79,115.34",AXIS4380886,INR
bank_004939,2026-07-09,RTGS-AXISP32319824357-RAZORPAY PART 1 OF 2,"1,68,454.49","8,08,82,658.07",AXIS3952087,INR
bank_006701,10-07-2026,RTGS CONSOLIDATED PAYOUT RAZORPAY 3 BATCHES,22345.64,104971354.34,SBI6000944,INR
bank_007583,2026-07-20,BY TRANSFER-NEFT*AXIS0001507*AXISP41613222070*RAZORPAY SOFTWARE,"11,214.93","11,50,88,412.35",AXIS7751080,INR
bank_007222,09-Jul-2026,MMT/IMPS/ICICR85966559226/Settlement/RAZORPAY/812838650,9625.00,110235700.91,ICICI7001024,INR
bank_002020,09-Jul-2026,MMT/IMPS/ICICR81633069419/Settlement/RAZORPAY/399851609,407119.98,34559698.06,ICICI1627320,INR
bank_003904,21/07/2026,NEFT-HDFCN92672319136-RAZORPAY SOFTWARE PRIVATE LIMITED-521844830,"61,156.08","6,46,71,193.98",HDFC3110310,INR
bank_004187,2026-07-20,BY TRANSFER-NEFT*AXIS0001174*AXISP62059914287*RAZORPAY SOFTWARE,938.00,"6,84,74,341.25",AXIS4003090,INR
bank_004899,2026-07-10,BY TRANSFER-NEFT*AXIS0007868*AXISP62059785501*RAZORPAY SOFTWARE,828.16,"8,01,43,936.48",AXIS4611062,INR
bank_000395,21/07/2026,NEFT-HDFCN65372538048-RAZORPAY SOFTWARE PRIVATE LIMITED-236182730,"1,814.21","80,23,317.96",HDFC3487015,INR
bank_005528,29-07-2026,TRANSFER FROM SBINR43228913149 RAZORPAY SOFT PVT LTD REF 341775189,293.90,89311898.33,SBI8568886,INR
bank_004861,30-Jul-2026,RTGS INWARD WORKING CAPITAL DISBURSAL 246082534,235140.43,79367308.05,ICICI5489520,INR
bank_002422,2026-07-23,BY TRANSFER-NEFT*AXIS0007635*AXISP94540056434*RAZORPAY SOFTWARE,"54,147.00","4,06,42,297.88",AXIS7150396,INR
bank_000452,2026-07-10,BY TRANSFER-NEFT*AXIS0002306*AXISP06685451799*RAZORPAY SOFTWARE,"10,074.00","86,55,609.84",AXIS5814053,INR
bank_001358,28-07-2026,TRANSFER FROM SBINR04277594695 RAZORPAY SOFT PVT LTD REF 914426018,788204.18,23404912.12,SBI5131719,INR
bank_007822,2026-07-17,RTGS-AXISP35262679514-RAZORPAY PART 2 OF 2,"1,15,249.27","11,95,53,576.22",AXIS2408629,INR
bank_005255,08-07-2026,TRANSFER FROM SBINR32223933404 RAZORPAY SOFT PVT LTD REF 800562792,541.00,85223115.38,SBI3301129,INR
bank_004516,07/07/2026,NEFT-HDFCN10550659063-RAZORPAY SOFTWARE PRIVATE LIMITED-458231221,"5,115.00","7,18,04,479.59",HDFC3434570,INR
bank_001006,28/07/2026,NEFT-HDFCN08664920679-RAZORPAY SOFTWARE PRIVATE LIMITED-653204628,"8,90,142.18","1,72,70,858.01",HDFC6179152,INR
bank_005472,08-Jul-2026,MMT/IMPS/ICICR89223110909/Settlement/RAZORPAY/479189338,9979.56,89187800.67,ICICI5222237,INR
bank_004202,03-08-2026,TRANSFER FROM SBINR54750174546 RAZORPAY SOFT PVT LTD REF 199832283,845.99,68550084.04,SBI7967127,INR
bank_002996,2026-07-14,ACH C- BY TRANSFER-NEFT*AXIS0006093*AXISP28401330369*RAZORPAY SOFTWARE BAL 12068957 14072026,"3,328.00","4,90,03,779.38",AXIS6980692,INR
bank_006845,29-Jul-2026,MMT/IMPS/ICICR12097202756/Settlement/RAZORPAY/595392105,104.60,105995064.76,ICICI5230264,INR
bank_005795,17-Jul-2026,NEFT CR RAZORPAY SOFTWARE PVT LTD 170726,83485.56,93982846.98,ICICI8468846,INR
bank_007165,2026-07-09,BY TRANSFER-NEFT*AXIS0007768*AXISP91778489670*RAZORPAY SOFTWARE,"1,147.82","10,99,81,918.71",AXIS8393701,INR
bank_001180,07-Jul-2026,MMT/IMPS/ICICR26604097373/Settlement/RAZORPAY/166404885,4762.99,20667779.60,ICICI9174851,INR
bank_004641,20-Jul-2026,MMT/IMPS/ICICR25256396890/Settlement/RAZORPAY/515384619,12431.96,74584539.90,ICICI1853211,INR
bank_003672,23-07-2026,TRANSFER FROM SBINR42130669750 RAZORPAY SOFT PVT LTD REF 688835326,6481.00,59532276.16,SBI5509067,INR
bank_006710,23-Jul-2026,MMT/IMPS/ICICR97083019747/Settlement/RAZORPAY/714853235,45352.80,105016707.14,ICICI7616393,INR
bank_002190,21-Jul-2026,RTGS CONSOLIDATED PAYOUT RAZORPAY 6 BATCHES,54744.00,36951132.23,ICICI1835259,INR
bank_005451,2026-07-14,INTEREST CREDIT SAVINGS ACCOUNT QUARTERLY,"3,57,209.74","8,91,76,510.11",AXIS9970614,INR
bank_002347,10/07/2026,NEFT-HDFCN12395773077-RAZORPAY SOFTWARE PRIVATE LIMITED-630476199,781.28,"4,02,25,888.10",HDFC3002648,INR
bank_004805,28-07-2026,RTGS CONSOLIDATED PAYOUT RAZORPAY 6 BATCHES,149754.25,78349030.97,SBI4833161,INR
bank_006232,05-Aug-2026,MMT/IMPS/ICICR66040343314/Settlement/RAZORPAY/522834071,1431.19,98823982.10,ICICI6533696,INR
bank_006122,22-Jul-2026,NEFT RETURN RVSL5862926119 BENEFICIARY ACCOUNT CLOSED,-117791.94,98244586.63,ICICI2038449,INR
bank_000840,2026-07-16,CMS BY TRANSFER-NEFT*AXIS0003284*AXISP36123695003*RAZORPAY SOFTWARE BAL 20846162 16072026,"10,044.73","1,35,91,861.33",AXIS4705688,INR
bank_002824,30-07-2026,TRANSFER FROM SBINR26256199195 RAZORPAY SOFT PVT LTD REF 952752677,9014.39,44640873.85,SBI2360143,INR
bank_006537,10-07-2026,TRANSFER FROM SBINR04200580094 RAZORPAY SOFT PVT LTD REF 105210436,4391.00,103172234.49,SBI3708687,INR
bank_001728,04-08-2026,BY TRF TRANSFER FROM SBINR46609786935 RAZORPAY SOFT PVT LTD REF 856741947 BAL 42289620 04082026,787.07,29692602.19,SBI8770952,INR
bank_006400,2026-07-08,NEFT INWARD RVSL2101722771 RAZORPAY SOFTWARE,"2,26,093.91","10,13,62,145.49",AXIS5786385,INR
bank_007087,2026-07-09,RTGS CONSOLIDATED PAYOUT RAZORPAY 3 BATCHES,"2,02,107.54","10,94,71,167.02",AXIS6927954,INR
bank_007748,08-07-2026,RTGS CONSOLIDATED PAYOUT RAZORPAY 3 BATCHES,868186.39,118530416.93,SBI1716158,INR
bank_004708,22/07/2026,NEFT-HDFCN13803222834-RAZORPAY SOFTWARE PRIVATE LIMITED-241772788,"2,68,942.62","7,68,31,883.91",HDFC4819338,INR
bank_001556,2026-07-10,BY TRANSFER-NEFT*AXIS0007131*AXISP58454494412*RAZORPAY SOFTWARE,"15,165.08","2,71,18,654.85",AXIS9799122,INR
bank_000181,21-Jul-2026,MMT/IMPS/ICICR70835926327/Settlement/RAZORPAY/701615994,991376.39,3980227.69,ICICI8729224,INR
bank_001798,2026-07-06,BY TRANSFER-NEFT*AXIS0001146*AXISP91382776785*RAZORPAY SOFTWARE,"92,292.33","3,13,60,282.96",AXIS3486603,INR
bank_005194,08/07/2026,NEFT INWARD RAZORPAY SOFTWARE PRIVATE LIMITED,654.19,"8,37,95,688.14",HDFC6282033,INR
bank_004181,2026-07-22,NEFT RETURN RVSL8646628081 BENEFICIARY ACCOUNT CLOSED,"-2,29,095.88","6,84,73,403.25",AXIS7594045,INR
bank_003458,09-Jul-2026,MMT/IMPS/ICICR38908514842/Settlement/RAZORPAY/484780377,986.00,53969430.26,ICICI2726466,INR
bank_007698,2026-07-16,BY TRANSFER-NEFT*AXIS0005533*AXISP86302895695*RAZORPAY SOFTWARE,"16,914.09","11,64,35,634.49",AXIS9622844,INR
bank_000763,03/07/2026,NEFT-HDFCN08586752967-RAZORPAY SOFTWARE PRIVATE LIMITED-160407614,"13,35,555.79","1,28,65,606.12",HDFC3708018,INR
bank_000541,04-Aug-2026,NEFT INWARD RAZORPAY SOFTWARE PRIVATE LIMITED,348.02,10901129.55,ICICI4809535,INR
bank_002963,2026-07-29,BY TRANSFER-NEFT*AXIS0001650*AXISP97530060642*RAZORPAY SOFTWARE,"97,344.13","4,82,25,810.71",AXIS8795888,INR
bank_000785,16/07/2026,NEFT-HDFCN08320400953-RAZORPAY SOFTWARE PRIVATE LIMITED-700693822,"91,569.00","1,32,12,176.89",HDFC1409732,INR
bank_007267,13-07-2026,RTGS-SBINR04069765442-RAZORPAY PART 1 OF 2,131408.26,111553976.14,SBI1583921,INR
bank_002632,14-Jul-2026,NEFT CR RAZORPAY SOFTWARE PVT LTD 140726,68000.24,42292590.58,ICICI3615614,INR
bank_007367,03-Aug-2026,RTGS-ICICR09210908927-RAZORPAY PART 2 OF 2,132959.94,112818557.97,ICICI4746818,INR
bank_006366,2026-07-26,NEFT-JYOTIINTERIORS-DIRECT PAYMENT,"2,86,644.23","10,02,19,728.42",AXIS6190887,INR
bank_005243,23/07/2026,NEFT-HDFCN33707364104-RAZORPAY SOFTWARE PRIVATE LIMITED-581040429,"1,955.16","8,52,18,453.00",HDFC8389061,INR
bank_000893,2026-07-16,BY TRANSFER-NEFT*AXIS0002671*AXISP36979317297*RAZORPAY SOFTWARE,"3,06,281.59","1,39,93,562.95",AXIS1966096,INR
bank_007357,24-07-2026,TRANSFER FROM SBINR19023523420 RAZORPAY SOFT PVT LTD REF 362087011,115930.72,112552638.09,SBI5694463,INR
bank_007379,06-Jul-2026,NEFT INWARD RAZORPAY SOFTWARE PRIVATE LIMITED,448.71,112867805.52,ICICI2018655,INR
bank_004354,2026-07-30,NEFT CR RAZORPAY SOFTWARE PVT LTD 300726,"95,536.02","6,95,55,537.68",AXIS4554633,INR
bank_005901,31/07/2026,NEFT-HDFCN18810309607-RAZORPAY SOFTWARE PRIVATE LIMITED-802271093,"15,159.00","9,56,71,967.34",HDFC2323451,INR
bank_003082,2026-07-09,RTGS-AXISP53799653920-RAZORPAY PART 1 OF 2,"1,32,541.40","4,94,60,190.01",AXIS3269245,INR
bank_003302,30-Jul-2026,MMT/IMPS/ICICR77486992790/Settlement/RAZORPAY/468527583,356015.00,52297537.05,ICICI4186388,INR
bank_000642,14-07-2026,TRANSFER FROM SBINR85685122984 RAZORPAY SOFT PVT LTD REF 865221267,9918.50,11246829.98,SBI8694141,INR
bank_001562,13-Jul-2026,MMT/IMPS/ICICR0220,713.75,27119368.60,ICICI1005004,INR
bank_007241,03-08-2026,TRANSFER FROM SBINR67563947902 RAZORPAY SOFT PVT LTD REF 276185104,163642.50,111169500.45,SBI7227996,INR
bank_005218,14-07-2026,TRANSFER FROM SBINR22011597272 RAZORPAY SOFT PVT LTD REF 240559262,106423.91,84168501.89,SBI5085180,INR
bank_005856,20/07/2026,NEFT CR RAZORPAY SOFTWARE PVT LTD 200726,"1,797.41","9,53,80,395.68",HDFC7395231,INR
bank_004339,2026-08-03,CMS BY TRANSFER-NEFT*AXIS0005799*AXISP94640239511*RAZORPAY SOFTWARE BAL 35841013 03082026,"62,139.81","6,93,91,809.27",AXIS7511239,INR
bank_005140,31-Jul-2026,MMT/IMPS/ICICR0101820,507609.00,83748027.38,ICICI9338283,INR
bank_003666,13-07-2026,TRANSFER FROM SBINR53838814834 RAZORPAY SOFT PVT LTD REF 187167417,57889.35,59525795.16,SBI5218275,INR
bank_001222,06-07-2026,TRANSFER FROM SBINR51596840107 RAZORPAY SOFT PVT LTD REF 153520170,165.01,20944098.40,SBI1376259,INR
bank_000914,2026-07-29,BY TRANSFER-NEFT*AXIS0001109*AXISP21306878404*RAZORPAY SOFTWARE,"4,341.56","1,40,29,676.11",AXIS3250182,INR
bank_003200,22-07-2026,TRANSFER FROM SBINR65774100042 RAZORPAY SOFT PVT LTD REF 688472668,498.64,51435260.16,SBI9598318,INR
bank_003855,29/07/2026,NEFT-HDFCN74941874281-RAZORPAY SOFTWARE PRIVATE LIMITED-841209100,"93,230.83","6,40,95,663.50",HDFC2012385,INR
bank_007306,2026-07-21,BY TRANSFER-NEFT*AXIS0006040*AXISP33384058971*RAZORPAY SOFTWARE,"18,898.62","11,18,73,453.17",AXIS9019549,INR
bank_007757,2026-07-21,RTGS-AXISP05041435159-RAZORPAY PART 1 OF 2,"1,94,279.94","11,87,24,696.87",AXIS7899199,INR
bank_001600,2026-07-17,NEFT CR RAZORPAY SOFTWARE PVT LTD,"64,412.12","2,72,61,935.27",AXIS9330735,INR
bank_001984,2026-07-06,CMS BY TRANSFER-NEFT*AXIS0006392*AXISP18141430054*RAZORPAY SOFTWARE BAL 53192290 06072026,"8,01,595.17","3,39,31,614.90",AXIS9382353,INR
bank_007496,2026-07-16,BY TRANSFER-NEFT*AXIS0002084*AXISP09727319409*RAZORPAY SOFTWARE,"3,990.55","11,37,84,299.87",AXIS4719028,INR
bank_001084,2026-07-28,BY TRANSFER-NEFT*AXIS0009136*AXISP152347,527.26,"1,78,89,031.28",AXIS2129241,INR
bank_001705,29-Jul-2026,NEFT CR RAZORPAY SOFTWARE PVT LTD 290726,7244.00,29677766.53,ICICI8962824,INR
bank_006264,17-07-2026,TRANSFER FROM SBINR78613193440 RAZORPAY SOFT PVT LTD REF 612878678,4564.00,99390261.86,SBI7203113,INR
bank_005889,06-07-2026,NEFT CR RAZORPAY SOFTWARE PVT LTD 060726,149391.87,95655834.94,SBI8697472,INR
bank_004881,14/07/2026,NEFT-HDFCN36967518616-RAZORPAY SOFTWARE PRIVATE LIMITED-524238385,"6,97,729.00","8,01,42,993.10",HDFC5211408,INR
bank_002499,09-Jul-2026,MMT/IMPS/ICICR95008064400/Settlement/RAZORPAY/857537332,667789.00,41533656.04,ICICI3885015,INR
bank_000630,28-Jul-2026,MMT/IMPS/ICICR21477146883/Settlement/RAZORPAY/629263989,3286.50,11236911.48,ICICI2221106,INR
bank_004315,28-07-2026,TRANSFER FROM SBINR00907188709 RAZORPAY SOFT PVT LTD REF 895700680,5831.48,69320986.50,SBI7766989,INR
bank_005101,2026-11-09,BY TRANSFER-NEFT*AXIS0006442*AXISP05323192672*RAZORPAY SOFTWARE,"3,145.00","8,31,59,772.16",AXIS3247865,INR
bank_000819,14-Jul-2026,RTGS CONSOLIDATED PAYOUT RAZORPAY 5 BATCHES,354513.02,13572993.55,ICICI4330195,INR
bank_004690,2026-07-10,BY TRANSFER-NEFT*AXIS0006357*AXISP68513492863*RAZORPAY SOFTWARE,"15,96,028.49","7,65,48,973.29",AXIS1489712,INR
bank_006758,27-Jul-2026,MMT/IMPS/ICICR90718652759/Settlement/RAZORPAY/595623892,30891.10,105925751.04,ICICI4061066,INR
bank_000863,14-Jul-2026,MMT/IMPS/ICICR01856651281/Settlement/RAZORPAY/673894687,34605.01,13674820.36,ICICI7520025,INR
bank_003553,06-Jul-2026,INB MMT/IMPS/ICICR04185210286/Settlement/RAZORPAY/398109290 BAL 96344423 06072026,91457.00,55386294.46,ICICI4713970,INR
bank_006875,09/07/2026,NEFT-HDFCN50074514377-RAZORPAY SOFTWARE PRIVATE LIMITED-987715205,166.59,"10,69,32,235.37",HDFC1932900,INR
bank_006869,03-07-2026,NEFT CR RAZORPAY SOFTWARE PVT LTD 030726,5193.14,106932068.78,SBI4413507,INR
bank_006582,2026-07-03,CMS BY TRANSFER-NEFT*AXIS0007842*AXISP66684731791*RAZORPAY SOFTWARE BAL 34580896 03072026,334.00,"10,38,81,643.93",AXIS7420045,INR
bank_005003,07-Jul-2026,ACH C- MMT/IMPS/ICICR34161231058/Settlement/RAZORPAY/506009109 BAL 86081831 07072026,4978.00,81605318.36,ICICI1397526,INR
bank_006098,27-Jul-2026,MMT/IMPS/ICICR33750113240/Settlement/RAZORPAY/377210316,6964.79,97378889.35,ICICI3854318,INR
bank_004375,2026-07-09,NEFT CR RAZORPAY SOFTWARE PVT LTD 090726,"59,028.68","6,96,50,753.36",AXIS3798046,INR
bank_005801,09-Nov-2026,MMT/IMPS/ICICR07565704595/Settlement/RAZORPAY/135256849,857.93,93983704.91,ICICI7267229,INR
bank_003275,2026-07-16,BY TRANSFER-NEFT*AXIS0004525*AXISP65753865087*RAZORPAY SOFTWARE,"4,055.11","5,18,14,050.68",AXIS8374865,INR
bank_003490,01-Jul-2026,INTER ACCOUNT SWEEP FROM OD ACCOUNT,319620.98,54473118.54,ICICI8020097,INR
bank_002833,07-08-2026,TRANSFER FROM SBINR12786528505 RAZORPAY SOFT PVT LTD REF 534666676,915.04,44641788.89,SBI5322204,INR
bank_005572,14/07/2026,NEFT-HDFCN40771794633-RAZORPAY SOFTWARE PRIVATE LIMITED-652604272,"1,87,809.56","9,02,31,723.19",HDFC3869495,INR
bank_000961,15-07-2026,NEFT INWARD RAZORPAY SOFTWARE PRIVATE LIMITED,929.74,15652922.41,SBI9428871,INR
bank_000583,09-07-2026,TRANSFER FROM SBINR67305256076 RAZORPAY SOFT PVT LTD REF 666675865,2684.00,11076740.59,SBI4443701,INR
bank_007268,13-07-2026,RTGS-SBINR04069765442-RAZORPAY PART 2 OF 2,131408.27,111685384.41,SBI4401337,INR
bank_006833,2026-07-24,BY TRANSFER-NEFT*AXIS0007152*AXISP95632190955*RAZORPAY SOFTWARE,"6,922.37","10,59,85,828.87",AXIS3264747,INR
bank_005304,21-07-2026,TRANSFER FROM SBINR97666945916 RAZORPAY SOFT PVT LTD REF 259482142,5572.32,85505553.76,SBI7349930,INR
bank_007291,15-Jul-2026,NEFT CR RAZORPAY SOFTWARE PVT LTD 150726,6889.00,111854390.55,ICICI7236279,INR
bank_002092,14-07-2026,TRANSFER FROM SBINR42624548544 RAZORPAY SOFT PVT LTD REF 594971879,21566.72,35626693.54,SBI2872900,INR
bank_005134,04-Aug-2026,MMT/IMPS/ICICR42023761739/Settlement/RAZORPAY/863259559,8521.56,83240418.38,ICICI1774590,INR
bank_002872,07-Jul-2026,MMT/IMPS/ICICR04612093324/Settlement/RAZORPAY/991875867,9053.37,45517538.10,ICICI5663925,INR
bank_007706,2026-07-30,INTEREST CREDIT SAVINGS ACCOUNT QUARTERLY,"4,32,619.13","11,68,73,286.62",AXIS3908246,INR
bank_002650,22/07/2026,BY TRF NEFT-HDFCN70765836290-RAZORPAY SOFTWARE PRIVATE LIMITED-553452074 BAL 22236003 22072026,"4,99,289.51","4,28,01,590.39",HDFC5806138,INR
bank_003398,07-Jul-2026,MMT/IMPS/ICICR97018776087/Settlement/RAZORPAY/389399534,176.00,53307558.47,ICICI9469565,INR
bank_000362,2026-07-14,BY TRANSFER-NEFT*AXIS0007022*AXISP27456486774*RAZORPAY SOFTWARE,674.99,"70,95,666.61",AXIS9636218,INR
bank_001813,17/07/2026,NEFT-HDFCN7211368,"3,207.61","3,13,64,807.37",HDFC5840252,INR
bank_003068,23-Jul-2026,RTGS INWARD WORKING CAPITAL DISBURSAL 382318501,60571.16,49322214.61,ICICI9321586,INR
bank_002086,2026-07-10,BY TRANSFER-NEFT*AXIS0009407*AXISP06197069620*RAZORPAY SOFTWARE,852.95,"3,56,05,126.82",AXIS7968467,INR
bank_002568,20-Jul-2026,MMT/IMPS/ICICR03400897141/Settlement/RAZORPAY/129074378,94848.00,42131846.10,ICICI4571212,INR
bank_006512,28/07/2026,NEFT-HDFCN76176389601-RAZORPAY SOFTWARE PRIVATE LIMITED-800723769,"55,613.99","10,31,62,300.74",HDFC3908370,INR
bank_000874,2026-07-21,BY TRANSFER-NEFT*AXIS0005543*AXISP30338159888*RAZORPAY SOFTWARE,"8,311.78","1,36,86,060.36",AXIS4840549,INR
bank_000115,06-07-2026,TRANSFER FROM SBINR91921,821.00,2756720.67,SBI3669215,INR
bank_001044,22-Jul-2026,MMT/IMPS/ICICR56269618109/Settlement/RAZORPAY/708415378,457707.70,17750976.81,ICICI1072328,INR
bank_007646,03-07-2026,CMS TRANSFER FROM SBINR86483749672 RAZORPAY SOFT PVT LTD REF 812428035 BAL 56826791 03072026,76238.60,115598175.78,SBI3698348,INR
bank_001925,28/07/2026,RTGS CONSOLIDATED PAYOUT RAZORPAY 3 BATCHES,"4,78,578.25","3,26,09,677.38",HDFC4453410,INR
bank_007466,2026-07-31,BY TRANSFER-NEFT*AXIS0009121*AXISP05907138545*RAZORPAY SOFTWARE,"6,048.14","11,37,03,806.42",AXIS5349491,INR
bank_005018,2026-07-17,NEFT CR RAZORPAY SOFTWARE PVT LTD 170726,"55,847.51","8,16,61,464.87",AXIS3223805,INR
bank_005157,24/07/2026,RTGS CONSOLIDATED PAYOUT RAZORPAY 3 BATCHES,"38,617.00","8,37,86,644.38",HDFC8237109,INR
bank_007640,29-Jul-2026,BY TRF MMT/IMPS/ICICR21494898731/Settlement/RAZORPAY/534760914 BAL 52625545 29072026,19413.00,115521937.18,ICICI9757373,INR
bank_002866,2026-07-03,CMS BY TRANSFER-NEFT*AXIS0006158*AXISP46031699166*RAZORPAY SOFTWARE BAL 42005859 03072026,"28,124.00","4,55,08,484.73",AXIS3445426,INR
bank_005463,31-07-2026,BY TRF TRANSFER FROM SBINR80076475701 RAZORPAY SOFT PVT LTD REF 406262652 BAL 25187347 31072026,974.00,89177821.11,SBI7763226,INR
bank_001638,20/07/2026,NEFT-HDFCN30199624973-RAZORPAY SOFTWARE PRIVATE LIMITED-684304967,"30,156.00","2,78,51,393.70",HDFC5892283,INR
bank_005373,28-Jul-2026,MMT/IMPS/ICICR66985000324/Settlement/RAZORPAY/960057893,394413.64,86708055.91,ICICI6872821,INR
bank_000301,2026-07-22,BY TRANSFER-NEFT*AXIS0008028*AXISP98921817815*RAZORPAY SOFTWARE,"8,50,541.52","65,02,432.38",AXIS3369595,INR
bank_002075,27/07/2026,NEFT-HDFCN27114474653-RAZORPAY SOFTWARE PRIVATE LIMITED-851916069,"1,64,353.37","3,55,74,063.87",HDFC5209498,INR
bank_003102,27/07/2026,NEFT-HDFCN28617761317-RAZORPAY SOFTWARE PRIVATE LIMITED-117797345,"1,88,459.48","4,98,01,478.53",HDFC7349130,INR
bank_003254,2026-07-17,BY TRANSFER-NEFT*AXIS0002776*AXISP707774,"2,82,500.00","5,18,03,689.70",AXIS8937079,INR
bank_005667,03/07/2026,NEFT-HDFCN31431405932-RAZORPAY SOFTWARE PRIVATE LIMITED-427035940,"47,116.16","9,18,98,015.16",HDFC4754948,INR
bank_006396,13-Jul-2026,MMT/IMPS/ICICR92451564693/Settlement/RAZORPAY/734733032,5438.66,100873889.82,ICICI2031733,INR
bank_005163,2026-07-06,ACH C- BY TRANSFER-NEFT*AXIS0003356*AXISP82467702928*RAZORPAY SOFTWARE BAL 19484345 06072026,654.00,"8,37,87,298.38",AXIS3291550,INR
bank_006546,07-07-2026,TRANSFER FROM SBINR26040582312 RAZORPAY SOFT PVT LTD REF 853709202,10431.00,103182665.49,SBI2604496,INR
bank_007577,15-07-2026,RTGS CONSOLIDATED PAYOUT RAZORPAY 6 BATCHES,113731.10,115077197.42,SBI6101311,INR
bank_007758,2026-07-21,RTGS-AXISP05041435159-RAZORPAY PART 2 OF 2,"1,94,279.94","11,89,18,976.81",AXIS4443719,INR
bank_006621,29-Jul-2026,MMT/IMPS/ICICR57973901429/Settlement/RAZORPAY/668754528,3733.97,104067729.21,ICICI6486722,INR
bank_006085,2026-07-30,BY TRANSFER-NEFT*AXIS0006694*AXISP36211730366*RAZORPAY SOFTWARE,838.00,"9,73,71,924.56",AXIS1842870,INR
bank_001336,27/07/2026,NEFT-HDFCN95514189930-RAZORPAY SOFTWARE PRIVATE LIMITED-985004444,"9,430.00","2,26,11,472.72",HDFC5509778,INR
bank_003976,28-Jul-2026,RTGS CONSOLIDATED PAYOUT RAZORPAY 3 BATCHES,805872.78,66531728.61,ICICI1471051,INR
bank_007415,31/07/2026,NEFT-HDFCN82815701114-RAZORPAY SOFTWARE PRIVATE LIMITED-378712637,322.18,"11,30,01,850.43",HDFC7143771,INR
bank_001722,14/07/2026,NEFT-HDFCN10506152729-RAZORPAY SOFTWARE PRIVATE LIMITED-158433051,"8,207.77","2,96,91,815.12",HDFC9764377,INR
bank_003595,04/08/2026,CMS NEFT-HDFCN17237889682-RAZORPAY SOFTWARE PRIVATE LIMITED-300588564 BAL 89119713 04082026,"9,06,826.46","5,81,46,645.87",HDFC5662900,INR
bank_004050,14-Jul-2026,MMT/IMPS/ICICR66904374266/Settlement/RAZORPAY/574908639,32698.18,67128596.80,ICICI2293639,INR
bank_006924,2026-07-28,BY TRANSFER-NEFT*AXIS0003912*AXISP88325458955*RAZORPAY SOFTWARE,"5,98,891.00","10,83,65,397.72",AXIS8870220,INR
bank_007682,27/07/2026,NEFT-HDFCN68214126055-RAZORPAY SOFTWARE PRIVATE LIMITED-344625164,"3,379.00","11,61,00,335.82",HDFC8618952,INR
bank_002196,14-Jul-2026,MMT/IMPS/ICICR96980971688/Settlement/RAZORPAY/168961658,769.40,36951901.63,ICICI9745998,INR
bank_001406,2026-07-14,NEFT CR RAZORPAY SOFTWARE PVT LTD 140726,798.00,"2,40,45,581.52",AXIS2625089,INR
bank_003122,2026-07-27,BY TRANSFER-NEFT*AXIS0005438*AXISP38239143741*RAZORPAY SOFTWARE,"6,775.00","5,00,36,617.70",AXIS6965756,INR
bank_002428,06-Jul-2026,MMT/IMPS/ICICR97850902763/Settlement/RAZORPAY/784620724,1666.34,40643964.22,ICICI4612033,INR
bank_005676,2026-07-15,BY TRANSFER-NEFT*AXIS0008076*AXISP83637517968*RAZORPAY SOFTWARE,"4,821.68","9,19,02,836.84",AXIS3340858,INR
bank_004410,09/07/2026,NEFT-HDFCN63404932604-RAZORPAY SOFTWARE PRIVATE LIMITED-704086633,899.26,"6,96,63,301.01",HDFC9868616,INR
bank_006211,2026-07-08,BY TRANSFER-NEFT*AXIS0008966*AXISP46571450794*RAZORPAY SOFTWARE,"2,102.15","9,88,08,369.04",AXIS6287930,INR
bank_006177,09-11-2026,TRANSFER FROM SBINR85634073353 RAZORPAY SOFT PVT LTD REF 921845746,8083.23,98798215.37,SBI4933991,INR
bank_003589,28-07-2026,TRANSFER FROM SBINR75651709275 RAZORPAY SOFT PVT LTD REF 417319298,7670.00,57239819.41,SBI8891515,INR
bank_000565,07-07-2026,NEFT CR RAZORPAY SOFTWARE PVT LTD 070726,83549.37,11044765.92,SBI9045512,INR
bank_005558,03-Aug-2026,MMT/IMPS/ICICR46619166999/Settlement/RAZORPAY/385748342,530237.93,90043400.06,ICICI6139327,INR
bank_007188,2026-07-31,NEFT INWARD RVSL4914931505 RAZORPAY SOFTWARE,"86,593.81","11,02,56,259.82",AXIS1088264,INR
bank_007844,07-Jul-2026,MMT/IMPS/ICICR73526129329/Settlement/RAZORPAY/229214431,34722.00,119662763.03,ICICI6524040,INR
bank_002258,03-07-2026,NEFT INWARD RVSL7792413768 RAZORPAY SOFTWARE,199246.68,38571770.55,SBI5719520,INR
bank_004875,15-07-2026,RTGS CONSOLIDATED PAYOUT RAZORPAY 3 BATCHES,77956.05,79445264.10,SBI2491597,INR
bank_000006,2026-11-09,BY TRANSFER-NEFT*AXIS0008058*AXISP74659198193*RAZORPAY SOFTWARE,"8,513.00","4,58,513.00",AXIS7270799,INR
bank_002032,06/07/2026,CMS NEFT-HDFCN69908134561-RAZORPAY SOFTWARE PRIVATE LIMITED-187009117 BAL 20177272 06072026,"6,75,655.00","3,52,35,353.06",HDFC1837086,INR
bank_004668,2026-08-04,BY TRANSFER-NEFT*AXIS0002595*AXISP07132448097*RAZORPAY SOFTWARE,"5,021.94","7,49,17,735.38",AXIS5047558,INR
bank_005325,29-Jul-2026,INB MMT/IMPS/ICICR32684440005/Settlement/RAZORPAY/513043932 BAL 94695319 29072026,3972.93,85521024.78,ICICI9401811,INR
bank_005700,27-07-2026,TRANSFER FROM SBINR08928682241 RAZORPAY SOFT PVT LTD REF 789763720,166736.90,92130490.46,SBI5155526,INR
bank_005505,10-Jul-2026,NEFT CR RAZORPAY SOFTWARE PVT LTD 100726,6082.00,89269372.76,ICICI2320989,INR
bank_003762,09/11/2026,NEFT-HDFCN73121192603-RAZORPAY SOFTWARE PRIVATE LIMITED-823854138,"92,122.25","6,14,90,622.16",HDFC3840452,INR
bank_000026,01-Jul-2026,INTEREST CREDIT SAVINGS ACCOUNT QUARTERLY,101058.04,616234.31,ICICI2246381,INR
bank_005862,30-Jul-2026,MMT/IMPS/ICICR17258170975/Settlement/RAZORPAY/279742943,1713.58,95382109.26,ICICI9810357,INR
bank_004196,28/07/2026,NEFT-HDFCN19986794497-RAZORPAY SOFTWARE PRIVATE LIMITED-777290298,"74,896.80","6,85,49,238.05",HDFC5925730,INR
bank_000280,2026-07-22,BY TRANSFER-NEFT*AXIS0007913*AXISP26434345891*RAZORPAY SOFTWARE,"5,602.00","56,44,201.12",AXIS9222887,INR
bank_003446,2026-07-14,BY TRANSFER-NEFT*AXIS0001091*AXISP93474640982*RAZORPAY SOFTWARE,"74,382.51","5,39,67,642.64",AXIS3303729,INR
bank_003124,30-07-2026,NEFT INWARD RVSL1773015261 RAZORPAY SOFTWARE,196306.54,50232924.24,SBI8630706,INR
bank_002548,06-Jul-2026,MMT/IMPS/ICICR55346513243/Settlement/RAZORPAY/555400751,58837.88,41938806.62,ICICI9608092,INR
bank_000499,03-08-2026,TRANSFER FROM SBINR69671448744 RAZORPAY SOFT PVT LTD REF 240101426,744.00,9730865.04,SBI6305868,INR
bank_001792,29-07-2026,TRANSFER FROM SBINR84719227830 RAZORPAY SOFT PVT LTD REF 560654362,1977.00,31267990.63,SBI3645197,INR
bank_006651,14-07-2026,TRANSFER FROM SBINR58946123166 RAZORPAY SOFT PVT LTD REF 813697269,529338.00,104605059.08,SBI4137356,INR
bank_003340,2026-07-23,BY TRANSFER-NEFT*AXIS0009824*AXISP09016768934*RAZORPAY SOFTWARE,"97,446.15","5,31,39,374.48",AXIS9925726,INR
bank_003861,03/08/2026,NEFT-HDFCN14439000377-RAZORPAY SOFTWARE PRIVATE LIMITED-384677618,"3,483.11","6,40,99,146.61",HDFC3444193,INR
bank_005895,2026-07-06,BY TRANSFER-NEFT*AXIS0005753*AXISP26602249855*RAZORPAY SOFTWARE,973.40,"9,56,56,808.34",AXIS2801254,INR
bank_004348,15-07-2026,TRANSFER FROM SBINR73206448489 RAZORPAY SOFT PVT LTD REF 152108976,68192.39,69460001.66,SBI9492000,INR
bank_001659,28-Jul-2026,MMT/IMPS/ICICR8455,975162.00,28827897.04,ICICI8201805,INR
bank_002562,15/07/2026,NEFT-HDFCN11339300574-RAZORPAY SOFTWARE PRIVATE LIMITED-228602727,"97,628.12","4,20,36,998.10",HDFC7352641,INR
bank_002041,2026-07-07,NEFT CR RAZORPAY SOFTWARE PVT LTD 070726,"8,073.39","3,52,43,426.45",AXIS5650338,INR
bank_005727,28/07/2026,NEFT-HDFCN49173,"9,78,670.00","9,34,34,378.25",HDFC6176393,INR
bank_001541,23/07/2026,BY TRF NEFT-HDFCN62988082623-RAZORPAY SOFTWARE PRIVATE LIMITED-920514157 BAL 67357494 23072026,"6,360.00","2,70,97,329.06",HDFC5525111,INR
bank_003440,07/07/2026,NEFT-HDFCN3951,375.91,"5,38,93,260.13",HDFC1232626,INR
bank_000141,14/07/2026,NEFT-HDFCN05189577172-RAZORPAY SOFTWARE PRIVATE LIMITED-166349850,"73,866.00","28,40,269.45",HDFC6147985,INR
bank_001256,28-07-2026,TRANSFER FROM SBINR66297871604 RAZORPAY SOFT PVT LTD REF 485207719,432910.07,21386167.76,SBI4487097,INR
bank_001102,21-07-2026,TRANSFER FROM SBINR88508544622 RAZORPAY SOFT PVT LTD REF 672610400,814090.56,18739664.74,SBI9090314,INR
bank_005044,2026-07-15,RTGS CONSOLIDATED PAYOUT RAZORPAY 3 BATCHES,"2,16,590.45","8,20,32,610.08",AXIS7749596,INR
bank_004949,2026-07-07,INB BY TRANSFER-NEFT*AXIS0001557*AXISP43246221271*RAZORPAY SOFTWARE BAL 82553503 07072026,"7,645.98","8,10,58,758.54",AXIS1928218,INR
bank_004446,21/07/2026,CMS NEFT-HDFCN24201185536-RAZORPAY SOFTWARE PRIVATE LIMITED-226351464 BAL 74515883 21072026,"61,013.08","7,05,94,034.67",HDFC9406723,INR
bank_000791,10/07/2026,NEFT-HDFCN91127408526-RAZORPAY SOFTWARE PRIVATE LIMITED-185550674,"6,303.64","1,32,18,480.53",HDFC8022801,INR
bank_000085,03-Aug-2026,RTGS CONSOLIDATED PAYOUT RAZORPAY 6 BATCHES,983253.14,2070717.79,ICICI8800382,INR
bank_006253,2026-07-08,NEFT-AARAVTRADERS-DIRECT PAYMENT,"1,67,969.98","9,93,81,101.54",AXIS3486004,INR
bank_002149,2026-07-23,BY TRANSFER-NEFT*AXIS0009862*AXISP64357517317*RAZORPAY SOFTWARE,"96,977.54","3,68,89,001.81",AXIS3955795,INR
bank_004065,2026-07-13,RTGS-AXISP41281455460-RAZORPAY PART 1 OF 2,"1,66,548.92","6,72,95,681.76",AXIS4110697,INR
bank_006884,2026-07-24,BY TRANSFER-NEFT*AXIS0001787*AXISP98122169710*RAZORPAY SOFTWARE,"25,449.42","10,69,57,684.79",AXIS7008854,INR
bank_002595,13-07-2026,NEFT CR RAZORPAY SOFTWARE PVT LTD 130726,13997.00,42205579.31,SBI5430504,INR
bank_002081,10-07-2026,TRANSFER FROM SBINR73651974222 RAZORPAY SOFT PVT LTD REF 598216577,30210.00,35604273.87,SBI2842436,INR
bank_003165,08-07-2026,RTGS-SBINR06153794339-RAZORPAY PART 1 OF 2,153512.93,50275334.14,SBI8652605,INR
bank_000953,21-Jul-2026,MMT/IMPS/ICICR26197843600/Settlement/RAZORPAY/423934408,646948.79,15651992.67,ICICI1351903,INR
bank_004125,03-Jul-2026,MMT/IMPS/ICICR29049690966/Settlement/RAZORPAY/703972027,3210.00,67996173.59,ICICI1518236,INR
bank_006988,21-07-2026,TRANSFER FROM SBINR64959299346 RAZORPAY SOFT PVT LTD REF 788902850,313794.55,108793011.55,SBI1075584,INR
bank_004742,28-Jul-2026,NEFT-CHETANLOGISTICS-DIRECT PAYMENT,280263.73,78131949.31,ICICI6977308,INR
bank_001508,03-Aug-2026,RTGS-ICICR21925677060-RAZORPAY PART 1 OF 2,114976.16,25471754.59,ICICI8976657,INR
bank_001612,09-Jul-2026,MMT/IMPS/ICICR92581376472/Settlement/RAZORPAY/874137022,540292.92,27802228.19,ICICI7957377,INR
bank_003890,2026-07-28,BY TRANSFER-NEFT*AXIS0009959*AXISP53394921123*RAZORPAY SOFTWARE,"5,550.39","6,44,90,042.47",AXIS2232559,INR
bank_000779,17/07/2026,RTGS-HDFCN24533003862-RAZORPAY PART 2 OF 2,"1,24,990.83","1,31,20,607.89",HDFC9133468,INR
bank_000933,20-07-2026,TRANSFER FROM SBINR81405808965 RAZORPAY SOFT PVT LTD REF 441371213,199085.84,14314134.95,SBI3447420,INR
bank_005765,2026-07-17,RTGS-AXISP98700101206-RAZORPAY PART 2 OF 2,"69,079.01","9,38,32,131.63",AXIS3753884,INR
bank_003519,24-07-2026,RTGS CONSOLIDATED PAYOUT RAZORPAY 4 BATCHES,68283.00,54541401.54,SBI1002560,INR
bank_007189,2026-07-31,NEFT RETURN RVSL4914931505 BENEFICIARY ACCOUNT CLOSED,"-86,593.81","11,01,69,666.01",AXIS1739814,INR
bank_000769,03-Jul-2026,MMT/IMPS/ICICR93046350692/Settlement/RAZORPAY/148158111,5020.11,12870626.23,ICICI5143567,INR
bank_003892,09-Jul-2026,NEFT-NEHAORGANICS-DIRECT PAYMENT,119995.43,64610037.90,ICICI7160453,INR
bank_003638,2026-07-28,BY TRANSFER-NEFT*AXIS0005471*AXISP69659815273*RAZORPAY SOFTWARE,927.40,"5,82,86,543.23",AXIS1325747,INR
bank_005910,2026-07-08,BY TRANSFER-NEFT*AXIS0004990*AXISP83522327600*RAZORPAY SOFTWARE,"5,312.98","9,56,77,280.32",AXIS4694569,INR
bank_006076,27-Jul-2026,MMT/IMPS/ICICR46852758236/Settlement/RAZORPAY/768939635,3217.17,97371086.56,ICICI9706599,INR
bank_001012,13-07-2026,BY TRF TRANSFER FROM SBINR83384585541 RAZORPAY SOFT PVT LTD REF 932550487 BAL 95928993 13072026,9294.00,17280152.01,SBI9989994,INR
bank_000426,21/07/2026,RTGS CONSOLIDATED PAYOUT RAZORPAY 5 BATCHES,"6,21,615.43","86,45,430.39",HDFC8918398,INR
bank_006384,2026-07-13,BY TRANSFER-NEFT*AXIS0005413*AXISP20499049370*RAZORPAY SOFTWARE,"10,298.84","10,08,65,124.16",AXIS4177907,INR
bank_003089,2026-07-14,NEFT INWARD RAZORPAY SOFTWARE PRIVATE LIMITED,"20,287.64","4,96,13,019.05",AXIS3317602,INR
bank_007198,2026-08-04,BY TRANSFER-NEFT*AXIS0002498*AXISP64201899554*RAZORPAY SOFTWARE,"3,662.74","11,01,73,328.75",AXIS3134638,INR
bank_003756,07/07/2026,RTGS CONSOLIDATED PAYOUT RAZORPAY 3 BATCHES,"1,03,427.37","6,13,98,499.91",HDFC3525686,INR
bank_000292,2026-08-04,BY TRANSFER-NEFT*AXIS0006460*AXISP7917307,"7,689.74","56,51,890.86",AXIS3500874,INR
bank_006012,21-Jul-2026,NEFT CR RAZORPAY SOFTWARE PVT LTD 210726,2556.00,96153423.36,ICICI6164946,INR
bank_000377,30-07-2026,TRANSFER FROM SBINR91044725609 RAZORPAY SOFT PVT LTD REF 992548755,778.31,7210400.58,SBI6139176,INR
bank_006245,21/07/2026,NEFT-HDFCN00449486622-RAZORPAY SOFTWARE PRIVATE LIMITED-867253107,"3,82,735.56","9,92,06,717.66",HDFC6949626,INR
bank_004629,2026-07-28,BY TRANSFER-NEFT*AXIS0003030*AXISP40263740001*RAZORPAY SOFTWARE,"14,455.94","7,45,72,107.94",AXIS4514993,INR
bank_001035,2026-07-02,NEFT CR RAZORPAY SOFTWARE PVT LTD,N/A,"1,72,93,269.11",AXIS5351857,INR
bank_006793,03-08-2026,TRANSFER FROM SBINR82540398439 RAZORPAY SOFT PVT LTD REF 995564730,1128.64,105968313.94,SBI6330017,INR
bank_006121,22-Jul-2026,NEFT INWARD RVSL5862926119 RAZORPAY SOFTWARE,117791.94,98362378.57,ICICI4831261,INR
bank_007366,03-Aug-2026,RTGS-ICICR09210908927-RAZORPAY PART 1 OF 2,132959.94,112685598.03,ICICI7130868,INR
bank_001204,2026-07-07,BY TRANSFER-NEFT*AXIS0004808*AXISP14650032137*RAZORPAY SOFTWARE,"32,692.87","2,09,34,953.31",AXIS1364584,INR
bank_002113,03-07-2026,TRANSFER FROM SBINR63674002152 RAZORPAY SOFT PVT LTD REF 922399439,5999.60,35698120.23,SBI6842561,INR
bank_001938,03-07-2026,TRANSFER FROM SBINR53895383035 RAZORPAY SOFT PVT LTD REF 287819432,240248.62,32849926.00,SBI1057043,INR
bank_007235,22/07/2026,NEFT-HDFCN76948861875-RAZORPAY SOFTWARE PRIVATE LIMITED-389303232,"7,70,157.04","11,10,05,857.95",HDFC5258391,INR
bank_003823,2026-07-09,BY TRANSFER-NEFT*AXIS0005247*AXISP12969203417*RAZORPAY SOFTWARE,"11,77,020.00","6,39,79,932.98",AXIS9803649,INR
bank_006976,2026-07-08,BY TRANSFER-NEFT*AXIS0009975*AXISP71068588341*RAZORPAY SOFTWARE,"2,124.00","10,84,79,217.00",AXIS4137801,INR
bank_006045,08-07-2026,TRANSFER FROM SBINR39474573551 RAZORPAY SOFT PVT LTD REF 396594094,895772.20,97159540.27,SBI6971232,INR
bank_005777,07-07-2026,TRANSFER FROM SBINR33860591918 RAZORPAY SOFT PVT LTD REF 642815829,64188.80,93896320.43,SBI3600818,INR
bank_003108,2026-07-30,NEFT INWARD RAZORPAY SOFTWARE PRIVATE LIMITED,"88,641.50","4,98,90,120.03",AXIS5424572,INR
bank_006893,24/07/2026,RTGS-HDFCN06301405914-RAZORPAY PART 1 OF 2,"1,58,088.03","10,71,15,772.82",HDFC9470738,INR
bank_005107,15/07/2026,NEFT-HDFCN34883914783-RAZORPAY SOFTWARE PRIVATE LIMITED-108454872,398.37,"8,31,60,170.53",HDFC4692152,INR
bank_004850,2026-07-07,BY TRANSFER-NEFT*AXIS0002421*AXISP5420834,"6,66,864.09","7,91,21,363.86",AXIS7771289,INR
bank_003083,2026-07-09,RTGS-AXISP53799653920-RAZORPAY PART 2 OF 2,"1,32,541.40","4,95,92,731.41",AXIS4199613,INR
bank_007216,2026-07-29,BY TRANSFER-NEFT*AXIS0007297*AXISP93726855552*RAZORPAY SOFTWARE,"1,483.90","11,02,26,075.91",AXIS2245810,INR
bank_007448,16/07/2026,NEFT-HDFCN51332176410-RAZORPAY SOFTWARE PRIVATE LIMITED-592884646,589.38,"11,36,93,357.65",HDFC4461185,INR
bank_005764,2026-07-17,RTGS-AXISP98700101206-RAZORPAY PART 1 OF 2,"69,079.00","9,37,63,052.62",AXIS3783681,INR
bank_003997,22-07-2026,CMS TRANSFER FROM SBINR19787581635 RAZORPAY SOFT PVT LTD REF 798698888 BAL 68041529 22072026,520904.70,67056290.31,SBI4960748,INR
bank_002704,2026-08-03,BY TRANSFER-NEFT*AXIS0001304*AXISP43802205517*RAZORPAY SOFTWARE,161.59,"4,29,48,303.08",AXIS3887150,INR
bank_001693,16-Jul-2026,NEFT CR RAZORPAY SOFTWARE PVT LTD,62854.99,29670522.53,ICICI1030190,INR
bank_004486,14-Jul-2026,RTGS CONSOLIDATED PAYOUT RAZORPAY 4 BATCHES,726129.23,71689673.67,ICICI8595669,INR
bank_007676,2026-07-03,BY TRANSFER-NEFT*AXIS0001187*AXISP35460033103*RAZORPAY SOFTWARE,882.81,"11,60,96,956.82",AXIS7731573,INR
bank_004561,2026-07-15,CMS BY TRANSFER-NEFT*AXIS0001073*AXISP19891625700*RAZORPAY SOFTWARE BAL 44606217 15072026,"95,892.00","7,27,69,191.41",AXIS9586957,INR
bank_002395,10-Jul-2026,NEFT CR RAZORPAY SOFTWARE PVT LTD 100726,7035.94,40564096.04,ICICI7373367,INR
bank_001323,13-Jul-2026,RTGS-ICICR04935985343-RAZORPAY PART 2 OF 2,136564.78,22602042.72,ICICI3623440,INR
bank_005387,22/07/2026,NEFT-HDFCN36749847661-RAZORPAY SOFTWARE PRIVATE LIMITED-360885618,"5,07,544.44","8,72,16,526.26",HDFC1124893,INR
bank_002481,30-07-2026,TRANSFER FROM SBINR95211896560 RAZORPAY SOFT PVT LTD REF 599780810,80687.20,40798291.84,SBI5331958,INR
bank_005566,06-07-2026,TRANSFER FROM SBINR0248603,513.57,90043913.63,SBI7849821,INR
bank_005337,04-08-2026,TRANSFER FROM SBINR66977676803 RAZORPAY SOFT PVT LTD REF 618485455,59470.00,85584386.78,SBI4562289,INR
bank_007484,16/07/2026,NEFT-HDFCN19502369671-RAZORPAY SOFTWARE PRIVATE LIMITED-240120578,"41,593.01","11,37,72,271.60",HDFC5058779,INR
bank_007309,28/07/2026,NEFT RETURN RVSL1745592044 BENEFICIARY ACCOUNT CLOSED,"-84,117.75","11,18,73,453.17",HDFC6329711,INR
bank_003521,2026-07-27,RTGS INWARD WORKING CAPITAL DISBURSAL 879904934,"1,38,921.04","5,46,80,322.58",AXIS5554663,INR
bank_005880,30/07/2026,NEFT-HDFCN2021613,"5,336.11","9,55,06,443.07",HDFC8507395,INR
bank_007121,28-07-2026,TRANSFER FROM SBINR86250658070 RAZORPAY SOFT PVT LTD REF 681012220,65111.30,109957642.24,SBI9936961,INR
bank_000880,2026-07-24,BY TRANSFER-NEFT*AXIS0008890*AXISP43359974645*RAZORPAY SOFTWARE,"1,221.00","1,36,87,281.36",AXIS1505678,INR
bank_000547,24-07-2026,BY TRF TRANSFER FROM SBINR37796478151 RAZORPAY SOFT PVT LTD REF 242540421 BAL 13214971 24072026,58517.00,10959646.55,SBI3860694,INR
bank_007038,28-07-2026,TRANSFER FROM SBINR15627,66206.21,108976389.63,SBI3381820,INR
bank_004279,17/07/2026,RTGS CONSOLIDATED PAYOUT RAZORPAY 3 BATCHES,"4,04,749.01","6,92,52,719.30",HDFC8285862,INR
bank_007403,04-Aug-2026,MMT/IMPS/ICICR52814897303/Settlement/RAZORPAY/300241514,32461.80,113001424.75,ICICI8848106,INR
bank_005596,27-07-2026,NEFT CR RAZORPAY SOFTWARE PVT LTD 270726,905446.96,91190193.48,SBI9130401,INR
bank_005718,06-Jul-2026,MMT/IMPS/ICICR47708055775/Settlement/RAZORPAY/161430910,323548.07,92455708.25,ICICI8628907,INR
bank_002887,24/07/2026,NEFT CR RAZORPAY SOFTWARE PVT LTD 240726,"4,76,294.75","4,59,95,198.01",HDFC1314838,INR
bank_005449,28/07/2026,NEFT-HDFCN93569758815-RAZORPAY SOFTWARE PRIVATE LIMITED-927509953,"1,82,749.18","8,88,19,300.37",HDFC8237292,INR
bank_002713,24-07-2026,TRANSFER FROM SBINR51392605649 RAZORPAY SOFT PVT LTD REF 470859937,55573.74,43003876.82,SBI2123648,INR
bank_006525,10-Jul-2026,MMT/IMPS/ICICR27631933988/Settlement/RAZORPAY/394072320,4622.00,103166922.74,ICICI9510300,INR
bank_000386,2026-07-06,BY TRF BY TRANSFER-NEFT*AXIS0004473*AXISP53091450100*RAZORPAY SOFTWARE BAL 76912425 06072026,"8,11,103.17","80,21,503.75",AXIS4593038,INR
bank_005425,06/07/2026,RTGS-HDFCN78203379780-RAZORPAY PART 2 OF 2,"1,02,776.38","8,86,16,011.94",HDFC3128550,INR
bank_002216,08-07-2026,TRANSFER FROM SBINR05133672687 RAZORPAY SOFT PVT LTD REF 181877089,5282.00,37670134.65,SBI8820275,INR
bank_006851,2026-07-27,BY TRANSFER-NEFT*AXIS0004224*AXISP64430953453*RAZORPAY SOFTWARE,930.00,"10,59,95,994.76",AXIS2480538,INR
bank_002766,07-07-2026,TRANSFER FROM SBINR27132824797 RAZORPAY SOFT PVT LTD REF 861321537,75623.02,43711771.64,SBI8726522,INR
bank_000353,15-Jul-2026,BY TRF MMT/IMPS/ICICR10908263161/Settlement/RAZORPAY/676153892 BAL 97506996 15072026,59810.30,7094991.62,ICICI4799037,INR
bank_003117,15-Jul-2026,MMT/IMPS/ICICR40314768172/Settlement/RAZORPAY/109550143,139722.67,50029842.70,ICICI1399003,INR
bank_005928,2026-07-14,BY TRANSFER-NEFT*AXIS0004838*AXISP66111125342*RAZORPAY SOFTWARE,"1,81,702.85","9,58,66,719.67",AXIS9572383,INR
bank_006500,03-08-2026,RTGS CONSOLIDATED PAYOUT RAZORPAY 4 BATCHES,168159.77,103106686.75,SBI4780602,INR
bank_000713,15/07/2026,NEFT-HDFCN60761115240-RAZORPAY SOFTWARE PRIVATE LIMITED-398318434,99.07,"1,14,45,735.74",HDFC9282579,INR
bank_007850,2026-07-14,BY TRANSFER-NEFT*AXIS0006004*AXISP81091432220*RAZORPAY SOFTWARE,"4,171.00","11,96,66,934.03",AXIS2285871,INR
bank_004647,10/07/2026,INB NEFT-HDFCN92535906224-RAZORPAY SOFTWARE PRIVATE LIMITED-198186590 BAL 58044434 10072026,"3,19,428.00","7,49,03,967.90",HDFC9940578,INR
bank_003248,03-08-2026,TRANSFER FROM SBINR43686699953 RAZORPAY SOFT PVT LTD REF 203223108,22060.00,51521189.70,SBI9059740,INR
bank_002881,06/07/2026,NEFT-HDFCN12739973079-RAZORPAY SOFTWARE PRIVATE LIMITED-655442823,"1,365.16","4,55,18,903.26",HDFC2114933,INR
bank_000577,03/08/2026,BY TRF NEFT-HDFCN47036246827-RAZORPAY SOFTWARE PRIVATE LIMITED-934599117 BAL 94115359 03082026,"29,290.67","1,10,74,056.59",HDFC2521447,INR
bank_001216,10-07-2026,NEFT CR RAZORPAY SOFTWARE PVT LTD 100726,289.37,20943933.39,SBI4132828,INR
bank_006798,2026-07-24,BY TRANSFER-NEFT*AXIS0003493*AXISP44261145553*RAZORPAY SOFTWARE,607.00,"10,59,68,920.94",AXIS2792129,INR
bank_003988,03/08/2026,NEFT-HDFCN83836817041-RAZORPAY SOFTWARE PRIVATE LIMITED-417667323,"3,354.00","6,65,35,385.61",HDFC8364031,INR
bank_007509,14-Jul-2026,MMT/IMPS/ICICR29469621350/Settlement/RAZORPAY/382979496,54218.18,113838518.05,ICICI9466954,INR
bank_007518,06-Jul-2026,MMT/IMPS/ICICR30013459011/Settlement/RAZORPAY/915937107,788036.17,114626554.22,ICICI6520200,INR
bank_006603,08/07/2026,NEFT-HDFCN03333,213.11,"10,39,13,412.28",HDFC1277515,INR
bank_002509,31-Jul-2026,RTGS-ICICR01958470496-RAZORPAY PART 2 OF 2,117975.17,41769606.38,ICICI2114860,INR
bank_002785,16-07-2026,TRANSFER FROM SBINR40998253034 RAZORPAY SOFT PVT LTD REF 115422167,703687.57,44420656.90,SBI6153483,INR
bank_006320,13-Jul-2026,MMT/IMPS/ICICR11860011744/Settlement/RAZORPAY/567639098,750.00,99690493.86,ICICI9387340,INR
bank_005961,06-Jul-2026,MMT/IMPS/ICICR50332808193/Settlement/RAZORPAY/783167623,55369.70,95928674.39,ICICI7292053,INR
bank_006251,21-Jul-2026,MMT/IMPS/ICICR45149332813/Settlement/RAZORPAY/384672480,6413.90,99213131.56,ICICI8593831,INR
bank_003944,04-Aug-2026,BY TRF MMT/IMPS/ICICR23243694265/Settlement/RAZORPAY/628491314 BAL 56176840 04082026,2984.49,65644648.38,ICICI2081173,INR
bank_002493,16-Jul-2026,MMT/IMPS/ICICR88155141734/Settlement/RAZORPAY/245797903,67575.20,40865867.04,ICICI7344054,INR
bank_001364,09-Jul-2026,NEFT CR RAZORPAY SOFTWARE PVT LTD 090726,32522.90,23437435.02,ICICI5944086,INR
bank_002745,07-Jul-2026,MMT/IMPS/ICICR05259704724/Settlement/RAZORPAY/344317052,560.34,43568459.61,ICICI1801418,INR
bank_004498,2026-11-09,BY TRANSFER-NEFT*AXIS0004632*AXISP72032872627*RAZORPAY SOFTWARE,276.65,"7,16,97,997.01",AXIS3740747,INR
bank_001629,2026-07-30,NEFT RETURN RVSL8414576811 BENEFICIARY ACCOUNT CLOSED,"-1,03,907.81","2,78,21,237.70",AXIS9963645,INR
bank_004940,2026-07-09,RTGS-AXISP32319824357-RAZORPAY PART 2 OF 2,"1,68,454.49","8,10,51,112.56",AXIS1016512,INR
bank_003031,04/08/2026,NEFT CR RAZORPAY SOFTWARE PVT LTD 040826,458.91,"4,92,48,269.09",HDFC2376092,INR
bank_004217,03-07-2026,BY TRF TRANSFER FROM SBINR63437651725 RAZORPAY SOFT PVT LTD REF 187043225 BAL 73421425 03072026,3521.24,68678717.09,SBI6285308,INR
bank_007490,14-07-2026,CMS TRANSFER FROM SBINR89619946447 RAZORPAY SOFT PVT LTD REF 546010299 BAL 63177949 14072026,8037.72,113780309.32,SBI8600234,INR
bank_006398,17/07/2026,RTGS INWARD WORKING CAPITAL DISBURSAL 366169749,"2,62,161.76","10,11,36,051.58",HDFC4385709,INR
bank_002860,29-Jul-2026,MMT/IMPS/ICICR58834732760/Settlement/RAZORPAY/966216388,878.75,45480360.73,ICICI8822132,INR
bank_002677,2026-07-21,BY TRANSFER-NEFT*AXIS0005264*AXISP34185254646*RAZORPAY SOFTWARE,368.54,"4,28,93,027.63",AXIS1890063,INR
bank_001899,10/07/2026,CMS NEFT-HDFCN42053461439-RAZORPAY SOFTWARE PRIVATE LIMITED-441041383 BAL 41469788 10072026,"9,623.00","3,21,25,218.00",HDFC9247209,INR
bank_007282,21-Jul-2026,NEFT-DIVYAFOODS-DIRECT PAYMENT,89371.09,111847501.55,ICICI6427441,INR
bank_004360,31-07-2026,NEFT CR RAZORPAY SOFTWARE PVT LTD 310726,27363.00,69582900.68,SBI1769496,INR
bank_006358,08-Jul-2026,MMT/IMPS/ICICR74235750869/Settlement/RAZORPAY/150814349,45743.61,99818028.51,ICICI9555689,INR
bank_002950,14-Jul-2026,MMT/IMPS/ICICR7300767,78490.00,48128466.58,ICICI2363744,INR
bank_006314,13-07-2026,TRANSFER FROM SBINR63374149439 RAZORPAY SOFT PVT LTD REF 927663712,10426.85,99689743.86,SBI8907252,INR
bank_004699,27-07-2026,CMS TRANSFER FROM SBINR50540024830 RAZORPAY SOFT PVT LTD REF 863221212 BAL 36682622 27072026,13968.00,76562941.29,SBI8752151,INR
bank_005552,2026-07-14,BY TRANSFER-NEFT*AXIS0007252*AXISP56005570750*RAZORPAY SOFTWARE,799.00,"8,95,13,162.13",AXIS7344390,INR
bank_005119,15-07-2026,TRANSFER FROM SBINR56971255294 RAZORPAY SOFT PVT LTD REF 722259374,66727.29,83226897.82,SBI5959217,INR
bank_002286,2026-07-13,BY TRANSFER-NEFT*AXIS0005749*AXISP36724845992*RAZORPAY SOFTWARE,"1,615.43","3,90,11,103.69",AXIS2455613,INR
bank_003795,2026-07-13,BY TRANSFER-NEFT*AXIS0009266*AXISP78092956684*RAZORPAY SOFTWARE,"3,24,497.37","6,27,26,721.30",AXIS5680471,INR
bank_007664,30-07-2026,NEFT INWARD RAZORPAY SOFTWARE PRIVATE LIMITED,2804.22,116095888.01,SBI5484086,INR
bank_001478,06-Jul-2026,MMT/IMPS/ICICR15773474095/Settlement/RAZORPAY/481231675,95051.94,25250396.24,ICICI3537249,INR
bank_007658,16-Jul-2026,MMT/IMPS/ICICR28907058476/Settlement/RAZORPAY/406992825,493339.00,116093083.79,ICICI5964585,INR
bank_003840,21/07/2026,NEFT-HDFCN14900252962-RAZORPAY SOFTWARE PRIVATE LIMITED-432480158,"15,553.01","6,39,95,485.99",HDFC7901953,INR
bank_003434,2026-07-14,NEFT INWARD RAZORPAY SOFTWARE PRIVATE LIMITED,"89,101.38","5,38,92,884.22",AXIS1257485,INR
bank_004961,30-07-2026,TRANSFER FROM SBINR48018981082 RAZORPAY SOFT PVT LTD REF 675330882,897.00,81060394.54,SBI2201746,INR
bank_000505,2026-07-16,INB BY TRANSFER-NEFT*AXIS0001679*AXISP63228908425*RAZORPAY SOFTWARE BAL 90097525 16072026,876.81,"97,31,741.85",AXIS2543793,INR
bank_003059,2026-07-28,RTGS CONSOLIDATED PAYOUT RAZORPAY 5 BATCHES,"12,496.36","4,92,60,765.45",AXIS2701680,INR
bank_006194,16-Jul-2026,MMT/IMPS/ICICR19191438666/Settlement/RAZORPAY/126074117,8051.52,98806266.89,ICICI1212244,INR
bank_006302,15/07/2026,NEFT-HDFCN01777400716-RAZORPAY SOFTWARE PRIVATE LIMITED-125411483,"3,539.00","9,96,79,317.01",HDFC3116117,INR
bank_002439,28-Jul-2026,MMT/IMPS/ICICR08599009232/Settlement/RAZORPAY/639756473,333.93,40644298.15,ICICI4632202,INR
bank_005056,14-07-2026,NEFT INWARD RAZORPAY SOFTWARE PRIVATE LIMITED,924.65,82789665.83,SBI5621015,INR
bank_006994,17-Jul-2026,MMT/IMPS/ICICR88556078083/Settlement/RAZORPAY/776306959,5346.00,108798357.55,ICICI8698563,INR
bank_004405,09/11/2026,NEFT-HDFCN05727316015-RAZORPAY SOFTWARE PRIVATE LIMITED-558978815,199.19,"6,96,62,401.75",HDFC4160755,INR
bank_006284,2026-07-03,RTGS CONSOLIDATED PAYOUT RAZORPAY 3 BATCHES,"2,79,562.32","9,96,69,824.18",AXIS6269925,INR
bank_005643,2026-07-21,BY TRANSFER-NEFT*AXIS0002264*AXISP31535925250*RAZORPAY SOFTWARE,607.32,"9,14,60,608.77",AXIS6249690,INR
bank_007691,09/07/2026,RTGS-HDFCN12465333680-RAZORPAY PART 1 OF 2,"1,59,192.29","11,62,59,528.11",HDFC8354009,INR
bank_001472,29-Jul-2026,NEFT-AARAVTRADERS-DIRECT PAYMENT,59955.99,25155344.30,ICICI9066294,INR
bank_007719,29/07/2026,NEFT-HDFCN65934247782-RAZORPAY SOFTWARE PRIVATE LIMITED-983665824,"1,559.92","11,68,74,846.54",HDFC6920685,INR
bank_007625,10/07/2026,NEFT-HDFCN55300903359-RAZORPAY SOFTWARE PRIVATE LIMITED-164192117,"78,206.54","11,54,56,410.18",HDFC1697804,INR
bank_006078,07-07-2026,NEFT INWARD RVSL4958481273 RAZORPAY SOFTWARE,38309.80,97409396.36,SBI1748536,INR
bank_006821,03/08/2026,RTGS CONSOLIDATED PAYOUT RAZORPAY 4 BATCHES,"9,985.56","10,59,78,906.50",HDFC1167895,INR
bank_006764,2026-07-21,BY TRANSFER-NEFT*AXIS0001986*AXISP76090732043*RAZORPAY SOFTWARE,"25,173.67","10,59,50,924.71",AXIS9714783,INR
bank_007806,04-08-2026,TRANSFER FROM SBINR65975407,12121.88,119244102.68,SBI3450085,INR
bank_006140,31-Jul-2026,MMT/IMPS/ICICR98234335499/Settlement/RAZORPAY/984150876,9540.18,98359137.54,ICICI5990315,INR
bank_002244,2026-07-09,BY TRANSFER-NEFT*AXIS0001718*AXISP40444170600*RAZORPAY SOFTWARE,"23,514.06","3,82,63,145.23",AXIS7158137,INR
bank_007394,29-07-2026,TRANSFER FROM SBINR35163726710 RAZORPAY SOFT PVT LTD REF 984248567,95018.80,112968962.95,SBI7739631,INR
bank_002805,09-11-2026,TRANSFER FROM SBINR57405844172 RAZORPAY SOFT PVT LTD REF 601975775,65237.74,44631161.33,SBI1667554,INR
bank_003689,14/07/2026,NEFT-HDFCN49540726649-RAZORPAY SOFTWARE PRIVATE LIMITED-773516904,"56,480.00","5,95,88,756.16",HDFC7263235,INR
bank_005688,24-Jul-2026,MMT/IMPS/ICICR81442693843/Settlement/RAZORPAY/235090392,54740.01,91963753.56,ICICI1176762,INR
bank_005169,15-Jul-2026,MMT/IMPS/ICICR31903667211/Settlement/RAZORPAY/304195059,7237.00,83794535.38,ICICI6151896,INR
bank_004366,04-08-2026,TRANSFER FROM SBINR86993178637 RAZORPAY SOFT PVT LTD REF 622151776,8824.00,69591724.68,SBI5236079,INR
bank_004817,2026-07-23,BY TRANSFER-NEFT*AXIS0005372*AXISP12976206063*RAZORPAY SOFTWARE,966.00,"7,83,59,122.02",AXIS2430373,INR
bank_005547,06-07-2026,TRANSFER FROM SBINR1505,1266.00,89512363.13,SBI5176331,INR
bank_001579,06-Jul-2026,RTGS CONSOLIDATED PAYOUT RAZORPAY 3 BATCHES,72433.74,27191802.34,ICICI2288950,INR
bank_004010,17-07-2026,TRANSFER FROM SBINR34125215428 RAZORPAY SOFT PVT LTD REF 314824079,5937.55,67062227.86,SBI2309778,INR
bank_003959,04/08/2026,NEFT-HDFCN00516236093-RAZORPAY SOFTWARE PRIVATE LIMITED-233933699,"1,834.92","6,57,25,855.83",HDFC6370808,INR
bank_000868,2026-07-27,BY TRANSFER-NEFT*AXIS0003961*AXISP09954511012*RAZORPAY SOFTWARE,"2,928.22","1,36,77,748.58",AXIS2028801,INR
bank_003266,28-07-2026,BY TRF TRANSFER FROM SBINR78619947713 RAZORPAY SOFT PVT LTD REF 936845869 BAL 96965020 28072026,6305.87,51809995.57,SBI1481107,INR
bank_000463,2026-07-10,INTER ACCOUNT SWEEP FROM OD ACCOUNT,"98,326.67","87,66,396.09",AXIS5569795,INR
bank_005212,04-Aug-2026,MMT/IMPS/ICICR40077933810/Settlement/RAZORPAY/651540751,265094.55,84062077.98,ICICI5834952,INR
bank_007133,2026-07-21,BY TRANSFER-NEFT*AXIS0002025*AXISP68635423535*RAZORPAY SOFTWARE,"2,047.90","10,99,59,690.14",AXIS8163326,INR
bank_006436,27-07-2026,TRANSFER FROM SBINR57110653712 RAZORPAY SOFT PVT LTD REF 555878314,940071.86,102825291.27,SBI3473391,INR
bank_003810,2026-07-06,CMS BY TRANSFER-NEFT*AXIS0007026*AXISP96489253250*RAZORPAY SOFTWARE BAL 85465664 06072026,"1,477.62","6,28,02,912.98",AXIS4625408,INR
bank_003452,30-Jul-2026,MMT/IMPS/ICICR80348064618/Settlement/RAZORPAY/876628677,801.62,53968444.26,ICICI7424721,INR
bank_001388,06/07/2026,RTGS CONSOLIDATED PAYOUT RAZORPAY 4 BATCHES,"5,19,118.76","2,39,56,553.78",HDFC8775832,INR
bank_000738,10/07/2026,RTGS CONSOLIDATED PAYOUT RAZORPAY 5 BATCHES,"83,682.11","1,15,29,417.85",HDFC7264230,INR
bank_004859,2026-07-20,BY TRF BY TRANSFER-NEFT*AXIS0009383*AXISP24851198142*RAZORPAY SOFTWARE BAL 53010439 20072026,"10,803.76","7,91,32,167.62",AXIS3531798,INR
bank_005237,2026-07-09,BY TRANSFER-NEFT*AXIS0007735*AXISP46119877905*RAZORPAY SOFTWARE,"6,25,873.00","8,52,16,497.84",AXIS2044974,INR
bank_006894,24/07/2026,RTGS-HDFCN06301405914-RAZORPAY PART 2 OF 2,"1,58,088.03","10,72,73,860.85",HDFC2026464,INR
bank_002550,23-07-2026,NEFT CR RAZORPAY SOFTWARE PVT LTD,#REF!,41939369.98,SBI7469257,INR
bank_004617,28-07-2026,INB TRANSFER FROM SBINR43877162778 RAZORPAY SOFT PVT LTD REF 547394320 BAL 37929551 28072026,5671.00,74557652.00,SBI8917349,INR
bank_004712,2026-07-09,INTEREST CREDIT SAVINGS ACCOUNT QUARTERLY,"3,22,439.10","7,71,54,323.01",AXIS8979802,INR
bank_003648,03-Aug-2026,RTGS-ICICR63123403868-RAZORPAY PART 2 OF 2,155964.79,58598472.81,ICICI8655787,INR
bank_006417,30/07/2026,RTGS-HDFCN69376402895-RAZORPAY PART 2 OF 2,"1,69,985.44","10,14,85,248.42",HDFC3807992,INR
bank_004289,14-07-2026,NEFT CR RAZORPAY SOFTWARE PVT LTD,57475.91,69310195.21,SBI7766226,INR
bank_006597,2026-07-15,BY TRANSFER-NEFT*AXIS0008400*AXISP50042002541*RAZORPAY SOFTWARE,"24,429.53","10,39,13,199.17",AXIS6031129,INR
bank_002623,10-Jul-2026,RTGS CONSOLIDATED PAYOUT RAZORPAY 5 BATCHES,19011.03,42224590.34,ICICI7720851,INR
bank_002941,29-Jul-2026,MMT/IMPS/ICICR79466879713/Settlement/RAZORPAY/297514552,91930.00,48049976.58,ICICI6344527,INR
bank_003206,28-07-2026,CMS TRANSFER FROM SBINR13751959890 RAZORPAY SOFT PVT LTD REF 570820616 BAL 76747385 28072026,997.67,51436257.83,SBI4756524,INR
bank_006000,04-08-2026,NEFT CR RAZORPAY SOFTWARE PVT LTD 040826,92345.44,96148356.93,SBI8998786,INR
bank_007442,23/07/2026,NEFT-HDFCN32999749256-RAZORPAY SOFTWARE PRIVATE LIMITED-435491621,"6,83,881.71","11,36,92,768.27",HDFC3469922,INR
bank_006134,2026-08-14,BY TRANSFER-NEFT*AXIS0008940*AXISP16135270369*RAZORPAY SOFTWARE,"1,05,010.73","9,83,49,597.36",AXIS2368819,INR
bank_001999,28/07/2026,NEFT-HDFCN67429963804-RAZORPAY SOFTWARE PRIVATE LIMITED-928887642,"1,12,887.83","3,40,53,920.20",HDFC2635625,INR
bank_005493,2026-07-08,BY TRANSFER-NEFT*AXIS0006657*AXISP03088601914*RAZORPAY SOFTWARE,"70,590.00","8,92,60,008.76",AXIS1348796,INR
bank_003419,01-Jul-2026,RTGS INWARD WORKING CAPITAL DISBURSAL 677452410,209927.06,53582886.96,ICICI5958968,INR
bank_003135,2026-07-22,NEFT CR RAZORPAY SOFTWARE PVT LTD,"75,735.50","5,01,12,353.20",AXIS2017849,INR
bank_004465,30-07-2026,CMS TRANSFER FROM SBINR27849942993 RAZORPAY SOFT PVT LTD REF 284480244 BAL 13203757 30072026,769.00,70963544.44,SBI3661616,INR
bank_003353,2026-07-03,BY TRANSFER-NEFT*AXIS0002130*AXISP93454618858*RAZORPAY SOFTWARE,"42,071.51","5,31,81,445.99",AXIS6505323,INR
bank_000371,24/07/2026,NEFT RETURN RVSL4871108680 BENEFICIARY ACCOUNT CLOSED,"-1,20,481.34","72,09,622.27",HDFC5464244,INR
bank_004096,2026-07-06,BY TRANSFER-NEFT*AXIS0007948*AXISP60363891169*RAZORPAY SOFTWARE,904.79,"6,74,82,842.23",AXIS2585304,INR
bank_002222,16/07/2026,ACH C- NEFT-HDFCN41086162363-RAZORPAY SOFTWARE PRIVATE LIMITED-550883217 BAL 28471842 16072026,"39,928.90","3,77,10,063.55",HDFC5100814,INR
bank_005009,28/07/2026,BY TRF NEFT-HDFCN89699959151-RAZORPAY SOFTWARE PRIVATE LIMITED-418340020 BAL 78040335 28072026,299.00,"8,16,05,617.36",HDFC2035631,INR
bank_005375,13-Jul-2026,NEFT CR RAZORPAY SOFTWARE PVT LTD,N/A,86708981.82,ICICI2501677,INR
bank_002695,16-Jul-2026,MMT/IMPS/ICICR14039481280/Settlement/RAZORPAY/149816510,54379.61,42948141.49,ICICI5295512,INR
bank_002906,06-Jul-2026,MMT/IMPS/ICICR96525511,2923.61,46398338.94,ICICI6457718,INR
bank_005655,28/07/2026,INB NEFT-HDFCN49071367741-RAZORPAY SOFTWARE PRIVATE LIMITED-967361426 BAL 7701099 28072026,"3,84,576.00","9,18,45,887.00",HDFC8817081,INR
bank_002326,2026-11-09,BY TRANSFER-NEFT*AXIS0004416*AXISP75342481536*RAZORPAY SOFTWARE,"9,881.93","3,90,83,394.78",AXIS5281595,INR
bank_006787,2026-07-15,BY TRF BY TRANSFER-NEFT*AXIS0009697*AXISP02395391011*RAZORPAY SOFTWARE BAL 86923322 15072026,"9,709.91","10,59,67,185.30",AXIS1593533,INR
bank_000701,10-Jul-2026,CMS MMT/IMPS/ICICR45492133170/Settlement/RAZORPAY/927273345 BAL 64484557 10072026,70622.53,11440045.68,ICICI9572287,INR
bank_006006,2026-07-15,NEFT CR RAZORPAY SOFTWARE PVT LTD 150726,"2,510.43","9,61,50,867.36",AXIS7587221,INR
bank_002462,2026-07-21,BY TRANSFER-NEFT*AXIS0002766*AXISP48395199369*RAZORPAY SOFTWARE,"9,535.65","4,07,16,754.20",AXIS2816309,INR
bank_007670,2026-07-13,INB BY TRANSFER-NEFT*AXIS0003001*AXISP92480541203*RAZORPAY SOFTWARE BAL 66671231 13072026,186.00,"11,60,96,074.01",AXIS4963839,INR
bank_001956,31/07/2026,NEFT-HDFCN20543592438-RAZORPAY SOFTWARE PRIVATE LIMITED-713324967,"2,41,061.89","3,30,92,408.15",HDFC8019782,INR
bank_001189,13-Jul-2026,NEFT CR RAZORPAY SOFTWARE PVT LTD 130726,5755.34,20673534.94,ICICI2824013,INR
bank_000263,13-Jul-2026,MMT/IMPS/ICICR0703984,1911.18,5638599.12,ICICI5711151,INR
bank_001470,31/07/2026,INTEREST CREDIT SAVINGS ACCOUNT QUARTERLY,"3,57,951.69","2,50,95,388.31",HDFC1935792,INR
bank_000902,07-07-2026,NEFT CR RAZORPAY SOFTWARE PVT LTD 070726,31771.60,14025334.55,SBI3766674,INR
bank_004178,28-Jul-2026,MMT/IMPS/ICICR26650376350/Settlement/RAZORPAY/192543505,98882.22,68473403.25,ICICI3343092,INR
bank_004431,13/07/2026,NEFT CR RAZORPAY SOFTWARE PVT LTD 130726,"68,347.44","7,05,32,411.59",HDFC7298251,INR
bank_007421,2026-07-31,BY TRANSFER-NEFT*AXIS0004119*AXISP86793302608*RAZORPAY SOFTWARE,379.82,"11,30,02,230.25",AXIS9595920,INR
bank_000475,23-Jul-2026,NEFT CR RAZORPAY SOFTWARE PVT LTD 230726,961807.21,9728203.30,ICICI1996646,INR
bank_002383,13/07/2026,RTGS-HDFCN02019362633-RAZORPAY PART 1 OF 2,"1,15,450.93","4,04,41,609.16",HDFC5420723,INR
bank_000283,2026-07-13,NEFT RETURN RVSL6836503309 BENEFICIARY ACCOUNT CLOSED,"-94,953.33","56,44,201.12",AXIS5918639,INR
bank_004459,2026-07-27,BY TRANSFER-NEFT*AXIS0005943*AXISP58877725034*RAZORPAY SOFTWARE,"3,68,740.77","7,09,62,775.44",AXIS1766516,INR
bank_004917,03/07/2026,NEFT-HDFCN84210084294-RAZORPAY SOFTWARE PRIVATE LIMITED-303500709,"3,425.00","8,01,61,441.17",HDFC6645354,INR
bank_004540,21-Jul-2026,MMT/IMPS/ICICR89634066792/Settlement/RAZORPAY/972472732,787105.00,72607960.54,ICICI3453249,INR
bank_006061,04/08/2026,NEFT-HDFCN41705981977-RAZORPAY SOFTWARE PRIVATE LIMITED-726574997,"1,85,906.22","9,73,67,161.90",HDFC5482096,INR
bank_002277,09/07/2026,NEFT-HDFCN93567345,"1,018.18","3,90,09,488.26",HDFC3312093,INR
bank_007207,2026-07-09,BY TRANSFER-NEFT*AXIS0007374*AXISP39990200062*RAZORPAY SOFTWARE,"51,263.26","11,02,24,592.01",AXIS5787514,INR
bank_004492,24-07-2026,TRANSFER FROM SBINR74714544182 RAZORPAY SOFT PVT LTD REF 156104806,8046.69,71697720.36,SBI6971728,INR
bank_006661,2026-07-06,RTGS-AXISP33010089298-RAZORPAY PART 2 OF 2,"1,31,395.28","10,48,67,849.63",AXIS1938607,INR
bank_006746,06-Jul-2026,CMS MMT/IMPS/ICICR11910264072/Settlement/RAZORPAY/583284625 BAL 70271589 06072026,853.00,105894859.94,ICICI5955150,INR
bank_000850,2026-07-21,NEFT CR RAZORPAY SOFTWARE PVT LTD,"35,840.02","1,36,27,701.35",AXIS6052069,INR
bank_006407,31-07-2026,TRANSFER FROM SBINR91307656106 RAZORPAY SOFT PVT LTD REF 453526697,9225.96,101145277.54,SBI9380135,INR
bank_004211,17-07-2026,TRANSFER FROM SBINR12877549351 RAZORPAY SOFT PVT LTD REF 423442820,125111.81,68675195.85,SBI2451991,INR
bank_007800,10-07-2026,CMS TRANSFER FROM SBINR37598392706 RAZORPAY SOFT PVT LTD REF 464532415 BAL 26112871 10072026,81485.57,119231980.80,SBI8856574,INR
bank_002404,2026-07-08,BY TRANSFER-NEFT*AXIS0005831*AXISP908560,"5,419.01","4,05,69,515.05",AXIS9228228,INR
bank_002368,2026-07-24,BY TRANSFER-NEFT*AXIS0004370*AXISP54527802,"62,972.24","4,02,93,265.30",AXIS5119446,INR
bank_003583,23-Jul-2026,MMT/IMPS/ICICR52248377559/Settlement/RAZORPAY/236508936,38356.64,57232149.41,ICICI2852295,INR
bank_004066,2026-07-13,RTGS-AXISP41281455460-RAZORPAY PART 2 OF 2,"1,66,548.92","6,74,62,230.68",AXIS3263176,INR
bank_004256,07/07/2026,NEFT-HDFCN52412923466-RAZORPAY SOFTWARE PRIVATE LIMITED-269395353,"23,435.78","6,87,79,009.29",HDFC6407773,INR
bank_000648,21-07-2026,NEFT CR RAZORPAY SOFTWARE PVT LTD 210726,110.33,11246940.31,SBI9294131,INR
bank_001124,2026-07-08,BY TRANSFER-NEFT*AXIS0004907*AXISP38036678245*RAZORPAY SOFTWARE,"3,80,324.82","1,91,20,274.21",AXIS1573207,INR
bank_001535,2026-07-16,BY TRANSFER-NEFT*AXIS0004438*AXISP70476354754*RAZORPAY SOFTWARE,"8,07,081.65","2,70,90,969.06",AXIS9441042,INR
bank_002119,03/08/2026,NEFT INWARD RAZORPAY SOFTWARE PRIVATE LIMITED,"1,97,670.23","3,58,95,790.46",HDFC6900793,INR
bank_001734,13-07-2026,TRANSFER FROM SBINR53010147302 RAZORPAY SOFT PVT LTD REF 738006073,640.31,29693242.50,SBI7270366,INR
bank_001195,20/07/2026,NEFT-HDFCN92041318287-RAZORPAY SOFTWARE PRIVATE LIMITED-116114133,"2,28,725.50","2,09,02,260.44",HDFC9779589,INR
bank_006906,2026-07-27,BY TRANSFER-NEFT*AXIS0004698*AXISP43081332232*RAZORPAY SOFTWARE,"17,745.00","10,72,94,404.21",AXIS2897637,INR
bank_006223,09-07-2026,TRANSFER FROM SBINR01705653712 RAZORPAY SOFT PVT LTD REF 405146564,14181.87,98822550.91,SBI1431859,INR
bank_005522,2026-07-21,ACH C- BY TRANSFER-NEFT*AXIS0001372*AXISP86410442588*RAZORPAY SOFTWARE BAL 38446071 21072026,142.00,"8,93,11,604.43",AXIS9782806,INR
bank_006171,10-07-2026,TRANSFER FROM SBINR72585334268 RAZORPAY SOFT PVT LTD REF 706909609,307426.97,98790132.14,SBI1561870,INR
bank_003629,2026-07-30,BY TRANSFER-NEFT*AXIS0008228*AXISP26546050981*RAZORPAY SOFTWARE,"8,902.44","5,82,85,615.83",AXIS3652126,INR
bank_007067,17/07/2026,NEFT CR RAZORPAY SOFTWARE PVT LTD 170726,"25,312.00","10,92,69,059.48",HDFC4690453,INR
bank_000997,22-Jul-2026,MMT/IMPS/ICICR44105543224/Settlement/RAZORPAY/257361774,12655.76,16380715.83,ICICI9186245,INR
bank_002292,20/07/2026,NEFT-HDFCN94857862422-RAZORPAY SOFTWARE PRIVATE LIMITED-296536927,"8,902.37","3,90,20,006.06",HDFC8975248,INR
bank_002760,10-Jul-2026,MMT/IMPS/ICICR16612648,67301.62,43636148.62,ICICI6261675,INR
bank_004306,2026-07-08,NEFT CR RAZORPAY SOFTWARE PVT LTD 080726,"4,959.81","6,93,15,155.02",AXIS2723422,INR
bank_003547,09/11/2026,NEFT-HDFCN70327424698-RAZORPAY SOFTWARE PRIVATE LIMITED-473817807,"33,837.14","5,52,94,837.46",HDFC6721145,INR
bank_003876,2026-07-03,RTGS-AXISP37057570718-RAZORPAY PART 1 OF 2,"1,82,952.20","6,43,01,539.87",AXIS2624415,INR
bank_002751,09-07-2026,TRANSFER FROM SBINR02962222298 RAZORPAY SOFT PVT LTD REF 712035001,387.39,43568847.00,SBI9292235,INR
bank_001024,24/07/2026,CMS NEFT-HDFCN19097681599-RAZORPAY SOFTWARE PRIVATE LIMITED-726407800 BAL 60579168 24072026,"11,070.00","1,72,91,222.01",HDFC4799940,INR
bank_005050,03-Aug-2026,NEFT INWARD RAZORPAY SOFTWARE PRIVATE LIMITED,756131.10,82788741.18,ICICI6570411,INR
bank_002508,31-Jul-2026,RTGS-ICICR01958470496-RAZORPAY PART 1 OF 2,117975.17,41651631.21,ICICI2072238,INR
bank_006416,30/07/2026,RTGS-HDFCN69376402895-RAZORPAY PART 1 OF 2,"1,69,985.44","10,13,15,262.98",HDFC4892641,INR
bank_007026,15/07/2026,NEFT CR RAZORPAY SOFTWARE PVT LTD,"41,202.42","10,89,10,183.42",HDFC6168999,INR
bank_005649,31-Jul-2026,MMT/IMPS/ICICR31412824894/Settlement/RAZORPAY/329034279,702.23,91461311.00,ICICI6046767,INR
bank_007373,2026-07-16,NEFT INWARD RAZORPAY SOFTWARE PRIVATE LIMITED,"48,798.84","11,28,67,356.81",AXIS4360745,INR
bank_001281,15-Jul-2026,RTGS CONSOLIDATED PAYOUT RAZORPAY 5 BATCHES,754693.67,22140861.43,ICICI7244442,INR
bank_001493,20/07/2026,NEFT CR RAZORPAY SOFTWARE PVT LTD 200726,"13,953.84","2,53,28,204.08",HDFC8387783,INR
bank_004078,21-07-2026,TRANSFER FROM SBINR46570476008 RAZORPAY SOFT PVT LTD REF 735242162,6443.26,67470584.75,SBI9119223,INR
bank_003212,2026-07-14,NEFT INWARD RAZORPAY SOFTWARE PRIVATE LIMITED,"2,207.38","5,14,38,465.21",AXIS2177934,INR
bank_005082,03-Jul-2026,MMT/IMPS/ICICR15149799193/Settlement/RAZORPAY/666156992,9045.99,83145653.10,ICICI7568483,INR
bank_000599,07-Jul-2026,NEFT CR RAZORPAY SOFTWARE PVT LTD,30730.25,11205008.88,ICICI9371145,INR
bank_001743,13-Jul-2026,MMT/IMPS/ICICR26314317423/Settlement/RAZORPAY/844962198,5112.22,29698354.72,ICICI3525996,INR
bank_001298,2026-07-07,RTGS CONSOLIDATED PAYOUT RAZORPAY 3 BATCHES,"85,890.13","2,22,26,751.56",AXIS3840242,INR
bank_001110,2026-07-04,NEFT INWARD RVSL8816522348 RAZORPAY SOFTWARE,"96,663.70","1,88,36,613.09",AXIS9327938,INR
bank_002107,27-07-2026,TRANSFER FROM SBINR58552,56741.09,35692120.63,SBI9881757,INR
bank_007333,2026-07-22,BY TRANSFER-NEFT*AXIS0003457*AXISP20993472071*RAZORPAY SOFTWARE,"89,441.72","11,24,28,612.18",AXIS6262039,INR
bank_005331,03-Aug-2026,MMT/IMPS/ICICR07450550945/Settlement/RAZORPAY/213017852,3892.00,85524916.78,ICICI5876587,INR
bank_001857,04-08-2026,TRANSFER FROM SBINR35962203626 RAZORPAY SOFT PVT LTD REF 149734702,84124.00,31858847.95,SBI9295107,INR
bank_002051,29/07/2026,NEFT CR RAZORPAY SOFTWARE PVT LTD,"54,754.49","3,52,98,180.94",HDFC2491224,INR
bank_004884,21-07-2026,NEFT RETURN RVSL9414047607 BENEFICIARY ACCOUNT CLOSED,-244215.39,80142993.10,SBI1485785,INR
bank_002447,17-07-2026,TRANSFER FROM SBINR07722221538 RAZORPAY SOFT PVT LTD REF 385142757,933.62,40645231.77,SBI7705541,INR
bank_005690,20/07/2026,NEFT INWARD RVSL3915252086 RAZORPAY SOFTWARE,"1,30,827.24","9,20,94,580.80",HDFC6141101,INR
bank_006039,28-Jul-2026,MMT/IMPS/ICICR54613462505/Settlement/RAZORPAY/441215633,7323.00,96263768.07,ICICI8995229,INR
bank_004930,27-07-2026,TRANSFER FROM SBINR71922401913 RAZORPAY SOFT PVT LTD REF 117554659,88121.00,80714203.58,SBI2680267,INR
bank_006401,2026-07-08,NEFT RETURN RVSL2101722771 BENEFICIARY ACCOUNT CLOSED,"-2,26,093.91","10,11,36,051.58",AXIS3223990,INR
bank_003417,17-Jul-2026,NEFT CR RAZORPAY SOFTWARE PVT LTD,22251.38,53372959.90,ICICI5749513,INR
bank_006027,31-07-2026,NEFT CR RAZORPAY SOFTWARE PVT LTD 310726,11131.00,96251409.07,SBI5121104,INR
bank_004681,2026-07-17,BY TRANSFER-NEFT*AXIS0002043*AXISP03693329853*RAZORPAY SOFTWARE,"35,209.42","7,49,52,944.80",AXIS1155593,INR
bank_007409,09-11-2026,TRANSFER FROM SBINR91225756477 RAZORPAY SOFT PVT LTD REF 893445282,103.50,113001528.25,SBI5054182,INR
bank_005095,27-07-2026,TRANSFER FROM SBINR46882622345 RAZORPAY SOFT PVT LTD REF 665366217,10974.06,83156627.16,SBI7722888,INR
bank_003877,2026-07-03,RTGS-AXISP37057570718-RAZORPAY PART 2 OF 2,"1,82,952.21","6,44,84,492.08",AXIS4808121,INR
bank_001499,2026-07-13,NEFT INWARD RAZORPAY SOFTWARE PRIVATE LIMITED,"28,574.35","2,53,56,778.43",AXIS1590126,INR
bank_002098,10/07/2026,NEFT-HDFCN50682666398-RAZORPAY SOFTWARE PRIVATE LIMITED-855902157,"8,686.00","3,56,35,379.54",HDFC8208333,INR
bank_006364,2026-08-03,BY TRANSFER-NEFT*AXIS0006349*AXISP82742114059*RAZORPAY SOFTWARE,"1,15,055.68","9,99,33,084.19",AXIS7783072,INR
bank_006863,2026-07-03,BY TRANSFER-NEFT*AXIS0008759*AXISP82963844055*RAZORPAY SOFTWARE,"9,30,880.88","10,69,26,875.64",AXIS1163378,INR
bank_001863,2026-07-14,BY TRANSFER-NEFT*AXIS0005717*AXISP69243095820*RAZORPAY SOFTWARE,"9,146.92","3,18,67,994.87",AXIS8653148,INR
bank_004811,2026-11-09,BY TRANSFER-NEFT*AXIS0001676*AXISP73256498270*RAZORPAY SOFTWARE,"9,125.05","7,83,58,156.02",AXIS1082211,INR
bank_002335,15-07-2026,NEFT CR RAZORPAY SOFTWARE PVT LTD 150726,488478.00,39571872.78,SBI5603171,INR
bank_004555,29-Jul-2026,MMT/IMPS/ICICR67349132513/Settlement/RAZORPAY/961573108,63389.12,72673299.41,ICICI2772555,INR
bank_004546,2026-07-17,INB BY TRANSFER-NEFT*AXIS0009281*AXISP41723945312*RAZORPAY SOFTWARE BAL 29942474 17072026,"1,949.75","7,26,09,910.29",AXIS4536654,INR
bank_005443,07-Jul-2026,NEFT INWARD RAZORPAY SOFTWARE PRIVATE LIMITED,8986.79,88636551.19,ICICI4466982,INR
bank_000707,2026-07-08,BY TRANSFER-NEFT*AXIS0001567*AXISP63733226549*RAZORPAY SOFTWARE,"5,590.99","1,14,45,636.67",AXIS8019211,INR
bank_005967,21-07-2026,TRANSFER FROM SBINR34487535090 RAZORPAY SOFT PVT LTD REF 119953328,65346.00,95994020.39,SBI6579072,INR
bank_003195,2026-07-28,BY TRANSFER-NEFT*AXIS0006156*AXISP36336814850*RAZORPAY SOFTWARE,"9,806.73","5,14,34,761.52",AXIS6535834,INR
bank_005249,10-07-2026,TRANSFER FROM SBINR05523947532 RAZORPAY SOFT PVT LTD REF 295915209,4121.38,85222574.38,SBI5279237,INR
bank_001682,03-Jul-2026,RTGS-ICICR75535745453-RAZORPAY PART 1 OF 2,122938.79,29484728.75,ICICI1785245,INR
bank_005682,13/07/2026,NEFT-HDFCN54269643045-RAZORPAY SOFTWARE PRIVATE LIMITED-444027044,"6,176.71","9,19,09,013.55",HDFC1501658,INR
bank_007731,28-Jul-2026,MMT/IMPS/ICICR42426694350/Settlement/RAZORPAY/438452410,784608.00,117662230.54,ICICI9119703,INR
bank_003073,08-Jul-2026,MMT/IMPS/ICICR97773281411/Settlement/RAZORPAY/738012601,5434.00,49327648.61,ICICI8758803,INR
bank_005200,2026-07-23,BY TRANSFER-NEFT*AXIS0004359*AXISP21582174262*RAZORPAY SOFTWARE,273.00,"8,37,95,961.14",AXIS2583623,INR
bank_007832,07-Jul-2026,NEFT CR RAZORPAY SOFTWARE PVT LTD,64766.81,119618343.03,ICICI8224712,INR
bank_002158,04-Aug-2026,MMT/IMPS/ICICR42502561377/Settlement/RAZORPAY/971547691,7386.42,36896388.23,ICICI1788366,INR
bank_002854,16/07/2026,NEFT-HDFCN26718565151-RAZORPAY SOFTWARE PRIVATE LIMITED-268214163,"5,939.00","4,54,79,481.98",HDFC7121969,INR
bank_006939,27/07/2026,NEFT-HDFCN67874923398-RAZORPAY SOFTWARE PRIVATE LIMITED-735276939,"36,734.11","10,84,58,924.08",HDFC7269672,INR
bank_005590,04-Aug-2026,MMT/IMPS/ICICR07802524533/Settlement/RAZORPAY/901857527,50341.84,90284746.52,ICICI1578286,INR
bank_004072,2026-07-24,BY TRANSFER-NEFT*AXIS0009935*AXISP90483002470*RAZORPAY SOFTWARE,"1,910.81","6,74,64,141.49",AXIS4161762,INR
bank_005125,13-Jul-2026,MMT/IMPS/ICICR06176326,4999.00,83231896.82,ICICI6843231,INR
bank_000920,27-Jul-2026,MMT/IMPS/ICICR89601352448/Settlement/RAZORPAY/134924313,85373.00,14115049.11,ICICI6887487,INR
bank_003617,03/07/2026,NEFT CR RAZORPAY SOFTWARE PVT LTD,"81,360.73","5,82,76,388.25",HDFC2948034,INR
bank_003701,27-07-2026,TRANSFER FROM SBINR16763411166 RAZORPAY SOFT PVT LTD REF 710718652,10957.64,59599713.80,SBI5382370,INR
bank_002799,31-Jul-2026,MMT/IMPS/ICICR89695878855/Settlement/RAZORPAY/425249552,9010.22,44565923.59,ICICI4734438,INR
bank_005943,28-Jul-2026,MMT/IMPS/ICICR41283767025/Settlement/RAZORPAY/257705085,2427.69,95872008.23,ICICI8560177,INR
bank_005706,03/07/2026,NEFT-HDFCN21576411205-RAZORPAY SOFTWARE PRIVATE LIMITED-684234261,"1,669.72","9,21,32,160.18",HDFC5178997,INR
bank_006591,2026-07-06,BY TRANSFER-NEFT*AXIS0004466*AXISP16508744873*RAZORPAY SOFTWARE,"7,125.71","10,38,88,769.64",AXIS5168104,INR
bank_001210,10-Jul-2026,MMT/IMPS/ICICR76877453976/Settlement/RAZORPAY/909898607,8690.71,20943644.02,ICICI7122248,INR
bank_004740,10/07/2026,NEFT-HDFCN21209513609-RAZORPAY SOFTWARE PRIVATE LIMITED-228044257,"1,38,407.78","7,78,51,685.58",HDFC9124476,INR
bank_005403,22/07/2026,NEFT-HDFCN31838676,"6,67,073.00","8,83,91,256.12",HDFC4822660,INR
bank_004997,09-11-2026,TRANSFER FROM SBINR63666714261 RAZORPAY SOFT PVT LTD REF 765601884,991.00,81600340.36,SBI4460340,INR
bank_001804,20-07-2026,CMS TRANSFER FROM SBINR65287965997 RAZORPAY SOFT PVT LTD REF 897152463 BAL 47785343 20072026,1316.80,31361599.76,SBI2431573,INR
bank_000857,07/07/2026,NEFT-HDFCN30089578589-RAZORPAY SOFTWARE PRIVATE LIMITED-244998305,"6,257.00","1,36,40,215.35",HDFC1706930,INR
bank_006119,10/07/2026,NEFT-HDFCN26099484468-RAZORPAY SOFTWARE PRIVATE LIMITED-743675350,"93,460.22","9,82,44,586.63",HDFC5545429,INR
bank_007058,09/11/2026,NEFT-HDFCN10482791921-RAZORPAY SOFTWARE PRIVATE LIMITED-312339562,"1,688.00","10,92,43,747.48",HDFC8691386,INR
bank_007342,03-08-2026,TRANSFER FROM SBINR96545925743 RAZORPAY SOFT PVT LTD REF 108921937,4644.18,112433256.36,SBI9154383,INR
bank_007152,15/07/2026,NEFT-HDFCN47763584211-RAZORPAY SOFTWARE PRIVATE LIMITED-960564635,"20,847.75","10,99,80,770.89",HDFC2687967,INR
bank_001509,03-Aug-2026,RTGS-ICICR21925677060-RAZORPAY PART 2 OF 2,114976.16,25586730.75,ICICI7804546,INR
bank_002990,06-07-2026,TRANSFER FROM SBINR58287646725 RAZORPAY SOFT PVT LTD REF 983327537,683.00,49000451.38,SBI8037282,INR
bank_001667,17-Jul-2026,INTEREST CREDIT SAVINGS ACCOUNT QUARTERLY,426532.83,29356306.96,ICICI6878123,INR
bank_000935,2026-07-08,INTEREST CREDIT SAVINGS ACCOUNT QUARTERLY,"3,71,613.59","1,46,85,748.54",AXIS4587427,INR
bank_000018,2026-07-14,NEFT CR RAZORPAY SOFTWARE PVT LTD 140726,"50,814.41","5,09,327.41",AXIS2003039,INR
bank_001108,2026-07-24,INB BY TRANSFER-NEFT*AXIS0001858*AXISP63256075323*RAZORPAY SOFTWARE BAL 69184347 24072026,284.65,"1,87,39,949.39",AXIS7737149,INR
bank_007859,22-Jul-2026,INB MMT/IMPS/ICICR62726961446/Settlement/RAZORPAY/548436073 BAL 91942382 22072026,10071.12,119677005.15,ICICI5842993,INR
bank_000328,2026-08-12,BY TRANSFER-NEFT*AXIS0006932*AXISP97408658119*RAZORPAY SOFTWARE,"6,329.44","65,28,751.41",AXIS7587839,INR
bank_003541,03-Aug-2026,RTGS CONSOLIDATED PAYOUT RAZORPAY 3 BATCHES,580677.74,55261000.32,ICICI6890417,INR
bank_004084,14/07/2026,NEFT-HDFCN74129700470-RAZORPAY SOFTWARE PRIVATE LIMITED-808779268,"5,812.60","6,74,76,397.35",HDFC4022622,INR
bank_007821,2026-07-17,RTGS-AXISP35262679514-RAZORPAY PART 1 OF 2,"1,15,249.27","11,94,38,326.95",AXIS9253821,INR
bank_000024,03-08-2026,TRANSFER FROM SBINR22440403621 RAZORPAY SOFT PVT LTD REF 662371779,5848.86,515176.27,SBI4723327,INR
bank_001090,31-07-2026,TRANSFER FROM SBINR50947481,15171.15,17904202.43,SBI8989473,INR
bank_000612,06/07/2026,NEFT-HDFCN90402936637-RAZORPAY SOFTWARE PRIVATE LIMITED-568052362,"27,799.10","1,12,32,807.98",HDFC9622611,INR
bank_003315,29-07-2026,TRANSFER FROM SBINR24542161437 RAZORPAY SOFT PVT LTD REF 905415374,669296.13,52966833.18,SBI2429572,INR
bank_004419,31/07/2026,NEFT-HDFCN59833589536-RAZORPAY SOFTWARE PRIVATE LIMITED-207268151,"8,00,763.14","7,04,64,064.15",HDFC5287986,INR
bank_004779,08-07-2026,TRANSFER FROM SBINR41424115597 RAZORPAY SOFT PVT LTD REF 664478356,57726.10,78199276.72,SBI8835750,INR
bank_005810,07/07/2026,NEFT-HDFCN49948731458-RAZORPAY SOFTWARE PRIVATE LIMITED-151341556,"92,695.52","9,40,76,400.43",HDFC7390045,INR
bank_000535,03/07/2026,NEFT CR RAZORPAY SOFTWARE PVT LTD 030726,"1,38,480.25","1,09,00,781.53",HDFC2180882,INR
bank_000443,07-Jul-2026,MMT/IMPS/ICICR80521576236/Settlement/RAZORPAY/691428713,105.45,8645535.84,ICICI3316335,INR
bank_004166,03-08-2026,TRANSFER FROM SBINR01953574930 RAZORPAY SOFT PVT LTD REF 965001843,265871.14,68374521.03,SBI9441030,INR
bank_002641,03/08/2026,NEFT CR RAZORPAY SOFTWARE PVT LTD 030826,"9,710.30","4,23,02,300.88",HDFC7607214,INR
bank_007280,13-Aug-2026,MMT/IMPS/ICICR91389841167/Settlement/RAZORPAY/285987821,72117.05,111758130.46,ICICI5163901,INR
bank_002456,08/07/2026,NEFT-HDFCN43777965002-RAZORPAY SOFTWARE PRIVATE LIMITED-608178482,"61,986.78","4,07,07,218.55",HDFC9705375,INR
bank_003019,2026-07-24,RTGS CONSOLIDATED PAYOUT RAZORPAY 3 BATCHES,"28,709.45","4,90,68,115.42",AXIS8185480,INR
bank_004437,17-Jul-2026,MMT/IMPS/ICICR6766,610.00,70533021.59,ICICI8171563,INR
bank_003233,2026-07-22,BY TRANSFER-NEFT*AXIS0002569*AXISP09453668507*RAZORPAY SOFTWARE,"1,393.81","5,14,63,758.70",AXIS6916418,INR
bank_004890,14/07/2026,NEFT-HDFCN29628394663-RAZORPAY SOFTWARE PRIVATE LIMITED-339720101,115.22,"8,01,43,108.32",HDFC2981057,INR
bank_006349,03/08/2026,RTGS CONSOLIDATED PAYOUT RAZORPAY 6 BATCHES,"81,791.04","9,97,72,284.90",HDFC5356756,INR
bank_002011,2026-07-14,BY TRANSFER-NEFT*AXIS0005984*AXISP44028995661*RAZORPAY SOFTWARE,"98,657.88","3,41,52,578.08",AXIS9164120,INR
bank_007320,15-Jul-2026,RTGS INWARD WORKING CAPITAL DISBURSAL 400652120,457358.05,112339170.46,ICICI9763494,INR
bank_001231,2026-07-30,BY TRANSFER-NEFT*AXIS0006077*AXISP44692600919*RAZORPAY SOFTWARE,732.89,"2,09,44,831.29",AXIS4973434,INR
bank_005541,21-07-2026,TRANSFER FROM SBINR48980920638 RAZORPAY SOFT PVT LTD REF 843804400,199198.80,89511097.13,SBI1012183,INR
bank_004387,2026-07-07,BY TRANSFER-NEFT*AXIS0004662*AXISP73107927589*RAZORPAY SOFTWARE,594.47,"6,96,51,347.83",AXIS3427685,INR
bank_000947,09-Jul-2026,BY TRF MMT/IMPS/ICICR96509673532/Settlement/RAZORPAY/854648836 BAL 53960981 09072026,5570.21,15005043.88,ICICI5916041,INR
bank_003025,2026-07-16,BY TRANSFER-NEFT*AXIS0001222*AXISP68052795964*RAZORPAY SOFTWARE,"1,79,694.76","4,92,47,810.18",AXIS9780342,INR
bank_001650,08-07-2026,NEFT CR RAZORPAY SOFTWARE PVT LTD 080726,1341.34,27852735.04,SBI8461862,INR
bank_004262,08-Jul-2026,MMT/IMPS/ICICR36840137217/Settlement/RAZORPAY/509009727,68961.00,68847970.29,ICICI3337004,INR
bank_000251,30-Jul-2026,NEFT INWARD RAZORPAY SOFTWARE PRIVATE LIMITED,203650.44,5636687.94,ICICI9498721,INR
bank_007177,08-07-2026,TRANSFER FROM SBINR87957324490 RAZORPAY SOFT PVT LTD REF 857590995,31517.38,110013436.09,SBI3037055,INR
bank_002793,17/07/2026,NEFT-HDFCN34430458601-RAZORPAY SOFTWARE PRIVATE LIMITED-545112409,"1,36,256.47","4,45,56,913.37",HDFC3649597,INR
bank_003065,23/07/2026,NEFT-HDFCN35407625987-RAZORPAY SOFTWARE PRIVATE LIMITED-492138144,439.00,"4,92,61,204.45",HDFC6593895,INR
bank_004120,13-07-2026,RTGS CONSOLIDATED PAYOUT RAZORPAY 4 BATCHES,510121.36,67992963.59,SBI9131616,INR
bank_003218,13-07-2026,TRANSFER FROM SBINR34927114883 RAZORPAY SOFT PVT LTD REF 765468046,5136.20,51443601.41,SBI2993253,INR
bank_006296,04-08-2026,ACH C- TRANSFER FROM SBINR90901047353 RAZORPAY SOFT PVT LTD REF 577172373 BAL 23485282 04082026,349.00,99675778.01,SBI2907855,INR
bank_004599,23-07-2026,TRANSFER FROM SBINR22912475877 RAZORPAY SOFT PVT LTD REF 570588761,80986.08,74538322.60,SBI2918579,INR
bank_006964,17-08-2026,TRANSFER FROM SBINR31985506659 RAZORPAY SOFT PVT LTD REF 889682182,7753.06,108476434.12,SBI5162865,INR
bank_003224,14-Jul-2026,NEFT INWARD RAZORPAY SOFTWARE PRIVATE LIMITED,18763.48,51462364.89,ICICI3830970,INR
bank_005973,2026-07-28,NEFT INWARD RAZORPAY SOFTWARE PRIVATE LIMITED,313.80,"9,59,94,334.19",AXIS8016317,INR
bank_005499,03-Aug-2026,MMT/IMPS/ICICR20020786155/Settlement/RAZORPAY/867571604,3282.00,89263290.76,ICICI2061170,INR
bank_007274,09-07-2026,TRANSFER FROM SBINR17161445114 RAZORPAY SOFT PVT LTD REF 234437192,629.00,111686013.41,SBI8363836,INR
bank_001826,08-Jul-2026,MMT/IMPS/ICICR20834955145/Settlement/RAZORPAY/266457775,55940.93,31420748.30,ICICI1658983,INR
bank_006476,04/08/2026,BY TRF NEFT-HDFCN81241373573-RAZORPAY SOFTWARE PRIVATE LIMITED-923756351 BAL 24849951 04082026,"8,211.00","10,29,38,526.98",HDFC8307485,INR
bank_007524,28/07/2026,CMS NEFT-HDFCN48693709362-RAZORPAY SOFTWARE PRIVATE LIMITED-719205682 BAL 24233778 28072026,108.51,"11,46,26,662.73",HDFC2142679,INR
bank_006423,14/07/2026,NEFT-HDFCN48617346540-RAZORPAY SOFTWARE PRIVATE LIMITED-655839301,"3,99,970.99","10,18,85,219.41",HDFC5901641,INR
bank_001072,14-07-2026,RTGS CONSOLIDATED PAYOUT RAZORPAY 5 BATCHES,17479.01,17768455.82,SBI3782612,INR
bank_006669,16-Jul-2026,BY TRF MMT/IMPS/ICICR53795315787/Settlement/RAZORPAY/864145842 BAL 81747711 16072026,923.00,104868772.63,ICICI9413648,INR
bank_006460,2026-07-28,BY TRANSFER-NEFT*AXIS0008473*AXISP33963974128*RAZORPAY SOFTWARE,"14,546.04","10,28,83,109.52",AXIS4795441,INR
bank_006952,2026-07-07,BY TRANSFER-NEFT*AXIS0009889*AXISP80362875241*RAZORPAY SOFTWARE,"9,756.98","10,84,68,681.06",AXIS5348446,INR
bank_001547,03-07-2026,TRANSFER FROM SBINR98637586417 RAZORPAY SOFT PVT LTD REF 489489874,6160.71,27103489.77,SBI2677445,INR
bank_001851,14-07-2026,RTGS CONSOLIDATED PAYOUT RAZORPAY 5 BATCHES,353975.65,31774723.95,SBI2554607,INR
bank_007838,2026-07-22,BY TRANSFER-NEFT*AXIS0005430*AXISP82448143098*RAZORPAY SOFTWARE,"9,698.00","11,96,28,041.03",AXIS2407969,INR
bank_003334,23-07-2026,NEFT CR RAZORPAY SOFTWARE PVT LTD 230726,674.53,53041928.33,SBI2335817,INR
bank_003144,30-07-2026,TRANSFER FROM SBINR19082222536 RAZORPAY SOFT PVT LTD REF 127131482,8255.32,50120608.52,SBI9755402,INR
bank_003002,20/07/2026,NEFT-HDFCN79226041195-RAZORPAY SOFTWARE PRIVATE LIMITED-230731440,"35,626.59","4,90,39,405.97",HDFC5079570,INR
bank_005394,2026-07-16,NEFT CR RAZORPAY SOFTWARE PVT LTD 160726,112.42,"8,77,24,183.12",AXIS4247453,INR
bank_007433,2026-07-28,BY TRANSFER-NEFT*AXIS0009272*AXISP26848,"6,656.31","11,30,08,886.56",AXIS7781724,INR
bank_007010,20-07-2026,TRANSFER FROM SBINR70435156493 RAZORPAY SOFT PVT LTD REF 609390085,449.00,108805448.55,SBI3312198,INR
bank_001944,30/07/2026,NEFT-HDFCN32263437874-RAZORPAY SOFTWARE PRIVATE LIMITED-826714972,"1,420.26","3,28,51,346.26",HDFC9517782,INR
bank_005749,20-Jul-2026,MMT/IMPS/ICICR39136141964/Settlement/RAZORPAY/751946344,59557.06,93497260.62,ICICI3916750,INR
bank_007692,09/07/2026,RTGS-HDFCN12465333680-RAZORPAY PART 2 OF 2,"1,59,192.29","11,64,18,720.40",HDFC7511699,INR
bank_002416,2026-07-09,BY TRANSFER-NEFT*AXIS0008541*AXISP60784076290*RAZORPAY SOFTWARE,"18,635.83","4,05,88,150.88",AXIS1275081,INR
bank_004037,03/08/2026,NEFT-HDFCN57221137646-RAZORPAY SOFTWARE PRIVATE LIMITED-911281860,760.00,"6,70,95,898.62",HDFC4847245,INR
bank_002341,28-Jul-2026,MMT/IMPS/ICICR59055263809/Settlement/RAZORPAY/852798287,653234.04,40225106.82,ICICI1862164,INR
bank_002835,2026-07-21,NEFT INWARD RVSL1534450980 RAZORPAY SOFTWARE,"1,49,082.57","4,47,90,871.46",AXIS6114959,INR
bank_007613,03/08/2026,NEFT-HDFCN35634238599-RAZORPAY SOFTWARE PRIVATE LIMITED-421356966,"55,554.89","11,51,90,353.02",HDFC2507040,INR
bank_003111,31-07-2026,NEFT RETURN RVSL1680358331 BENEFICIARY ACCOUNT CLOSED,-220943.03,49890120.03,SBI5963912,INR
bank_003166,08-07-2026,RTGS-SBINR06153794339-RAZORPAY PART 2 OF 2,153512.93,50428847.07,SBI2056386,INR
bank_001096,23-Jul-2026,MMT/IMPS/ICICR94444248212/Settlement/RAZORPAY/615224038,21371.75,17925574.18,ICICI1943465,INR
bank_006110,09-07-2026,TRANSFER FROM SBINR04271941315 RAZORPAY SOFT PVT LTD REF 483642984,7032.42,98151126.41,SBI4225839,INR
bank_004838,22-07-2026,TRANSFER FROM SBINR39424070537 RAZORPAY SOFT PVT LTD REF 472971290,80486.99,78454499.77,SBI9849870,INR
bank_005510,2026-07-22,BY TRANSFER-NEFT*AXIS0002630*AXISP07651499378*RAZORPAY SOFTWARE,"41,247.00","8,93,10,619.76",AXIS8177173,INR
bank_002935,07-07-2026,TRANSFER FROM SBINR06031412143 RAZORPAY SOFT PVT LTD REF 136465436,444.49,47958046.58,SBI4759768,INR
bank_004754,31-Jul-2026,MMT/IMPS/ICICR71144722417/Settlement/RAZORPAY/576487977,6747.90,78140874.04,ICICI8816602,INR
bank_006390,28/07/2026,NEFT-HDFCN65448623824-RAZORPAY SOFTWARE PRIVATE LIMITED-531303008,"3,327.00","10,08,68,451.16",HDFC6437940,INR
bank_007258,04/08/2026,RTGS CONSOLIDATED PAYOUT RAZORPAY 3 BATCHES,"2,53,067.43","11,14,22,567.88",HDFC5116004,INR
bank_007472,2026-07-17,INB BY TRANSFER-NEFT*AXIS0008708*AXISP96560297613*RAZORPAY SOFTWARE BAL 14770513 17072026,"26,872.17","11,37,30,678.59",AXIS5886927,INR
bank_004056,09-07-2026,TRANSFER FROM SBINR09222109694 RAZORPAY SOFT PVT LTD REF 224004951,536.04,67129132.84,SBI3047989,INR
bank_000319,03-08-2026,TRANSFER FROM SBINR8604986,11427.51,6522421.97,SBI9976439,INR
bank_003293,16-07-2026,TRANSFER FROM SBINR27129055006 RAZORPAY SOFT PVT LTD REF 541831555,24010.00,51941522.05,SBI6928097,INR
bank_000150,2026-07-13,BY TRANSFER-NEFT*AXIS0004841*AXISP390905,"2,206.74","28,42,476.19",AXIS1730420,INR
bank_001522,03-Aug-2026,MMT/IMPS/ICICR11514867863/Settlement/RAZORPAY/188576610,697156.66,26283887.41,ICICI8834770,INR
bank_006915,2026-08-03,ACH C- BY TRANSFER-NEFT*AXIS0008545*AXISP13492344509*RAZORPAY SOFTWARE BAL 7845834 03082026,"4,72,102.51","10,77,66,506.72",AXIS4390918,INR
bank_001993,07-Jul-2026,MMT/IMPS/ICICR9820,9417.47,33941032.37,ICICI6887258,INR
bank_004718,21-Jul-2026,MMT/IMPS/ICICR79552886409/Settlement/RAZORPAY/581271369,202.08,77154525.09,ICICI3562832,INR
bank_005661,07-Jul-2026,NEFT CR RAZORPAY SOFTWARE PVT LTD 070726,5012.00,91850899.00,ICICI2379597,INR
bank_003183,2026-07-21,RTGS CONSOLIDATED PAYOUT RAZORPAY 3 BATCHES,"82,145.72","5,05,10,992.79",AXIS1320190,INR
bank_003647,03-Aug-2026,RTGS-ICICR63123403868-RAZORPAY PART 1 OF 2,155964.79,58442508.02,ICICI1273064,INR
bank_003428,31/07/2026,NEFT-HDFCN68863298620-RAZORPAY SOFTWARE PRIVATE LIMITED-978691447,"2,20,895.88","5,38,03,782.84",HDFC6676873,INR
bank_006561,24-Jul-2026,MMT/IMPS/ICICR70564954416/Settlement/RAZORPAY/470458828,2901.36,103555605.85,ICICI1758262,INR
bank_005631,07/07/2026,RTGS CONSOLIDATED PAYOUT RAZORPAY 6 BATCHES,"2,63,074.64","9,14,53,268.12",HDFC5466034,INR
