entry_id,order_id,expected_gross,customer,booked_on,currency,status
led_002614,ord_002610,1530.00,Manish Hardware,2026-07-08,INR,open
led_005716,ord_005711,1587.00,Ishaan Digital,2026-07-02,INR,open
led_006459,ord_006455,7034.00,Aarav Traders,2026-07-24,INR,open
led_005093,ord_005087,7864.00,Divya Foods,2026-07-23,INR,open
led_006433,ord_006426,110472.00,Manish Hardware,2026-07-23,INR,open
led_005539,ord_005533,784.00,Pooja Ventures,2026-07-17,INR,open
led_006481,ord_006479,74253.00,Gaurav Motors,2026-07-30,INR,open
led_003902,ord_003897,7159.00,Ishaan Digital,2026-07-17,INR,open
led_003572,ord_003568,7782.00,Chetan Logistics,2026-07-28,INR,open
led_005894,ord_005892,978.00,Falguni Textiles,2026-07-02,INR,open
led_000862,ord_000860,34605.00,Hiral Pharma,2026-07-11,INR,open
led_004481,ord_004479,626.00,Eshan Systems,2026-07-10,INR,open
led_005248,ord_005246,4221.00,Falguni Textiles,2026-07-08,INR,open
led_003514,ord_003511,407.00,Pooja Ventures,2026-07-22,INR,open
led_006575,ord_006573,9576.00,Bhavna Retail,2026-07-30,INR,open
led_005808,ord_005804,2999.00,Gaurav Motors,2026-07-04,INR,open
led_007740,ord_007738,3508.00,Aarav Traders,2026-07-06,INR,open
led_005571,ord_005569,193001.30,Pooja Ventures,2026-07-10,INR,open
led_007747,ord_007744,5880.00,Omkar Steel,2026-07-06,INR,open
led_007756,ord_007753,196782.58,Gaurav Motors,2026-07-17,INR,open
led_004118,ord_004114,65982.00,Lavanya Studio,2026-07-09,INR,open
led_004857,ord_004853,8273.00,Jyoti Interiors,2026-07-16,INR,open
led_007588,ord_007586,865.00,Bhavna Retail,2026-07-31,INR,open
led_007045,ord_007043,123143.51,Neha Organics,2026-07-21,INR,open
led_001417,ord_001413,80947.00,Gaurav Motors,2026-07-01,INR,open
led_001636,ord_001632,9367.00,Kabir Exports,2026-07-16,INR,open
led_003646,ord_003643,123353.96,Divya Foods,2026-07-30,INR,open
led_004242,ord_004239,128.00,Chetan Logistics,2026-07-01,INR,open
led_007174,ord_007168,315.00,Omkar Steel,2026-07-06,INR,open
led_000421,ord_000419,1088.00,Aarav Traders,2026-07-17,INR,open
led_000647,ord_000645,113.00,Omkar Steel,2026-07-17,INR,open
led_007149,ord_007142,1799.00,Neha Organics,2026-07-13,INR,open
led_000790,ord_000788,6456.00,Lavanya Studio,2026-07-08,INR,open
led_001357,ord_001352,802234.00,Gaurav Motors,2026-07-24,INR,open
led_001532,ord_001525,1487.00,Gaurav Motors,2026-07-14,INR,open
led_001387,ord_001385,5591.00,Aarav Traders,2026-07-02,INR,open
led_003352,ord_003347,500.00,Neha Organics,2026-07-01,INR,open
led_000706,ord_000704,5591.00,Jyoti Interiors,2026-07-06,INR,open
led_000588,ord_000586,99775.00,Manish Hardware,2026-11-05,INR,open
led_006560,ord_006557,2724.00,Divya Foods,2026-07-22,INR,open
led_005094,ord_005089,3474.00,Neha Organics,2026-07-23,INR,open
led_002438,ord_002436,342.00,Kabir Exports,2026-07-24,INR,open
led_006868,ord_006866,5351.00,Gaurav Motors,2026-07-01,INR,open
led_004503,ord_004501,102441.12,Hiral Pharma,2026-07-31,INR,open
led_002454,ord_002450,59440.00,Bhavna Retail,2026-07-06,INR,open
led_004146,ord_004144,9752.00,Omkar Steel,2026-07-29,INR,open
led_005609,ord_005607,7933.00,Gaurav Motors,2026-07-03,INR,open
led_000210,ord_000207,344.00,Pooja Ventures,2026-07-04,INR,open
led_004008,ord_004002,4007.00,Pooja Ventures,2026-07-15,INR,open
led_004374,ord_004371,54393.00,Pooja Ventures,2026-07-07,INR,open
led_007340,ord_007336,3938.00,Gaurav Motors,2026-07-30,INR,open
led_000803,ord_000800,144502.00,Ishaan Digital,2026-07-10,INR,open
led_007035,ord_007029,1272.00,Hiral Pharma,2026-07-24,INR,open
led_003427,ord_003424,1760.00,Lavanya Studio,2026-07-29,INR,open
led_007347,ord_007345,353443.00,Bhavna Retail,2026-07-17,INR,open
led_005354,ord_005352,931.00,Jyoti Interiors,2026-07-21,INR,open
led_002124,ord_002122,3999.00,Eshan Systems,2026-07-24,INR,open
led_001164,ord_001162,21863.00,Gaurav Motors,2026-07-05,INR,open
led_001533,ord_001527,822172.00,Pooja Ventures,2026-07-14,INR,open
led_000674,ord_000670,2240.00,Neha Organics,2026-07-29,INR,open
led_000525,ord_000521,30458.00,Hiral Pharma,2026-07-22,INR,open
led_003339,ord_003337,99681.00,Pooja Ventures,2026-07-20,INR,open
led_000180,ord_000176,86819.00,Divya Foods,2026-07-17,INR,open
led_002810,ord_002808,715.00,Falguni Textiles,2026-07-21,INR,open
led_003300,ord_003296,389688.00,Divya Foods,2026-07-28,INR,open
led_005100,ord_005098,3145.00,Lavanya Studio,2026-11-05,INR,open
led_006650,ord_006646,796.00,Falguni Textiles,2026-07-12,INR,open
led_006382,ord_006378,504.00,Pooja Ventures,2026-07-09,INR,open
led_002366,ord_002361,7871.00,Neha Organics,2026-07-22,INR,open
led_000090,ord_000088,693973.00,Falguni Textiles,2026-07-14,INR,open
led_002971,ord_002968,422.00,Jyoti Interiors,2026-07-03,INR,open
led_004837,ord_004834,857.00,Divya Foods,2026-07-20,INR,open
led_006545,ord_006542,5236.00,Ishaan Digital,2026-07-03,INR,open
led_006530,ord_006528,943.00,Ishaan Digital,2026-07-20,INR,open
led_006447,ord_006443,271.00,Ishaan Digital,2026-07-01,INR,open
led_005927,ord_005925,186423.08,Pooja Ventures,2026-07-10,INR,open
led_004346,ord_004342,924.00,Hiral Pharma,2026-07-13,INR,open
led_001467,ord_001462,127.00,Manish Hardware,2026-07-02,INR,open
led_004274,ord_004271,1104.00,Neha Organics,2026-07-15,INR,open
led_006457,ord_006451,1183.00,Aarav Traders,2026-07-24,INR,open
led_007120,ord_007117,425.00,Aarav Traders,2026-07-24,INR,open
led_006498,ord_006494,8788.00,Hiral Pharma,2026-07-30,INR,open
led_005878,ord_005874,709.00,Hiral Pharma,2026-07-28,INR,open
led_007163,ord_007157,191.00,Divya Foods,2026-07-07,INR,open
led_007482,ord_007477,40228.00,Omkar Steel,2026-07-14,INR,open
led_006347,ord_006343,221.00,Hiral Pharma,2026-07-30,INR,open
led_003952,ord_003949,689.00,Lavanya Studio,2026-07-19,INR,open
led_007065,ord_007061,24906.00,Manish Hardware,2026-07-15,INR,open
led_004509,ord_004507,1618.00,Chetan Logistics,2026-07-14,INR,open
led_003713,ord_003711,45722.00,Eshan Systems,2026-07-03,INR,open
led_007184,ord_007180,155747.00,Bhavna Retail,2026-07-01,INR,open
led_000133,ord_000129,878.00,Pooja Ventures,2026-07-12,INR,open
led_004337,ord_004332,5970.00,Divya Foods,2026-07-30,INR,open
led_004009,ord_004004,2260.00,Manish Hardware,2026-07-15,INR,open
led_005660,ord_005658,5012.00,Lavanya Studio,2026-07-05,INR,open
led_001043,ord_001040,8403.00,Bhavna Retail,2026-07-20,INR,open
led_000563,ord_000559,78035.00,Ishaan Digital,2026-07-03,INR,open
led_002266,ord_002262,635086.00,Neha Organics,2026-07-07,INR,open
led_005846,ord_005843,966.00,Hiral Pharma,2026-07-29,INR,open
led_001320,ord_001316,193376.48,Pooja Ventures,2026-07-09,INR,open
led_004898,ord_004895,6113.00,Gaurav Motors,2026-07-08,INR,open
led_000891,ord_000885,8908.00,Divya Foods,2026-07-14,INR,open
led_005648,ord_005646,728.00,Neha Organics,2026-07-29,INR,open
led_006325,ord_006323,2948.00,Pooja Ventures,2026-07-30,INR,open
led_007730,ord_007728,784608.00,Aarav Traders,2026-07-24,INR,open
led_007138,ord_007136,233.00,Eshan Systems,2026-07-22,INR,open
led_006050,ord_006048,21715.41,Bhavna Retail,2026-07-16,INR,open
led_001702,ord_001696,6069.00,Eshan Systems,2026-07-27,INR,open
led_007296,ord_007294,164.00,Divya Foods,2026-07-09,INR,open
led_005577,ord_005575,2763.00,Chetan Logistics,2026-07-08,INR,open
led_004477,ord_004475,727152.00,Bhavna Retail,2026-07-10,INR,open
led_003562,ord_003556,927417.00,Neha Organics,2026-07-23,INR,open
led_001971,ord_001969,22503.81,Gaurav Motors,2026-07-19,INR,open
led_003995,ord_003991,526868.00,Falguni Textiles,2026-07-20,INR,open
led_007463,ord_007457,222.00,Bhavna Retail,2026-07-29,INR,open
led_002692,ord_002686,49063.00,Bhavna Retail,2026-07-14,INR,open
led_003274,ord_003271,3424.00,Eshan Systems,2026-07-14,INR,open
led_000664,ord_000661,6896.00,Ishaan Digital,2026-07-29,INR,open
led_007805,ord_007803,12252.00,Gaurav Motors,2026-07-31,INR,open
led_005435,ord_005430,984.00,Jyoti Interiors,2026-07-29,INR,open
led_006499,ord_006496,14194.00,Bhavna Retail,2026-07-30,INR,open
led_003469,ord_003467,788.00,Chetan Logistics,2026-07-10,INR,open
led_002403,ord_002400,4895.00,Omkar Steel,2026-07-06,INR,open
led_002414,ord_002409,4971.00,Hiral Pharma,2026-07-07,INR,open
led_004776,ord_004769,83589.00,Neha Organics,2026-07-06,INR,open
led_003637,ord_003634,196.00,Aarav Traders,2026-07-24,INR,open
led_006536,ord_006534,4391.00,Lavanya Studio,2026-07-08,INR,open
led_005236,ord_005231,37598.00,Chetan Logistics,2026-07-07,INR,open
led_006485,ord_006483,681.00,Manish Hardware,2026-07-30,INR,open
led_002547,ord_002543,290.00,Pooja Ventures,2026-07-02,INR,open
led_004581,ord_004579,72001.00,Pooja Ventures,2026-07-02,INR,open
led_000178,ord_000172,3431.00,Neha Organics,2026-07-17,INR,open
led_005448,ord_005446,258438.46,Ishaan Digital,2026-07-24,INR,open
led_005990,ord_005988,4380.00,Neha Organics,2026-07-17,INR,open
led_004231,ord_004229,63301.00,Bhavna Retail,2026-07-01,INR,open
led_006732,ord_006730,750.00,Eshan Systems,2026-07-19,INR,open
led_000473,ord_000468,718608.00,Aarav Traders,2026-07-21,INR,open
led_003149,ord_003147,408.00,Chetan Logistics,2026-11-05,INR,open
led_001759,ord_001757,5158.00,Falguni Textiles,2026-07-24,INR,open
led_003943,ord_003940,424.00,Divya Foods,2026-07-31,INR,open
led_004948,ord_004945,6904.00,Falguni Textiles,2026-07-03,INR,open
led_004430,ord_004426,62199.00,Aarav Traders,2026-07-09,INR,open
led_000224,ord_000220,4379.00,Gaurav Motors,2026-07-04,INR,open
led_001179,ord_001177,4763.00,Omkar Steel,2026-07-04,INR,open
led_000114,ord_000112,821.00,Falguni Textiles,2026-07-02,INR,open
led_001465,ord_001458,389824.00,Falguni Textiles,2026-07-02,INR,open
led_004996,ord_004994,991.00,Omkar Steel,2026-11-05,INR,open
led_002832,ord_002829,549.00,Hiral Pharma,2026-07-23,INR,open
led_005068,ord_005063,897.00,Pooja Ventures,2026-07-20,INR,open
led_004035,ord_004031,553.00,Falguni Textiles,2026-07-30,INR,open
led_005039,ord_005037,92546.00,Lavanya Studio,2026-07-13,INR,open
led_001546,ord_001544,6302.00,Eshan Systems,2026-07-01,INR,open
led_003351,ord_003345,84442.00,Jyoti Interiors,2026-07-01,INR,open
led_002394,ord_002392,7206.00,Chetan Logistics,2026-07-08,INR,open
led_004428,ord_004422,300.00,Manish Hardware,2026-07-09,INR,open
led_000126,ord_000122,747.00,Falguni Textiles,2026-07-12,INR,open
led_003223,ord_003221,19217.00,Jyoti Interiors,2026-07-12,INR,open
led_004739,ord_004734,895.00,Eshan Systems,2026-07-08,INR,open
led_002203,ord_002199,32295.00,Divya Foods,2026-07-03,INR,open
led_005953,ord_005948,686.00,Bhavna Retail,2026-07-14,INR,open
led_005699,ord_005696,158722.00,Bhavna Retail,2026-07-23,INR,open
led_000725,ord_000722,278.00,Kabir Exports,2026-07-08,INR,open
led_005726,ord_005723,978416.00,Gaurav Motors,2026-07-24,INR,open
led_000946,ord_000944,5630.00,Manish Hardware,2026-07-07,INR,open
led_003142,ord_003138,646.00,Pooja Ventures,2026-07-28,INR,open
led_006590,ord_006587,3607.00,Omkar Steel,2026-07-02,INR,open
led_003738,ord_003735,267.00,Manish Hardware,2026-07-03,INR,open
led_000225,ord_000222,2656.00,Pooja Ventures,2026-07-04,INR,open
led_002325,ord_002323,9988.00,Kabir Exports,2026-11-05,INR,open
led_007408,ord_007406,106.00,Pooja Ventures,2026-11-05,INR,open
led_007441,ord_007438,682.00,Pooja Ventures,2026-07-21,INR,open
led_000776,ord_000772,95494.11,Gaurav Motors,2026-07-15,INR,open
led_002157,ord_002154,337.00,Chetan Logistics,2026-07-31,INR,open
led_005835,ord_005833,8298.00,Lavanya Studio,2026-07-29,INR,open
led_001923,ord_001919,37391.00,Kabir Exports,2026-07-26,INR,open
led_006341,ord_006339,58156.00,Jyoti Interiors,2026-07-30,INR,open
led_002897,ord_002890,900723.00,Lavanya Studio,2026-07-01,INR,open
led_001089,ord_001087,15334.00,Hiral Pharma,2026-07-29,INR,open
led_003820,ord_003813,10046.00,Kabir Exports,2026-07-07,INR,open
led_006313,ord_006309,9599.00,Hiral Pharma,2026-07-09,INR,open
led_004241,ord_004237,6739.00,Jyoti Interiors,2026-07-01,INR,open
led_003981,ord_003979,303.00,Divya Foods,2026-07-03,INR,open
led_001880,ord_001876,658.00,Falguni Textiles,2026-07-04,INR,open
led_000179,ord_000174,922907.00,Falguni Textiles,2026-07-17,INR,open
led_007606,ord_007600,8631.00,Falguni Textiles,2026-07-21,INR,open
led_001492,ord_001489,7090.00,Divya Foods,2026-07-16,INR,open
led_000628,ord_000623,1101.00,Lavanya Studio,2026-07-24,INR,open
led_002777,ord_002771,4590.00,Hiral Pharma,2026-07-24,INR,open
led_001856,ord_001854,84124.00,Jyoti Interiors,2026-07-31,INR,open
led_007176,ord_007172,733.00,Neha Organics,2026-07-06,INR,open
led_006109,ord_006107,7733.00,Omkar Steel,2026-07-07,INR,open
led_000038,ord_000036,57547.00,Gaurav Motors,2026-07-27,INR,open
led_000968,ord_000966,7130.00,Lavanya Studio,2026-07-02,INR,open
led_001843,ord_001841,66845.00,Neha Organics,2026-07-10,INR,open
led_003265,ord_003261,2720.00,Bhavna Retail,2026-07-26,INR,open
led_002241,ord_002234,8191.00,Hiral Pharma,2026-07-07,INR,open
led_000617,ord_000615,817.00,Omkar Steel,2026-07-31,INR,open
led_006844,ord_006842,107.00,Ishaan Digital,2026-07-27,INR,open
led_005242,ord_005240,2000.00,Lavanya Studio,2026-07-20,INR,open
led_001811,ord_001807,2711.00,Divya Foods,2026-07-15,INR,open
led_001221,ord_001219,169.00,Manish Hardware,2026-07-02,INR,open
led_004688,ord_004684,736563.00,Omkar Steel,2026-07-07,INR,open
led_007556,ord_007554,601.00,Eshan Systems,2026-07-13,INR,open
led_007036,ord_007031,722.00,Kabir Exports,2026-07-24,INR,open
led_001692,ord_001690,62854.99,Chetan Logistics,2026-07-14,INR,open
led_006356,ord_006352,45168.00,Ishaan Digital,2026-07-06,INR,open
led_007378,ord_007376,459.00,Bhavna Retail,2026-07-02,INR,open
led_005854,ord_005850,872.00,Pooja Ventures,2026-07-16,INR,open
led_002333,ord_002329,479622.00,Jyoti Interiors,2026-07-13,INR,open
led_001998,ord_001996,155039.50,Lavanya Studio,2026-07-24,INR,open
led_003874,ord_003870,166077.21,Ishaan Digital,2026-07-01,INR,open
led_002267,ord_002264,881.00,Chetan Logistics,2026-07-07,INR,open
led_005402,ord_005399,567873.00,Chetan Logistics,2026-07-20,INR,open
led_007447,ord_007445,692.00,Neha Organics,2026-07-14,INR,open
led_005909,ord_005906,4490.00,Divya Foods,2026-07-06,INR,open
led_002427,ord_002425,1717.00,Bhavna Retail,2026-07-02,INR,open
led_002726,ord_002724,9085.00,Chetan Logistics,2026-07-25,INR,open
led_007316,ord_007312,7994.00,Omkar Steel,2026-07-22,INR,open
led_003054,ord_003052,232.00,Hiral Pharma,2026-07-24,INR,open
led_007605,ord_007598,1757.00,Kabir Exports,2026-07-21,INR,open
led_006699,ord_006695,891.00,Gaurav Motors,2026-07-08,INR,open
led_002479,ord_002473,26637.00,Gaurav Motors,2026-07-28,INR,open
led_002940,ord_002938,91930.00,Lavanya Studio,2026-07-27,INR,open
led_002506,ord_002502,83809.41,Divya Foods,2026-07-29,INR,open
led_005845,ord_005841,905.00,Pooja Ventures,2026-07-29,INR,open
led_007021,ord_007019,41202.42,Pooja Ventures,2026-07-13,INR,open
led_002040,ord_002037,5407.00,Bhavna Retail,2026-07-03,INR,open
led_007539,ord_007535,311131.00,Manish Hardware,2026-07-02,INR,open
led_001888,ord_001885,7834.00,Ishaan Digital,2026-07-04,INR,open
led_004278,ord_004276,9213.00,Jyoti Interiors,2026-07-15,INR,open
led_000879,ord_000877,1221.00,Lavanya Studio,2026-07-22,INR,open
led_001335,ord_001330,4893.00,Eshan Systems,2026-07-23,INR,open
led_003365,ord_003361,399.00,Bhavna Retail,2026-07-15,INR,open
led_004784,ord_004782,330.00,Hiral Pharma,2026-07-24,INR,open
led_000245,ord_000241,11653.00,Manish Hardware,2026-07-16,INR,open
led_007517,ord_007514,588.00,Chetan Logistics,2026-07-02,INR,open
led_007675,ord_007673,887.00,Divya Foods,2026-07-01,INR,open
led_004827,ord_004822,541.00,Divya Foods,2026-07-02,INR,open
led_000308,ord_000304,7925.00,Lavanya Studio,2026-07-08,INR,open
led_003987,ord_003985,3354.00,Ishaan Digital,2026-07-29,INR,open
led_001520,ord_001514,4208.00,Neha Organics,2026-07-30,INR,open
led_001136,ord_001134,8621.00,Jyoti Interiors,2026-07-20,INR,open
led_004077,ord_004075,6599.00,Manish Hardware,2026-07-17,INR,open
led_003564,ord_003560,250258.00,Ishaan Digital,2026-07-23,INR,open
led_001803,ord_001801,1347.00,Hiral Pharma,2026-07-16,INR,open
led_001912,ord_001908,35287.00,Omkar Steel,2026-07-26,INR,open
led_005422,ord_005418,132380.17,Jyoti Interiors,2026-07-02,INR,open
led_001059,ord_001056,121.00,Manish Hardware,2026-07-10,INR,open
led_003942,ord_003938,2573.00,Manish Hardware,2026-07-31,INR,open
led_005515,ord_005513,862.00,Omkar Steel,2026-07-08,INR,open
led_003933,ord_003927,71178.00,Kabir Exports,2026-07-07,INR,open
led_001648,ord_001643,112.00,Eshan Systems,2026-07-06,INR,open
led_000940,ord_000938,321308.00,Manish Hardware,2026-07-25,INR,open
led_005952,ord_005946,589.00,Aarav Traders,2026-07-14,INR,open
led_006738,ord_006734,25445.00,Jyoti Interiors,2026-07-19,INR,open
led_006861,ord_006856,642645.00,Omkar Steel,2026-07-01,INR,open
led_000290,ord_000286,149.00,Chetan Logistics,2026-07-31,INR,open
led_002031,ord_002027,665502.00,Divya Foods,2026-07-02,INR,open
led_001769,ord_001763,1931.00,Manish Hardware,2026-07-15,INR,open
led_007843,ord_007841,34722.00,Jyoti Interiors,2026-07-02,INR,open
led_001202,ord_001198,32120.00,Chetan Logistics,2026-07-03,INR,open
led_005323,ord_005318,2873.00,Chetan Logistics,2026-07-27,INR,open
led_000809,ord_000805,9275.00,Omkar Steel,2026-07-10,INR,open
led_005605,ord_005603,638.00,Omkar Steel,2026-07-03,INR,open
led_001363,ord_001361,32872.00,Eshan Systems,2026-07-07,INR,open
led_001132,ord_001129,1448.00,Lavanya Studio,2026-07-20,INR,open
led_004698,ord_004695,5525.00,Manish Hardware,2026-07-23,INR,open
led_002139,ord_002137,795812.00,Gaurav Motors,2026-07-24,INR,open
led_001371,ord_001367,46899.00,Lavanya Studio,2026-07-02,INR,open
led_005117,ord_005112,6398.00,Falguni Textiles,2026-07-13,INR,open
led_003171,ord_003169,249.00,Lavanya Studio,2026-07-17,INR,open
led_000273,ord_000268,5805.00,Hiral Pharma,2026-07-07,INR,open
led_003283,ord_003280,87286.00,Manish Hardware,2026-07-13,INR,open
led_000352,ord_000350,61182.00,Neha Organics,2026-07-13,INR,open
led_002189,ord_002187,6498.00,Aarav Traders,2026-07-17,INR,open
led_001672,ord_001670,5483.00,Gaurav Motors,2026-07-09,INR,open
led_002750,ord_002748,465.00,Kabir Exports,2026-07-07,INR,open
led_006157,ord_006153,2170.00,Manish Hardware,2026-07-24,INR,open
led_000233,ord_000231,836.00,Aarav Traders,2026-07-04,INR,open
led_004456,ord_004449,373185.00,Chetan Logistics,2026-07-23,INR,open
led_002879,ord_002875,130.00,Kabir Exports,2026-07-02,INR,open
led_005023,ord_005021,99088.00,Jyoti Interiors,2026-07-16,INR,open
led_004533,ord_004531,238.00,Jyoti Interiors,2026-07-19,INR,open
led_002148,ord_002145,98960.00,Gaurav Motors,2026-07-21,INR,open
led_004201,ord_004199,850.00,Pooja Ventures,2026-07-30,INR,open
led_000627,ord_000621,929.00,Kabir Exports,2026-07-24,INR,open
led_001571,ord_001569,4356.00,Divya Foods,2026-07-02,INR,open
led_004336,ord_004330,56882.00,Divya Foods,2026-07-30,INR,open
led_003506,ord_003502,455.00,Divya Foods,2026-07-22,INR,open
led_000762,ord_000758,906653.00,Eshan Systems,2026-07-01,INR,open
led_004047,ord_004040,5193.00,Pooja Ventures,2026-07-11,INR,open
led_006389,ord_006387,3327.00,Chetan Logistics,2026-07-23,INR,open
led_006668,ord_006666,923.00,Jyoti Interiors,2026-07-14,INR,open
led_006649,ord_006644,6451.00,Lavanya Studio,2026-07-12,INR,open
led_003719,ord_003715,736706.00,Jyoti Interiors,2026-07-03,INR,open
led_004225,ord_004222,576.00,Aarav Traders,2026-07-07,INR,open
led_006721,ord_006719,4926.00,Manish Hardware,2026-07-19,INR,open
led_003809,ord_003806,821.00,Divya Foods,2026-07-02,INR,open
led_006715,ord_006713,47909.00,Bhavna Retail,2026-07-20,INR,open
led_004055,ord_004053,549.00,Kabir Exports,2026-07-07,INR,open
led_002899,ord_002894,157.00,Gaurav Motors,2026-07-01,INR,open
led_004907,ord_004904,14226.00,Falguni Textiles,2026-07-14,INR,open
led_002177,ord_002174,499.00,Kabir Exports,2026-07-17,INR,open
led_005385,ord_005380,3577.00,Chetan Logistics,2026-07-20,INR,open
led_003273,ord_003269,725.00,Eshan Systems,2026-07-14,INR,open
led_007767,ord_007761,84846.00,Lavanya Studio,2026-07-01,INR,open
led_001658,ord_001655,105607.00,Aarav Traders,2026-07-26,INR,open
led_003761,ord_003759,94235.00,Aarav Traders,2026-11-05,INR,open
led_002181,ord_002179,2613.00,Jyoti Interiors,2026-07-17,INR,open
led_003036,ord_003034,947.00,Ishaan Digital,2026-07-24,INR,open
led_000459,ord_000455,8636.00,Falguni Textiles,2026-07-22,INR,open
led_007618,ord_007616,189867.00,Chetan Logistics,2026-07-14,INR,open
led_000513,ord_000510,3068.00,Jyoti Interiors,2026-07-30,INR,open
led_003372,ord_003368,47287.00,Neha Organics,2026-07-15,INR,open
led_003724,ord_003722,783.00,Kabir Exports,2026-07-03,INR,open
led_000768,ord_000766,5074.00,Jyoti Interiors,2026-07-01,INR,open
led_007624,ord_007622,79046.00,Neha Organics,2026-07-07,INR,open
led_005262,ord_005258,7968.00,Lavanya Studio,2026-07-14,INR,open
led_007572,ord_007570,850.00,Falguni Textiles,2026-07-13,INR,open
led_002981,ord_002975,8238.00,Jyoti Interiors,2026-07-27,INR,open
led_003552,ord_003550,94237.00,Kabir Exports,2026-07-02,INR,open
led_001333,ord_001326,7159.00,Bhavna Retail,2026-07-23,INR,open
led_006491,ord_006487,1278.00,Neha Organics,2026-07-30,INR,open
led_007465,ord_007461,5349.00,Ishaan Digital,2026-07-29,INR,open
led_005346,ord_005340,155.00,Chetan Logistics,2026-07-09,INR,open
led_005434,ord_005428,9662.00,Hiral Pharma,2026-07-29,INR,open
led_005471,ord_005468,273.00,Pooja Ventures,2026-07-06,INR,open
led_001121,ord_001114,887945.00,Omkar Steel,2026-07-06,INR,open
led_001791,ord_001788,992.00,Lavanya Studio,2026-07-27,INR,open
led_004386,ord_004382,8406.00,Pooja Ventures,2026-07-03,INR,open
led_005762,ord_005758,57305.18,Divya Foods,2026-07-15,INR,open
led_006250,ord_006248,6561.00,Kabir Exports,2026-07-17,INR,open
led_003391,ord_003389,918.00,Kabir Exports,2026-07-27,INR,open
led_001052,ord_001049,514.00,Gaurav Motors,2026-07-10,INR,open
led_003573,ord_003570,635710.00,Ishaan Digital,2026-07-28,INR,open
led_003381,ord_003379,7700.00,Ishaan Digital,2026-07-15,INR,open
led_007025,ord_007023,41202.42,Aarav Traders,2026-07-13,INR,open
led_003188,ord_003186,913962.00,Eshan Systems,2026-07-14,INR,open
led_002221,ord_002219,40894.00,Pooja Ventures,2026-07-14,INR,open
led_003116,ord_003114,190732.41,Gaurav Motors,2026-07-13,INR,open
led_002865,ord_002863,28124.00,Falguni Textiles,2026-07-01,INR,open
led_003313,ord_003307,95604.00,Divya Foods,2026-07-27,INR,open
led_006295,ord_006293,349.00,Eshan Systems,2026-07-31,INR,open
led_002285,ord_002282,733.00,Bhavna Retail,2026-07-08,INR,open
led_004639,ord_004634,1846.00,Manish Hardware,2026-07-16,INR,open
led_001561,ord_001559,731.00,Kabir Exports,2026-07-09,INR,open
led_007279,ord_007277,73771.00,Aarav Traders,2026-07-29,INR,open
led_006329,ord_006327,8735.00,Eshan Systems,2026-07-30,INR,open
led_000201,ord_000199,877774.00,Chetan Logistics,2026-07-02,INR,open
led_000718,ord_000716,6886.00,Aarav Traders,2026-07-08,INR,open
led_005133,ord_005130,340.00,Bhavna Retail,2026-07-30,INR,open
led_000149,ord_000146,1724.00,Divya Foods,2026-07-09,INR,open
led_000814,ord_000812,677.00,Lavanya Studio,2026-07-10,INR,open
led_004025,ord_004019,67205.00,Aarav Traders,2026-07-28,INR,open
led_002758,ord_002754,2491.00,Aarav Traders,2026-07-08,INR,open
led_004119,ord_004116,87830.00,Omkar Steel,2026-07-09,INR,open
led_004303,ord_004297,2376.00,Chetan Logistics,2026-07-06,INR,open
led_006243,ord_006237,3332.00,Aarav Traders,2026-07-17,INR,open
led_007002,ord_006998,675.00,Kabir Exports,2026-07-14,INR,open
led_000830,ord_000826,1396.00,Bhavna Retail,2026-07-10,INR,open
led_004254,ord_004250,23823.00,Ishaan Digital,2026-07-03,INR,open
led_006096,ord_006090,9546.00,Manish Hardware,2026-07-23,INR,open
led_002905,ord_002903,2955.00,Kabir Exports,2026-07-02,INR,open
led_001871,ord_001868,114912.84,Falguni Textiles,2026-07-13,INR,open
led_002381,ord_002377,94087.51,Kabir Exports,2026-07-09,INR,open
led_007250,ord_007248,79105.00,Divya Foods,2026-07-31,INR,open
led_002898,ord_002892,99667.00,Gaurav Motors,2026-07-01,INR,open
led_002600,ord_002598,1604.00,Aarav Traders,2026-07-08,INR,open
led_003974,ord_003970,4089.00,Bhavna Retail,2026-07-26,INR,open
led_004235,ord_004233,5294.00,Lavanya Studio,2026-07-01,INR,open
led_004195,ord_004192,12250.00,Eshan Systems,2026-07-25,INR,open
led_004485,ord_004483,9941.00,Neha Organics,2026-07-10,INR,open
led_000849,ord_000847,35840.02,Bhavna Retail,2026-07-17,INR,open
led_005330,ord_005328,3892.00,Falguni Textiles,2026-07-19,INR,open
led_000060,ord_000056,29942.00,Divya Foods,2026-07-30,INR,open
led_005999,ord_005996,1223.00,Falguni Textiles,2026-07-31,INR,open
led_005371,ord_005367,384973.00,Bhavna Retail,2026-07-25,INR,open
led_002284,ord_002280,904.00,Aarav Traders,2026-07-08,INR,open
led_005792,ord_005786,815.00,Pooja Ventures,2026-07-15,INR,open
led_004763,ord_004757,6187.00,Divya Foods,2026-07-30,INR,open
led_001398,ord_001393,839.00,Falguni Textiles,2026-07-13,INR,open
led_000930,ord_000923,933.00,Pooja Ventures,2026-07-16,INR,open
led_004314,ord_004311,5324.00,Gaurav Motors,2026-07-23,INR,open
led_001321,ord_001318,81680.75,Hiral Pharma,2026-07-09,INR,open
led_001483,ord_001481,63854.00,Omkar Steel,2026-07-28,INR,open
led_000017,ord_000013,190.00,Omkar Steel,2026-07-10,INR,open
led_006097,ord_006092,4429.00,Chetan Logistics,2026-07-23,INR,open
led_005521,ord_005519,142.00,Eshan Systems,2026-07-18,INR,open
led_006060,ord_006058,191084.60,Neha Organics,2026-07-31,INR,open
led_006271,ord_006267,63731.00,Bhavna Retail,2026-07-01,INR,open
led_003457,ord_003455,986.00,Falguni Textiles,2026-07-07,INR,open
led_006874,ord_006872,184.00,Falguni Textiles,2026-07-07,INR,open
led_003964,ord_003962,789658.00,Aarav Traders,2026-07-26,INR,open
led_007196,ord_007192,3297.00,Eshan Systems,2026-07-31,INR,open
led_005725,ord_005721,254.00,Hiral Pharma,2026-07-24,INR,open
led_000194,ord_000190,1265.00,Falguni Textiles,2026-07-07,INR,open
led_007099,ord_007094,9798.00,Neha Organics,2026-07-24,INR,open
led_000299,ord_000295,846343.00,Falguni Textiles,2026-07-20,INR,open
led_005235,ord_005229,588275.00,Ishaan Digital,2026-07-07,INR,open
led_001229,ord_001225,183.00,Jyoti Interiors,2026-07-15,INR,open
led_003143,ord_003140,7691.00,Aarav Traders,2026-07-28,INR,open
led_000533,ord_000529,140837.00,Hiral Pharma,2026-07-01,INR,open
led_002402,ord_002398,576.00,Divya Foods,2026-07-06,INR,open
led_003282,ord_003278,16349.00,Jyoti Interiors,2026-07-13,INR,open
led_007471,ord_007469,27689.00,Manish Hardware,2026-07-15,INR,open
led_005176,ord_005174,510.00,Aarav Traders,2026-07-06,INR,open
led_006755,ord_006749,236.00,Jyoti Interiors,2026-07-23,INR,open
led_003426,ord_003422,224441.00,Aarav Traders,2026-07-29,INR,open
led_000838,ord_000834,6664.00,Manish Hardware,2026-07-14,INR,open
led_002276,ord_002273,850.00,Manish Hardware,2026-07-07,INR,open
led_007109,ord_007103,733.00,Chetan Logistics,2026-07-20,INR,open
led_006792,ord_006790,1134.00,Kabir Exports,2026-07-30,INR,open
led_004273,ord_004269,7815.00,Gaurav Motors,2026-07-15,INR,open
led_002948,ord_002944,8851.00,Falguni Textiles,2026-07-10,INR,open
led_000699,ord_000694,2681.00,Hiral Pharma,2026-07-08,INR,open
led_002982,ord_002977,775607.00,Jyoti Interiors,2026-07-27,INR,open
led_005362,ord_005358,428.00,Divya Foods,2026-07-22,INR,open
led_003770,ord_003767,72992.00,Neha Organics,2026-07-31,INR,open
led_000796,ord_000794,6652.00,Hiral Pharma,2026-07-10,INR,open
led_000892,ord_000887,442.00,Divya Foods,2026-07-14,INR,open
led_000594,ord_000592,30730.25,Ishaan Digital,2026-07-03,INR,open
led_004104,ord_004101,1221.00,Manish Hardware,2026-07-09,INR,open
led_001399,ord_001395,3241.00,Hiral Pharma,2026-07-13,INR,open
led_005900,ord_005898,15159.00,Divya Foods,2026-07-29,INR,open
led_005168,ord_005166,7237.00,Omkar Steel,2026-07-13,INR,open
led_003887,ord_003880,5619.00,Falguni Textiles,2026-07-25,INR,open
led_004457,ord_004451,84037.00,Gaurav Motors,2026-07-23,INR,open
led_002821,ord_002814,658.00,Bhavna Retail,2026-07-28,INR,open
led_003821,ord_003815,487920.00,Ishaan Digital,2026-07-07,INR,open
led_001416,ord_001411,3227.00,Falguni Textiles,2026-07-01,INR,open
led_004026,ord_004021,108.00,Eshan Systems,2026-07-28,INR,open
led_007431,ord_007426,5614.00,Hiral Pharma,2026-07-24,INR,open
led_005888,ord_005885,2025.00,Bhavna Retail,2026-07-02,INR,open
led_000472,ord_000466,247138.00,Falguni Textiles,2026-07-21,INR,open
led_001203,ord_001200,586.00,Hiral Pharma,2026-07-03,INR,open
led_005322,ord_005316,554.00,Aarav Traders,2026-07-27,INR,open
led_002983,ord_002979,7589.00,Omkar Steel,2026-07-27,INR,open
led_007864,ord_007862,8824.00,Manish Hardware,2026-07-24,INR,open
led_003217,ord_003215,5254.00,Gaurav Motors,2026-07-09,INR,open
led_003975,ord_003972,3387.00,Manish Hardware,2026-07-26,INR,open
led_004597,ord_004593,80159.00,Pooja Ventures,2026-07-21,INR,open
led_003889,ord_003884,814.00,Aarav Traders,2026-07-25,INR,open
led_003080,ord_003076,184669.69,Chetan Logistics,2026-07-07,INR,open
led_005423,ord_005420,74941.20,Aarav Traders,2026-07-02,INR,open
led_006581,ord_006579,334.00,Gaurav Motors,2026-07-01,INR,open
led_004064,ord_004061,176968.33,Gaurav Motors,2026-07-09,INR,open
led_000134,ord_000131,150.00,Bhavna Retail,2026-07-12,INR,open
led_006242,ord_006235,962859.00,Eshan Systems,2026-07-17,INR,open
led_002091,ord_002089,22088.00,Pooja Ventures,2026-07-10,INR,open
led_002759,ord_002756,66297.00,Manish Hardware,2026-07-08,INR,open
led_001273,ord_001271,284.00,Aarav Traders,2026-07-13,INR,open
led_003698,ord_003692,2496.00,Gaurav Motors,2026-07-23,INR,open
led_002433,ord_002431,709.00,Eshan Systems,2026-07-27,INR,open
led_004103,ord_004099,348367.00,Lavanya Studio,2026-07-09,INR,open
led_004284,ord_004282,57475.91,Falguni Textiles,2026-07-10,INR,open
led_000345,ord_000339,936.00,Hiral Pharma,2026-07-17,INR,open
led_002886,ord_002884,487807.00,Ishaan Digital,2026-07-22,INR,open
led_002682,ord_002680,752.00,Ishaan Digital,2026-07-02,INR,open
led_001498,ord_001496,29265.00,Neha Organics,2026-07-09,INR,open
led_006145,ord_006143,114413.74,Pooja Ventures,2026-07-07,INR,open
led_007849,ord_007847,4171.00,Pooja Ventures,2026-07-10,INR,open
led_003263,ord_003257,3580.00,Jyoti Interiors,2026-07-26,INR,open
led_002961,ord_002955,6863.00,Gaurav Motors,2026-07-27,INR,open
led_004971,ord_004966,640.00,Kabir Exports,2026-07-29,INR,open
led_000598,ord_000596,30730.25,Lavanya Studio,2026-07-03,INR,open
led_006025,ord_006021,1383.00,Eshan Systems,2026-07-29,INR,open
led_000376,ord_000374,782.00,Jyoti Interiors,2026-07-28,INR,open
led_002156,ord_002152,7230.00,Manish Hardware,2026-07-31,INR,open
led_004916,ord_004913,936.00,Pooja Ventures,2026-07-01,INR,open
led_005827,ord_005825,725361.00,Pooja Ventures,2026-07-29,INR,open
led_000760,ord_000754,406893.00,Lavanya Studio,2026-07-01,INR,open
led_003932,ord_003925,731.00,Falguni Textiles,2026-07-07,INR,open
led_006679,ord_006674,1823.00,Jyoti Interiors,2026-07-10,INR,open
led_005601,ord_005599,1992.00,Ishaan Digital,2026-07-03,INR,open
led_002010,ord_002006,139.00,Lavanya Studio,2026-07-12,INR,open
led_004978,ord_004976,8023.00,Jyoti Interiors,2026-07-22,INR,open
led_000952,ord_000950,662586.00,Bhavna Retail,2026-07-18,INR,open
led_004954,ord_004952,739.00,Manish Hardware,2026-07-12,INR,open
led_000639,ord_000633,317.00,Omkar Steel,2026-07-10,INR,open
led_004658,ord_004656,1008.00,Ishaan Digital,2026-07-15,INR,open
led_003581,ord_003577,1365.00,Aarav Traders,2026-07-21,INR,open
led_000629,ord_000625,1290.00,Kabir Exports,2026-07-24,INR,open
led_005879,ord_005876,4643.00,Ishaan Digital,2026-07-28,INR,open
led_000912,ord_000907,1450.00,Eshan Systems,2026-07-27,INR,open
led_006044,ord_006042,916316.00,Ishaan Digital,2026-07-06,INR,open
led_007697,ord_007695,18420.00,Neha Organics,2026-07-14,INR,open
led_000400,ord_000398,497.00,Falguni Textiles,2026-07-14,INR,open
led_003024,ord_003022,184079.53,Chetan Logistics,2026-07-14,INR,open
led_006569,ord_006566,9072.00,Gaurav Motors,2026-07-23,INR,open
led_004458,ord_004453,269.00,Pooja Ventures,2026-07-23,INR,open
led_001077,ord_001075,123252.77,Manish Hardware,2026-07-24,INR,open
led_000512,ord_000508,945730.00,Divya Foods,2026-07-30,INR,open
led_005540,ord_005535,679.00,Manish Hardware,2026-07-17,INR,open
led_005998,ord_005994,93922.00,Ishaan Digital,2026-07-31,INR,open
led_000575,ord_000570,9025.00,Chetan Logistics,2026-07-30,INR,open
led_005941,ord_005937,2259.00,Neha Organics,2026-07-26,INR,open
led_001293,ord_001291,6769.00,Aarav Traders,2026-07-03,INR,open
led_000983,ord_000979,387.00,Pooja Ventures,2026-07-10,INR,open
led_004778,ord_004773,53997.00,Aarav Traders,2026-07-06,INR,open
led_001578,ord_001575,62568.00,Divya Foods,2026-07-02,INR,open
led_006987,ord_006983,311146.00,Omkar Steel,2026-07-17,INR,open
led_007827,ord_007825,64766.81,Bhavna Retail,2026-07-03,INR,open
led_001379,ord_001376,464546.00,Aarav Traders,2026-07-02,INR,open
led_005642,ord_005640,622.00,Ishaan Digital,2026-07-17,INR,open
led_004989,ord_004984,537.00,Lavanya Studio,2026-07-03,INR,open
led_003720,ord_003717,192.00,Jyoti Interiors,2026-07-03,INR,open
led_003163,ord_003159,158583.33,Aarav Traders,2026-07-06,INR,open
led_004545,ord_004543,1959.00,Omkar Steel,2026-07-15,INR,open
led_001311,ord_001307,67610.00,Kabir Exports,2026-07-11,INR,open
led_005456,ord_005454,337.00,Pooja Ventures,2026-07-26,INR,open
led_007779,ord_007777,7813.00,Ishaan Digital,2026-07-28,INR,open
led_004870,ord_004868,908.00,Ishaan Digital,2026-07-13,INR,open
led_000140,ord_000138,73866.00,Chetan Logistics,2026-07-10,INR,open
led_003445,ord_003443,76220.96,Gaurav Motors,2026-07-10,INR,open
led_007401,ord_007397,972.00,Gaurav Motors,2026-07-31,INR,open
led_001519,ord_001512,516.00,Chetan Logistics,2026-07-30,INR,open
led_001022,ord_001017,279.00,Divya Foods,2026-07-22,INR,open
led_000327,ord_000324,4620.00,Divya Foods,2026-07-28,INR,open
led_006700,ord_006697,176.00,Kabir Exports,2026-07-08,INR,open
led_003058,ord_003056,661.00,Hiral Pharma,2026-07-24,INR,open
led_007548,ord_007544,9263.00,Gaurav Motors,2026-07-01,INR,open
led_007057,ord_007055,1688.00,Hiral Pharma,2026-11-05,INR,open
led_006772,ord_006769,9486.00,Jyoti Interiors,2026-07-30,INR,open
led_005538,ord_005531,496550.00,Hiral Pharma,2026-07-17,INR,open
led_000996,ord_000992,2532.00,Ishaan Digital,2026-07-20,INR,open
led_002962,ord_002957,145.00,Gaurav Motors,2026-07-27,INR,open
led_002291,ord_002289,9173.00,Manish Hardware,2026-07-16,INR,open
led_007246,ord_007244,1117.00,Jyoti Interiors,2026-07-31,INR,open
led_003241,ord_003238,33151.00,Pooja Ventures,2026-07-28,INR,open
led_004777,ord_004771,5053.00,Omkar Steel,2026-07-06,INR,open
led_007206,ord_007203,51565.00,Falguni Textiles,2026-07-07,INR,open
led_002831,ord_002827,379.00,Neha Organics,2026-07-23,INR,open
led_000610,ord_000604,20366.00,Jyoti Interiors,2026-07-02,INR,open
led_006962,ord_006957,5883.00,Bhavna Retail,2026-07-31,INR,open
led_007393,ord_007390,8022.00,Lavanya Studio,2026-07-25,INR,open
led_005819,ord_005813,2951.00,Omkar Steel,2026-07-13,INR,open
led_003901,ord_003895,50318.00,Pooja Ventures,2026-07-17,INR,open
led_000668,ord_000666,5858.00,Eshan Systems,2026-07-29,INR,open
led_004937,ord_004933,177555.77,Chetan Logistics,2026-07-07,INR,open
led_004436,ord_004434,610.00,Jyoti Interiors,2026-07-15,INR,open
led_003416,ord_003414,22251.38,Hiral Pharma,2026-07-15,INR,open
led_002389,ord_002387,83659.00,Gaurav Motors,2026-07-16,INR,open
led_001303,ord_001301,30522.00,Ishaan Digital,2026-07-08,INR,open
led_003539,ord_003535,11501.00,Kabir Exports,2026-07-30,INR,open
led_004866,ord_004864,1830.00,Chetan Logistics,2026-07-13,INR,open
led_002309,ord_002307,36730.00,Gaurav Motors,2026-07-10,INR,open
led_005462,ord_005460,974.00,Neha Organics,2026-07-29,INR,open
led_004626,ord_004620,715.00,Hiral Pharma,2026-07-24,INR,open
led_001610,ord_001605,544686.00,Jyoti Interiors,2026-07-07,INR,open
led_004680,ord_004675,5103.00,Omkar Steel,2026-07-15,INR,open
led_005527,ord_005525,301.00,Neha Organics,2026-07-27,INR,open
led_001435,ord_001432,961.00,Ishaan Digital,2026-07-03,INR,open
led_000250,ord_000248,208321.00,Hiral Pharma,2026-07-28,INR,open
led_002604,ord_002602,8691.00,Bhavna Retail,2026-07-08,INR,open
led_001107,ord_001105,286.00,Hiral Pharma,2026-07-22,INR,open
led_005654,ord_005652,384576.00,Jyoti Interiors,2026-07-24,INR,open
led_001555,ord_001552,9542.00,Omkar Steel,2026-07-08,INR,open
led_002492,ord_002488,68316.00,Ishaan Digital,2026-07-13,INR,open
led_001721,ord_001719,8396.00,Ishaan Digital,2026-07-10,INR,open
led_000214,ord_000212,501557.00,Chetan Logistics,2026-07-04,INR,open
led_001881,ord_001878,1791.00,Gaurav Motors,2026-07-04,INR,open
led_000576,ord_000572,717.00,Gaurav Motors,2026-07-30,INR,open
led_003513,ord_003509,2981.00,Neha Organics,2026-07-22,INR,open
led_007290,ord_007287,3024.00,Kabir Exports,2026-07-13,INR,open
led_004826,ord_004820,9823.00,Ishaan Digital,2026-07-02,INR,open
led_000333,ord_000331,620.00,Lavanya Studio,2026-07-28,INR,open
led_005234,ord_005227,1940.00,Kabir Exports,2026-07-07,INR,open
led_000855,ord_000853,6257.00,Kabir Exports,2026-07-03,INR,open
led_003658,ord_003653,862000.00,Falguni Textiles,2026-07-22,INR,open
led_001780,ord_001774,4263.00,Manish Hardware,2026-07-30,INR,open
led_003100,ord_003094,106251.00,Neha Organics,2026-07-23,INR,open
led_004604,ord_004602,5637.00,Divya Foods,2026-07-17,INR,open
led_002588,ord_002586,49271.00,Hiral Pharma,2026-07-17,INR,open
led_002131,ord_002128,8813.00,Hiral Pharma,2026-07-24,INR,open
led_004347,ord_004344,68018.00,Lavanya Studio,2026-07-13,INR,open
led_003253,ord_003251,282500.00,Ishaan Digital,2026-07-15,INR,open
led_004539,ord_004537,787105.00,Pooja Ventures,2026-07-18,INR,open
led_003406,ord_003403,4876.00,Falguni Textiles,2026-07-31,INR,open
led_002165,ord_002161,2910.00,Eshan Systems,2026-07-17,INR,open
led_001649,ord_001645,729.00,Hiral Pharma,2026-07-06,INR,open
led_006678,ord_006672,3681.00,Jyoti Interiors,2026-07-10,INR,open
led_002949,ord_002946,69733.00,Omkar Steel,2026-07-10,INR,open
led_005869,ord_005865,74724.00,Eshan Systems,2026-07-30,INR,open
led_005775,ord_005770,8866.00,Chetan Logistics,2026-07-05,INR,open
led_005118,ord_005114,62108.00,Aarav Traders,2026-07-13,INR,open
led_005588,ord_005583,45026.00,Jyoti Interiors,2026-07-31,INR,open
led_000657,ord_000655,704.00,Kabir Exports,2026-07-29,INR,open
led_006632,ord_006630,694.00,Lavanya Studio,2026-07-27,INR,open
led_005954,ord_005950,180.00,Lavanya Studio,2026-07-14,INR,open
led_002019,ord_002016,384046.00,Pooja Ventures,2026-07-06,INR,open
led_007549,ord_007546,5220.00,Eshan Systems,2026-07-01,INR,open
led_006210,ord_006206,701.00,Chetan Logistics,2026-07-06,INR,open
led_004847,ord_004841,4496.00,Omkar Steel,2026-07-03,INR,open
led_001355,ord_001348,53625.00,Jyoti Interiors,2026-07-24,INR,open
led_003397,ord_003395,176.00,Omkar Steel,2026-07-03,INR,open
led_002703,ord_002700,9167.00,Eshan Systems,2026-07-30,INR,open
led_006777,ord_006775,6621.00,Ishaan Digital,2026-07-23,INR,open
led_001023,ord_001019,9413.00,Lavanya Studio,2026-07-22,INR,open
led_005188,ord_005184,414581.00,Hiral Pharma,2026-07-27,INR,open
led_001710,ord_001708,6015.00,Omkar Steel,2026-07-12,INR,open
led_004015,ord_004013,32232.00,Kabir Exports,2026-07-27,INR,open
led_004717,ord_004715,20425.00,Neha Organics,2026-07-19,INR,open
led_001825,ord_001820,52173.00,Bhavna Retail,2026-07-06,INR,open
led_002446,ord_002444,962.00,Falguni Textiles,2026-07-15,INR,open
led_006169,ord_006163,718.00,Falguni Textiles,2026-07-08,INR,open
led_000155,ord_000153,168.00,Gaurav Motors,2026-07-20,INR,open
led_000540,ord_000538,356.00,Falguni Textiles,2026-07-31,INR,open
led_003780,ord_003774,8693.00,Pooja Ventures,2026-07-06,INR,open
led_002822,ord_002816,6975.00,Jyoti Interiors,2026-07-28,INR,open
led_007507,ord_007501,54583.00,Falguni Textiles,2026-07-12,INR,open
led_005782,ord_005780,3041.00,Gaurav Motors,2026-07-04,INR,open
led_006311,ord_006305,746.00,Eshan Systems,2026-07-09,INR,open
led_006728,ord_006725,7996.00,Eshan Systems,2026-07-19,INR,open
led_006659,ord_006656,188146.89,Omkar Steel,2026-07-02,INR,open
led_000890,ord_000883,756367.00,Ishaan Digital,2026-07-14,INR,open
led_005595,ord_005593,927332.00,Aarav Traders,2026-07-23,INR,open
led_001887,ord_001883,812.00,Hiral Pharma,2026-07-04,INR,open
led_001188,ord_001185,736.00,Kabir Exports,2026-07-09,INR,open
led_002960,ord_002953,243540.00,Manish Hardware,2026-07-27,INR,open
led_004404,ord_004402,204.00,Manish Hardware,2026-11-05,INR,open
led_002567,ord_002565,94848.00,Chetan Logistics,2026-07-15,INR,open
led_004792,ord_004790,70558.00,Gaurav Motors,2026-07-24,INR,open
led_004216,ord_004214,3602.00,Omkar Steel,2026-07-01,INR,open
led_000168,ord_000163,74503.00,Hiral Pharma,2026-07-22,INR,open
led_004063,ord_004059,160097.14,Gaurav Motors,2026-07-09,INR,open
led_005623,ord_005620,304.00,Chetan Logistics,2026-07-03,INR,open
led_002195,ord_002193,788.00,Chetan Logistics,2026-07-11,INR,open
led_004627,ord_004622,12390.00,Chetan Logistics,2026-07-24,INR,open
led_004418,ord_004415,9528.00,Lavanya Studio,2026-07-29,INR,open
led_002018,ord_002014,27444.00,Jyoti Interiors,2026-07-06,INR,open
led_004616,ord_004614,5671.00,Omkar Steel,2026-07-24,INR,open
led_003839,ord_003836,7487.00,Manish Hardware,2026-07-17,INR,open
led_004947,ord_004943,759.00,Hiral Pharma,2026-07-03,INR,open
led_003628,ord_003626,8998.00,Jyoti Interiors,2026-07-28,INR,open
led_000186,ord_000184,74771.00,Aarav Traders,2026-07-03,INR,open
led_007414,ord_007412,334.00,Eshan Systems,2026-07-29,INR,open
led_004960,ord_004958,897.00,Pooja Ventures,2026-07-28,INR,open
led_007594,ord_007592,752.00,Manish Hardware,2026-07-17,INR,open
led_002792,ord_002790,173267.56,Ishaan Digital,2026-07-15,INR,open
led_000663,ord_000659,7023.00,Gaurav Motors,2026-07-29,INR,open
led_000412,ord_000408,607820.00,Jyoti Interiors,2026-07-17,INR,open
led_004679,ord_004673,4178.00,Aarav Traders,2026-07-15,INR,open
led_007532,ord_007529,964.00,Pooja Ventures,2026-07-29,INR,open
led_002928,ord_002924,9282.00,Lavanya Studio,2026-07-30,INR,open
led_001269,ord_001267,36555.00,Omkar Steel,2026-07-13,INR,open
led_001466,ord_001460,386.00,Jyoti Interiors,2026-07-02,INR,open
led_004398,ord_004394,9026.00,Manish Hardware,2026-07-10,INR,open
led_007657,ord_007655,493339.00,Gaurav Motors,2026-07-14,INR,open
led_006038,ord_006036,7323.00,Falguni Textiles,2026-07-24,INR,open
led_007110,ord_007105,220316.00,Lavanya Studio,2026-07-20,INR,open
led_005870,ord_005867,47544.00,Falguni Textiles,2026-07-30,INR,open
led_006132,ord_006127,5782.00,Jyoti Interiors,2026-07-30,INR,open
led_001904,ord_001902,6016.00,Kabir Exports,2026-07-02,INR,open
led_005092,ord_005085,7950.00,Ishaan Digital,2026-07-23,INR,open
led_001279,ord_001275,673335.00,Manish Hardware,2026-07-13,INR,open
led_006095,ord_006088,184.00,Hiral Pharma,2026-07-23,INR,open
led_003822,ord_003817,689100.00,Ishaan Digital,2026-07-07,INR,open
led_005698,ord_005694,9935.00,Falguni Textiles,2026-07-23,INR,open
led_002170,ord_002168,28526.00,Lavanya Studio,2026-07-17,INR,open
led_003968,ord_003966,8950.00,Eshan Systems,2026-07-26,INR,open
led_005793,ord_005788,2286.00,Lavanya Studio,2026-07-15,INR,open
led_000845,ord_000843,35840.02,Bhavna Retail,2026-07-17,INR,open
led_004365,ord_004363,8824.00,Chetan Logistics,2026-07-31,INR,open
led_004848,ord_004843,670401.00,Neha Organics,2026-07-03,INR,open
led_006771,ord_006767,2308.00,Lavanya Studio,2026-07-30,INR,open
led_004640,ord_004636,2591.00,Falguni Textiles,2026-07-16,INR,open
led_002778,ord_002773,626.00,Omkar Steel,2026-07-24,INR,open
led_006511,ord_006507,184.00,Jyoti Interiors,2026-07-25,INR,open
led_000611,ord_000606,7229.00,Neha Organics,2026-07-02,INR,open
led_005960,ord_005958,56708.00,Aarav Traders,2026-07-02,INR,open
led_000080,ord_000078,18402.00,Jyoti Interiors,2026-07-30,INR,open
led_006133,ord_006129,308.00,Pooja Ventures,2026-07-30,INR,open
led_003854,ord_003852,95369.00,Divya Foods,2026-07-27,INR,open
led_001356,ord_001350,4047.00,Bhavna Retail,2026-07-24,INR,open
led_005414,ord_005412,11343.00,Falguni Textiles,2026-07-07,INR,open
led_003030,ord_003028,470.00,Gaurav Motors,2026-07-31,INR,open
led_003888,ord_003882,905.00,Chetan Logistics,2026-07-25,INR,open
led_000262,ord_000258,605.00,Hiral Pharma,2026-07-09,INR,open
led_005302,ord_005298,995.00,Chetan Logistics,2026-07-17,INR,open
led_002622,ord_002619,836.00,Manish Hardware,2026-07-08,INR,open
led_005162,ord_005160,669.00,Jyoti Interiors,2026-07-02,INR,open
led_005205,ord_005203,1047.00,Kabir Exports,2026-07-06,INR,open
led_001425,ord_001421,2673.00,Manish Hardware,2026-07-24,INR,open
led_000272,ord_000266,429836.00,Divya Foods,2026-07-07,INR,open
led_006414,ord_006410,175251.69,Manish Hardware,2026-07-28,INR,open
led_006230,ord_006226,577.00,Hiral Pharma,2026-07-31,INR,open
led_003645,ord_003641,189885.64,Omkar Steel,2026-07-30,INR,open
led_006922,ord_006918,7029.00,Omkar Steel,2026-07-24,INR,open
led_002354,ord_002350,481.00,Aarav Traders,2026-07-21,INR,open
led_006220,ord_006214,5182.00,Kabir Exports,2026-07-07,INR,open
led_007681,ord_007679,3379.00,Gaurav Motors,2026-07-23,INR,open
led_005754,ord_005752,196713.00,Jyoti Interiors,2026-07-22,INR,open
led_007132,ord_007128,150.00,Lavanya Studio,2026-07-18,INR,open
led_006363,ord_006361,165746.14,Kabir Exports,2026-07-30,INR,open
led_005675,ord_005672,3955.00,Pooja Ventures,2026-07-13,INR,open
led_005887,ord_005883,148997.00,Aarav Traders,2026-07-02,INR,open
led_001924,ord_001921,403887.00,Chetan Logistics,2026-07-26,INR,open
led_001236,ord_001234,534.00,Kabir Exports,2026-11-05,INR,open
led_007355,ord_007351,29491.00,Falguni Textiles,2026-07-22,INR,open
led_004706,ord_004702,265874.00,Lavanya Studio,2026-07-20,INR,open
led_004816,ord_004814,966.00,Divya Foods,2026-07-21,INR,open
led_001131,ord_001127,50955.00,Hiral Pharma,2026-07-20,INR,open
led_000061,ord_000058,7101.00,Lavanya Studio,2026-07-30,INR,open
led_003782,ord_003778,837371.00,Gaurav Motors,2026-07-06,INR,open
led_003563,ord_003558,762.00,Bhavna Retail,2026-07-23,INR,open
led_004444,ord_004440,5116.00,Bhavna Retail,2026-07-17,INR,open
led_006446,ord_006441,43737.00,Kabir Exports,2026-07-01,INR,open
led_006435,ord_006430,893854.00,Chetan Logistics,2026-07-23,INR,open
led_002784,ord_002782,720696.00,Eshan Systems,2026-07-13,INR,open
led_001771,ord_001767,75341.00,Eshan Systems,2026-07-15,INR,open
led_005347,ord_005342,382.00,Manish Hardware,2026-07-09,INR,open
led_004385,ord_004380,253.00,Falguni Textiles,2026-07-03,INR,open
led_003671,ord_003669,6678.00,Ishaan Digital,2026-07-20,INR,open
led_001032,ord_001029,134078.00,Divya Foods,2026-07-22,INR,open
led_003838,ord_003834,8251.00,Aarav Traders,2026-07-17,INR,open
led_002229,ord_002225,975.00,Divya Foods,2026-07-07,INR,open
led_001454,ord_001449,6445.00,Kabir Exports,2026-07-16,INR,open
led_002340,ord_002338,669023.00,Aarav Traders,2026-07-24,INR,open
led_004338,ord_004334,704.00,Chetan Logistics,2026-07-30,INR,open
led_005734,ord_005730,242.00,Falguni Textiles,2026-07-28,INR,open
led_001172,ord_001168,588008.00,Pooja Ventures,2026-07-21,INR,open
led_001688,ord_001686,62854.99,Neha Organics,2026-07-14,INR,open
led_001344,ord_001341,162.00,Bhavna Retail,2026-07-28,INR,open
led_005132,ord_005128,8271.00,Ishaan Digital,2026-07-30,INR,open
led_000640,ord_000635,9102.00,Kabir Exports,2026-07-10,INR,open
led_003847,ord_003843,6928.00,Bhavna Retail,2026-07-22,INR,open
led_003657,ord_003651,7286.00,Ishaan Digital,2026-07-22,INR,open
led_003211,ord_003209,2258.00,Divya Foods,2026-07-10,INR,open
led_000737,ord_000735,62943.00,Gaurav Motors,2026-07-08,INR,open
led_002498,ord_002496,667789.00,Chetan Logistics,2026-07-07,INR,open
led_005687,ord_005685,54740.00,Divya Foods,2026-07-22,INR,open
led_002255,ord_002251,9937.00,Lavanya Studio,2026-07-02,INR,open
led_007317,ord_007314,461.00,Eshan Systems,2026-07-22,INR,open
led_004152,ord_004148,136.00,Gaurav Motors,2026-07-29,INR,open
led_006614,ord_006612,63231.00,Pooja Ventures,2026-07-04,INR,open
led_006289,ord_006287,5665.00,Divya Foods,2026-07-07,INR,open
led_001334,ord_001328,4537.00,Eshan Systems,2026-07-23,INR,open
led_006808,ord_006805,764.00,Lavanya Studio,2026-07-30,INR,open
led_007440,ord_007436,683215.00,Pooja Ventures,2026-07-21,INR,open
led_001862,ord_001860,9368.00,Jyoti Interiors,2026-07-11,INR,open
led_004445,ord_004442,56048.00,Omkar Steel,2026-07-17,INR,open
led_001812,ord_001809,508.00,Lavanya Studio,2026-07-15,INR,open
led_002711,ord_002707,190.00,Omkar Steel,2026-07-22,INR,open
led_002097,ord_002095,8686.00,Manish Hardware,2026-07-08,INR,open
led_000712,ord_000710,9907.00,Omkar Steel,2026-07-13,INR,open
led_002039,ord_002035,2824.00,Hiral Pharma,2026-07-03,INR,open
led_005908,ord_005904,848.00,Aarav Traders,2026-07-06,INR,open
led_003616,ord_003614,81360.73,Pooja Ventures,2026-07-01,INR,open
led_005269,ord_005267,5626.00,Ishaan Digital,2026-07-29,INR,open
led_003205,ord_003203,1028.00,Divya Foods,2026-07-24,INR,open
led_006278,ord_006274,541.00,Neha Organics,2026-07-01,INR,open
led_007079,ord_007076,653.00,Chetan Logistics,2026-07-07,INR,open
led_001146,ord_001142,6762.00,Jyoti Interiors,2026-07-20,INR,open
led_002970,ord_002966,406.00,Eshan Systems,2026-07-03,INR,open
led_004697,ord_004693,8443.00,Kabir Exports,2026-07-23,INR,open
led_002297,ord_002295,9122.00,Manish Hardware,2026-07-10,INR,open
led_001154,ord_001151,780725.00,Ishaan Digital,2026-07-20,INR,open
led_001063,ord_001061,7382.00,Omkar Steel,2026-07-10,INR,open
led_004083,ord_004081,5875.00,Falguni Textiles,2026-07-10,INR,open
led_006445,ord_006439,312.00,Divya Foods,2026-07-01,INR,open
led_006117,ord_006113,92690.00,Divya Foods,2026-07-08,INR,open
led_003247,ord_003245,22060.00,Divya Foods,2026-07-30,INR,open
led_006559,ord_006555,249.00,Kabir Exports,2026-07-22,INR,open
led_001297,ord_001295,601.00,Bhavna Retail,2026-07-03,INR,open
led_002560,ord_002555,3485.00,Pooja Ventures,2026-07-12,INR,open
led_001982,ord_001977,750844.00,Falguni Textiles,2026-07-02,INR,open
led_003612,ord_003610,81360.73,Neha Organics,2026-07-01,INR,open
led_003683,ord_003679,461659.00,Lavanya Studio,2026-07-08,INR,open
led_007663,ord_007661,2872.00,Kabir Exports,2026-07-28,INR,open
led_004990,ord_004986,39902.00,Chetan Logistics,2026-07-03,INR,open
led_004725,ord_004721,568983.00,Bhavna Retail,2026-07-16,INR,open
led_000084,ord_000082,43436.00,Jyoti Interiors,2026-07-30,INR,open
led_002301,ord_002299,4978.00,Pooja Ventures,2026-07-10,INR,open
led_003915,ord_003911,1832.00,Manish Hardware,2026-07-04,INR,open
led_003264,ord_003259,155.00,Kabir Exports,2026-07-26,INR,open
led_007003,ord_007000,621.00,Chetan Logistics,2026-07-14,INR,open
led_005029,ord_005027,56959.08,Divya Foods,2026-07-30,INR,open
led_006357,ord_006354,313.00,Neha Organics,2026-07-06,INR,open
led_005839,ord_005837,24681.00,Falguni Textiles,2026-07-29,INR,open
led_005408,ord_005406,8215.00,Jyoti Interiors,2026-07-01,INR,open
led_002365,ord_002359,55091.00,Manish Hardware,2026-07-22,INR,open
led_006074,ord_006070,3091.00,Manish Hardware,2026-07-23,INR,open
led_004397,ord_004392,569.00,Divya Foods,2026-07-10,INR,open
led_007564,ord_007562,724.00,Eshan Systems,2026-07-13,INR,open
led_006816,ord_006814,4917.00,Gaurav Motors,2026-07-30,INR,open
led_007273,ord_007271,629.00,Kabir Exports,2026-07-07,INR,open
led_002254,ord_002249,95122.00,Eshan Systems,2026-07-02,INR,open
led_001917,ord_001915,5572.00,Eshan Systems,2026-07-26,INR,open
led_005081,ord_005076,6415.00,Omkar Steel,2026-07-01,INR,open
led_006208,ord_006202,452.00,Ishaan Digital,2026-07-06,INR,open
led_004138,ord_004136,5000.00,Chetan Logistics,2026-07-29,INR,open
led_002995,ord_002993,3328.00,Jyoti Interiors,2026-07-10,INR,open
led_006568,ord_006564,310352.00,Eshan Systems,2026-07-23,INR,open
led_005186,ord_005180,7772.00,Aarav Traders,2026-07-27,INR,open
led_001253,ord_001246,673.00,Manish Hardware,2026-07-24,INR,open
led_006222,ord_006218,2259.00,Manish Hardware,2026-07-07,INR,open
led_002275,ord_002271,173.00,Falguni Textiles,2026-07-07,INR,open
led_002046,ord_002044,54754.49,Chetan Logistics,2026-07-27,INR,open
led_006509,ord_006503,54662.00,Gaurav Motors,2026-07-25,INR,open
led_001383,ord_001381,9246.00,Falguni Textiles,2026-07-02,INR,open
led_001727,ord_001725,811.00,Manish Hardware,2026-07-31,INR,open
led_004707,ord_004704,3139.00,Neha Organics,2026-07-20,INR,open
led_001680,ord_001676,113735.46,Lavanya Studio,2026-07-01,INR,open
led_001426,ord_001423,7912.00,Omkar Steel,2026-07-24,INR,open
led_006985,ord_006979,294.00,Falguni Textiles,2026-07-17,INR,open
led_000777,ord_000774,159260.24,Gaurav Motors,2026-07-15,INR,open
led_001242,ord_001240,7905.00,Divya Foods,2026-07-10,INR,open
led_000300,ord_000297,4300.00,Pooja Ventures,2026-07-20,INR,open
led_002559,ord_002553,89203.00,Neha Organics,2026-07-12,INR,open
led_005942,ord_005939,222.00,Jyoti Interiors,2026-07-26,INR,open
led_007576,ord_007574,8579.00,Hiral Pharma,2026-07-13,INR,open
led_004261,ord_004259,68961.00,Neha Organics,2026-07-05,INR,open
led_002147,ord_002143,353.00,Eshan Systems,2026-07-21,INR,open
led_004497,ord_004495,283.00,Omkar Steel,2026-11-05,INR,open
led_003808,ord_003804,676.00,Lavanya Studio,2026-07-02,INR,open
led_006168,ord_006161,785262.00,Ishaan Digital,2026-07-08,INR,open
led_005436,ord_005432,951.00,Kabir Exports,2026-07-29,INR,open
led_001405,ord_001403,798.00,Hiral Pharma,2026-07-10,INR,open
led_003528,ord_003524,796.00,Eshan Systems,2026-07-30,INR,open
led_007724,ord_007722,2776.00,Lavanya Studio,2026-07-30,INR,open
led_007304,ord_007300,11160.00,Manish Hardware,2026-07-17,INR,open
led_006221,ord_006216,6950.00,Hiral Pharma,2026-07-07,INR,open
led_000582,ord_000580,2684.00,Gaurav Motors,2026-07-07,INR,open
led_005622,ord_005618,683.00,Bhavna Retail,2026-07-03,INR,open
led_005933,ord_005931,2930.00,Divya Foods,2026-07-16,INR,open
led_006993,ord_006991,5346.00,Manish Hardware,2026-07-15,INR,open
led_004585,ord_004583,7494.00,Divya Foods,2026-07-02,INR,open
led_001599,ord_001597,64412.12,Chetan Logistics,2026-07-15,INR,open
led_006374,ord_006371,9372.00,Neha Organics,2026-07-22,INR,open
led_001992,ord_001989,123.00,Kabir Exports,2026-07-03,INR,open
led_001619,ord_001615,645.00,Eshan Systems,2026-07-28,INR,open
led_001936,ord_001930,3007.00,Lavanya Studio,2026-07-01,INR,open
led_004849,ord_004845,8016.00,Manish Hardware,2026-07-03,INR,open
led_003793,ord_003788,258144.00,Divya Foods,2026-07-08,INR,open
led_006523,ord_006517,4951.00,Hiral Pharma,2026-07-08,INR,open
led_005747,ord_005741,22687.00,Aarav Traders,2026-07-16,INR,open
led_003730,ord_003726,867857.00,Lavanya Studio,2026-07-03,INR,open
led_003385,ord_003383,6976.00,Omkar Steel,2026-07-15,INR,open
led_002050,ord_002048,54754.49,Falguni Textiles,2026-07-27,INR,open
led_000483,ord_000480,214.00,Eshan Systems,2026-07-23,INR,open
led_000127,ord_000124,3610.00,Pooja Ventures,2026-07-12,INR,open
led_006422,ord_006420,409144.00,Neha Organics,2026-07-12,INR,open
led_000523,ord_000517,74910.00,Chetan Logistics,2026-07-22,INR,open
led_004915,ord_004911,2489.00,Chetan Logistics,2026-07-01,INR,open
led_003175,ord_003173,7782.00,Falguni Textiles,2026-07-17,INR,open
led_006522,ord_006515,2430.00,Lavanya Studio,2026-07-08,INR,open
led_005774,ord_005768,55771.00,Aarav Traders,2026-07-05,INR,open
led_004577,ord_004574,3322.00,Manish Hardware,2026-07-02,INR,open
led_002621,ord_002617,3608.00,Eshan Systems,2026-07-08,INR,open
led_007768,ord_007763,99309.00,Neha Organics,2026-07-01,INR,open
led_005016,ord_005012,4584.00,Ishaan Digital,2026-07-15,INR,open
led_003481,ord_003479,27126.00,Omkar Steel,2026-07-17,INR,open
led_006860,ord_006854,296716.00,Neha Organics,2026-07-01,INR,open
led_001289,ord_001286,79641.00,Bhavna Retail,2026-07-03,INR,open
led_005557,ord_005555,543054.00,Kabir Exports,2026-07-30,INR,open
led_003049,ord_003045,537.00,Kabir Exports,2026-07-24,INR,open
led_001981,ord_001975,528.00,Divya Foods,2026-07-02,INR,open
led_003081,ord_003078,82356.72,Manish Hardware,2026-07-07,INR,open
led_000675,ord_000672,55613.00,Omkar Steel,2026-07-29,INR,open
led_006739,ord_006736,80205.00,Manish Hardware,2026-07-19,INR,open
led_001782,ord_001778,684800.00,Hiral Pharma,2026-07-30,INR,open
led_000460,ord_000457,3916.00,Kabir Exports,2026-07-22,INR,open
led_003903,ord_003899,3768.00,Ishaan Digital,2026-07-17,INR,open
led_004194,ord_004190,64161.00,Divya Foods,2026-07-25,INR,open
led_006986,ord_006981,9932.00,Jyoti Interiors,2026-07-17,INR,open
led_002659,ord_002653,263.00,Hiral Pharma,2026-07-06,INR,open
led_007811,ord_007809,83956.00,Aarav Traders,2026-07-24,INR,open
led_000698,ord_000692,4786.00,Manish Hardware,2026-07-08,INR,open
led_002507,ord_002504,155818.25,Divya Foods,2026-07-29,INR,open
led_003700,ord_003696,304.00,Kabir Exports,2026-07-23,INR,open
led_005263,ord_005260,89971.00,Ishaan Digital,2026-07-14,INR,open
led_003439,ord_003437,385.00,Hiral Pharma,2026-07-03,INR,open
led_002516,ord_002512,8813.00,Neha Organics,2026-07-11,INR,open
led_007568,ord_007566,99005.00,Eshan Systems,2026-07-13,INR,open
led_001067,ord_001065,242.00,Manish Hardware,2026-07-10,INR,open
led_002798,ord_002796,9228.00,Hiral Pharma,2026-07-29,INR,open
led_003042,ord_003038,8070.00,Manish Hardware,2026-07-24,INR,open
led_005193,ord_005191,670.00,Eshan Systems,2026-07-06,INR,open
led_005681,ord_005679,6326.00,Manish Hardware,2026-07-08,INR,open
led_002577,ord_002575,447.00,Bhavna Retail,2026-07-17,INR,open
led_003182,ord_003179,71808.00,Omkar Steel,2026-07-17,INR,open
led_002242,ord_002236,30659.00,Gaurav Motors,2026-07-07,INR,open
led_003831,ord_003828,59865.00,Omkar Steel,2026-07-14,INR,open
led_006383,ord_006380,9912.00,Falguni Textiles,2026-07-09,INR,open
led_003546,ord_003544,34655.00,Aarav Traders,2026-11-05,INR,open
led_006156,ord_006151,41736.00,Bhavna Retail,2026-07-24,INR,open
led_005587,ord_005581,5359.00,Manish Hardware,2026-07-31,INR,open
led_006763,ord_006761,25751.00,Hiral Pharma,2026-07-19,INR,open
led_001095,ord_001093,21937.75,Kabir Exports,2026-07-21,INR,open
led_001083,ord_001081,540.00,Chetan Logistics,2026-07-26,INR,open
led_001742,ord_001739,4737.00,Pooja Ventures,2026-07-09,INR,open
led_000065,ord_000063,3403.00,Aarav Traders,2026-07-30,INR,open
led_007066,ord_007063,406.00,Lavanya Studio,2026-07-15,INR,open
led_004153,ord_004150,1249.00,Pooja Ventures,2026-07-29,INR,open
led_007364,ord_007360,110207.87,Jyoti Interiors,2026-07-30,INR,open
led_002073,ord_002067,82006.00,Aarav Traders,2026-07-23,INR,open
led_006187,ord_006182,2600.00,Pooja Ventures,2026-07-16,INR,open
led_004527,ord_004523,7388.00,Lavanya Studio,2026-07-24,INR,open
led_002594,ord_002592,13997.00,Omkar Steel,2026-07-09,INR,open
led_007639,ord_007636,9753.00,Eshan Systems,2026-07-27,INR,open
led_002478,ord_002471,178657.00,Hiral Pharma,2026-07-28,INR,open
led_002649,ord_002646,459720.00,Hiral Pharma,2026-07-20,INR,open
led_000042,ord_000040,342363.00,Chetan Logistics,2026-07-27,INR,open
led_004628,ord_004624,1392.00,Ishaan Digital,2026-07-24,INR,open
led_005986,ord_005984,7519.00,Eshan Systems,2026-07-17,INR,open
led_001265,ord_001263,2656.00,Aarav Traders,2026-07-13,INR,open
led_007464,ord_007459,535.00,Divya Foods,2026-07-29,INR,open
led_002676,ord_002674,401.00,Hiral Pharma,2026-07-17,INR,open
led_004765,ord_004761,61981.00,Manish Hardware,2026-07-30,INR,open
led_004666,ord_004662,262.00,Neha Organics,2026-07-31,INR,open
led_001898,ord_001896,9623.00,Aarav Traders,2026-07-08,INR,open
led_004525,ord_004519,673.00,Hiral Pharma,2026-07-24,INR,open
led_001452,ord_001445,5338.00,Gaurav Motors,2026-07-16,INR,open
led_004570,ord_004568,912624.00,Gaurav Motors,2026-07-02,INR,open
led_005079,ord_005072,254.00,Chetan Logistics,2026-07-01,INR,open
led_000291,ord_000288,7723.00,Aarav Traders,2026-07-31,INR,open
led_007257,ord_007254,88830.00,Jyoti Interiors,2026-07-31,INR,open
led_003326,ord_003320,3062.00,Ishaan Digital,2026-07-12,INR,open
led_002631,ord_002628,795.00,Lavanya Studio,2026-07-10,INR,open
led_006415,ord_006412,172936.43,Divya Foods,2026-07-28,INR,open
led_001850,ord_001847,661.00,Divya Foods,2026-07-10,INR,open
led_004288,ord_004286,57475.91,Divya Foods,2026-07-10,INR,open
led_004726,ord_004723,3275.00,Ishaan Digital,2026-07-16,INR,open
led_003017,ord_003013,861.00,Pooja Ventures,2026-07-22,INR,open
led_004554,ord_004551,64945.00,Hiral Pharma,2026-07-27,INR,open
led_003792,ord_003786,4074.00,Jyoti Interiors,2026-07-08,INR,open
led_002135,ord_002133,3144.00,Jyoti Interiors,2026-07-24,INR,open
led_006620,ord_006618,3871.00,Omkar Steel,2026-07-27,INR,open
led_006648,ord_006642,522091.00,Jyoti Interiors,2026-07-12,INR,open
led_002204,ord_002201,47849.00,Kabir Exports,2026-07-03,INR,open
led_006312,ord_006307,326.00,Lavanya Studio,2026-07-09,INR,open
led_001626,ord_001624,39581.00,Falguni Textiles,2026-07-29,INR,open
led_005921,ord_005919,5360.00,Falguni Textiles,2026-07-07,INR,open
led_003130,ord_003128,75735.50,Bhavna Retail,2026-07-20,INR,open
led_005139,ord_005137,507609.00,Hiral Pharma,2026-07-29,INR,open
led_007150,ord_007144,11229.00,Omkar Steel,2026-07-13,INR,open
led_007540,ord_007537,756.00,Eshan Systems,2026-07-02,INR,open
led_002080,ord_002078,30210.00,Aarav Traders,2026-07-08,INR,open
led_003682,ord_003677,489.00,Bhavna Retail,2026-07-08,INR,open
led_002074,ord_002069,83434.00,Aarav Traders,2026-07-23,INR,open
led_000802,ord_000798,197159.00,Hiral Pharma,2026-07-10,INR,open
led_003582,ord_003579,37840.00,Falguni Textiles,2026-07-21,INR,open
led_007516,ord_007512,811384.00,Divya Foods,2026-07-02,INR,open
led_005199,ord_005197,273.00,Manish Hardware,2026-07-21,INR,open
led_006075,ord_006072,159.00,Aarav Traders,2026-07-23,INR,open
led_000492,ord_000489,998.00,Manish Hardware,2026-07-15,INR,open
led_004255,ord_004252,175.00,Aarav Traders,2026-07-03,INR,open
led_002009,ord_002004,97655.00,Bhavna Retail,2026-07-12,INR,open
led_006785,ord_006781,9003.00,Bhavna Retail,2026-07-13,INR,open
led_002694,ord_002690,5424.00,Bhavna Retail,2026-07-14,INR,open
led_007051,ord_007049,33492.00,Hiral Pharma,2026-07-14,INR,open
led_001849,ord_001845,54240.00,Eshan Systems,2026-07-10,INR,open
led_002106,ord_002103,57712.00,Jyoti Interiors,2026-07-23,INR,open
led_006084,ord_006082,838.00,Gaurav Motors,2026-07-28,INR,open
led_000274,ord_000270,6101.00,Jyoti Interiors,2026-07-07,INR,open
led_006244,ord_006239,900.00,Falguni Textiles,2026-07-17,INR,open
led_004836,ord_004832,79630.00,Aarav Traders,2026-07-20,INR,open
led_001415,ord_001409,426383.00,Eshan Systems,2026-07-01,INR,open
led_003327,ord_003322,72561.00,Eshan Systems,2026-07-12,INR,open
led_004667,ord_004664,4911.00,Eshan Systems,2026-07-31,INR,open
led_006188,ord_006184,884.00,Chetan Logistics,2026-07-16,INR,open
led_002467,ord_002465,871.00,Gaurav Motors,2026-07-16,INR,open
led_005017,ord_005014,52489.00,Manish Hardware,2026-07-15,INR,open
led_001953,ord_001947,793.00,Chetan Logistics,2026-07-29,INR,open
led_006193,ord_006191,8347.00,Gaurav Motors,2026-07-14,INR,open
led_001577,ord_001573,420.00,Manish Hardware,2026-07-02,INR,open
led_002346,ord_002344,785.00,Omkar Steel,2026-07-08,INR,open
led_000900,ord_000896,684.00,Lavanya Studio,2026-07-03,INR,open
led_004048,ord_004042,5586.00,Bhavna Retail,2026-07-11,INR,open
led_005124,ord_005122,4999.00,Pooja Ventures,2026-07-09,INR,open
led_003746,ord_003742,99093.00,Aarav Traders,2026-07-03,INR,open
led_007630,ord_007628,46114.00,Ishaan Digital,2026-07-22,INR,open
led_002648,ord_002644,40477.00,Manish Hardware,2026-07-20,INR,open
led_002185,ord_002183,1219.00,Omkar Steel,2026-07-17,INR,open
led_001955,ord_001951,462.00,Aarav Traders,2026-07-29,INR,open
led_004526,ord_004521,8310.00,Manish Hardware,2026-07-24,INR,open
led_004589,ord_004587,708803.00,Kabir Exports,2026-07-02,INR,open
led_000406,ord_000404,8895.00,Neha Organics,2026-07-17,INR,open
led_007531,ord_007527,1125.00,Ishaan Digital,2026-07-29,INR,open
led_002841,ord_002839,167.00,Bhavna Retail,2026-07-14,INR,open
led_007332,ord_007327,8220.00,Jyoti Interiors,2026-07-20,INR,open
led_003958,ord_003956,1877.00,Gaurav Motors,2026-07-30,INR,open
led_006032,ord_006030,5036.00,Pooja Ventures,2026-07-06,INR,open
led_003325,ord_003318,2706.00,Jyoti Interiors,2026-07-12,INR,open
led_007506,ord_007499,952.00,Eshan Systems,2026-07-12,INR,open
led_003050,ord_003047,1913.00,Kabir Exports,2026-07-24,INR,open
led_002734,ord_002732,5858.00,Aarav Traders,2026-07-25,INR,open
led_007078,ord_007074,3547.00,Divya Foods,2026-07-07,INR,open
led_004163,ord_004157,178437.00,Hiral Pharma,2026-07-30,INR,open
led_004313,ord_004309,642.00,Gaurav Motors,2026-07-23,INR,open
led_003708,ord_003704,25808.00,Kabir Exports,2026-07-03,INR,open
led_000229,ord_000227,614.00,Aarav Traders,2026-07-04,INR,open
led_003605,ord_003600,8725.00,Pooja Ventures,2026-07-07,INR,open
led_002545,ord_002539,58862.00,Lavanya Studio,2026-07-02,INR,open
led_006434,ord_006428,48825.00,Neha Organics,2026-07-23,INR,open
led_004089,ord_004087,5674.00,Divya Foods,2026-07-27,INR,open
led_006510,ord_006505,791.00,Neha Organics,2026-07-25,INR,open
led_005442,ord_005440,9204.00,Manish Hardware,2026-07-03,INR,open
led_000360,ord_000356,599.00,Jyoti Interiors,2026-07-10,INR,open
led_000209,ord_000205,12785.00,Bhavna Retail,2026-07-04,INR,open
led_004210,ord_004207,86864.00,Bhavna Retail,2026-07-14,INR,open
led_004737,ord_004730,344251.00,Falguni Textiles,2026-07-08,INR,open
led_002305,ord_002303,1845.00,Kabir Exports,2026-07-10,INR,open
led_007755,ord_007751,191777.30,Jyoti Interiors,2026-07-17,INR,open
led_001637,ord_001634,20798.00,Falguni Textiles,2026-07-16,INR,open
led_007858,ord_007855,9529.00,Hiral Pharma,2026-07-20,INR,open
led_001434,ord_001430,8260.00,Falguni Textiles,2026-07-03,INR,open
led_002871,ord_002869,9261.00,Eshan Systems,2026-07-02,INR,open
led_006066,ord_006064,729.00,Jyoti Interiors,2026-07-22,INR,open
led_007221,ord_007219,9625.00,Pooja Ventures,2026-07-07,INR,open
led_003001,ord_002999,36009.00,Jyoti Interiors,2026-07-16,INR,open
led_007097,ord_007090,2628.00,Aarav Traders,2026-07-24,INR,open
led_001230,ord_001227,554.00,Jyoti Interiors,2026-07-15,INR,open
led_007420,ord_007418,389.00,Hiral Pharma,2026-07-28,INR,open
led_007430,ord_007424,778.00,Manish Hardware,2026-07-24,INR,open
led_004176,ord_004171,4706.00,Hiral Pharma,2026-07-24,INR,open
led_005148,ord_005145,8276.00,Lavanya Studio,2026-07-22,INR,open
led_005972,ord_005970,321.00,Jyoti Interiors,2026-07-24,INR,open
led_006914,ord_006911,57324.00,Lavanya Studio,2026-07-30,INR,open
led_006638,ord_006636,1709.00,Ishaan Digital,2026-07-21,INR,open
led_005282,ord_005278,3041.00,Gaurav Motors,2026-07-29,INR,open
led_000425,ord_000423,485.00,Neha Organics,2026-07-17,INR,open
led_001011,ord_001009,9294.00,Gaurav Motors,2026-07-09,INR,open
led_000839,ord_000836,3538.00,Divya Foods,2026-07-14,INR,open
led_004938,ord_004935,161238.85,Pooja Ventures,2026-07-07,INR,open
led_004353,ord_004351,98440.00,Jyoti Interiors,2026-07-28,INR,open
led_004828,ord_004824,4747.00,Aarav Traders,2026-07-02,INR,open
led_003007,ord_003005,3425.00,Kabir Exports,2026-07-22,INR,open
led_003533,ord_003531,9153.00,Eshan Systems,2026-07-30,INR,open
led_006820,ord_006818,3452.00,Jyoti Interiors,2026-07-30,INR,open
led_006838,ord_006836,9352.00,Gaurav Motors,2026-07-10,INR,open
led_003529,ord_003526,74886.00,Lavanya Studio,2026-07-30,INR,open
led_003830,ord_003826,728.00,Gaurav Motors,2026-07-14,INR,open
led_002776,ord_002769,150.00,Pooja Ventures,2026-07-24,INR,open
led_007197,ord_007194,372.00,Eshan Systems,2026-07-31,INR,open
led_005498,ord_005496,3282.00,Aarav Traders,2026-07-29,INR,open
led_006807,ord_006803,510.00,Divya Foods,2026-07-30,INR,open
led_006882,ord_006878,25613.00,Falguni Textiles,2026-07-22,INR,open
led_006231,ord_006228,887.00,Chetan Logistics,2026-07-31,INR,open
led_001741,ord_001737,377.00,Jyoti Interiors,2026-07-09,INR,open
led_003314,ord_003309,590447.00,Jyoti Interiors,2026-07-27,INR,open
led_006589,ord_006585,3709.00,Bhavna Retail,2026-07-02,INR,open
led_000931,ord_000925,312745.00,Ishaan Digital,2026-07-16,INR,open
led_006395,ord_006393,5604.00,Pooja Ventures,2026-07-09,INR,open
led_000994,ord_000988,681.00,Eshan Systems,2026-07-20,INR,open
led_004325,ord_004320,1409.00,Omkar Steel,2026-07-30,INR,open
led_000901,ord_000898,31839.00,Chetan Logistics,2026-07-03,INR,open
led_005363,ord_005360,111760.00,Hiral Pharma,2026-07-22,INR,open
led_002112,ord_002110,6064.00,Neha Organics,2026-07-01,INR,open
led_003333,ord_003331,690.00,Pooja Ventures,2026-07-21,INR,open
led_000413,ord_000410,1287.00,Neha Organics,2026-07-17,INR,open
led_005735,ord_005732,3159.00,Jyoti Interiors,2026-07-28,INR,open
led_002253,ord_002247,4366.00,Kabir Exports,2026-07-02,INR,open
led_000069,ord_000067,832278.00,Kabir Exports,2026-07-30,INR,open
led_002744,ord_002742,563.00,Falguni Textiles,2026-07-05,INR,open
led_003594,ord_003592,934391.00,Falguni Textiles,2026-07-31,INR,open
led_004515,ord_004513,5115.00,Manish Hardware,2026-07-05,INR,open
led_007265,ord_007261,118682.09,Divya Foods,2026-07-09,INR,open
led_000524,ord_000519,227.00,Chetan Logistics,2026-07-22,INR,open
led_003499,ord_003495,397.00,Divya Foods,2026-07-22,INR,open
led_001935,ord_001928,6552.00,Falguni Textiles,2026-07-01,INR,open
led_004610,ord_004608,8168.00,Bhavna Retail,2026-07-27,INR,open
led_006017,ord_006015,87787.00,Divya Foods,2026-07-07,INR,open
led_005800,ord_005798,862.00,Neha Organics,2026-11-05,INR,open
led_006892,ord_006889,125196.27,Neha Organics,2026-07-22,INR,open
led_006708,ord_006704,39500.00,Pooja Ventures,2026-07-21,INR,open
led_007232,ord_007225,146.00,Omkar Steel,2026-07-20,INR,open
led_006544,ord_006540,5195.00,Manish Hardware,2026-07-03,INR,open
led_000724,ord_000720,7137.00,Lavanya Studio,2026-07-08,INR,open
led_006103,ord_006101,793287.00,Lavanya Studio,2026-07-28,INR,open
led_004553,ord_004549,360.00,Bhavna Retail,2026-07-27,INR,open
led_004305,ord_004301,973.00,Lavanya Studio,2026-07-06,INR,open
led_006406,ord_006404,9325.00,Hiral Pharma,2026-07-29,INR,open
led_000344,ord_000337,501201.00,Eshan Systems,2026-07-17,INR,open
led_002927,ord_002922,705791.00,Jyoti Interiors,2026-07-30,INR,open
led_007356,ord_007353,88529.00,Gaurav Motors,2026-07-22,INR,open
led_007669,ord_007667,186.00,Omkar Steel,2026-07-09,INR,open
led_005002,ord_005000,4978.00,Aarav Traders,2026-07-03,INR,open
led_006170,ord_006165,215.00,Divya Foods,2026-07-08,INR,open
led_002661,ord_002657,61085.00,Neha Organics,2026-07-06,INR,open
led_006469,ord_006467,47206.46,Divya Foods,2026-07-25,INR,open
led_000700,ord_000696,63184.00,Chetan Logistics,2026-07-08,INR,open
led_004638,ord_004632,8301.00,Bhavna Retail,2026-07-16,INR,open
led_002072,ord_002065,9622.00,Falguni Textiles,2026-07-23,INR,open
led_002823,ord_002818,2204.00,Kabir Exports,2026-07-28,INR,open
led_002008,ord_002002,867.00,Eshan Systems,2026-07-12,INR,open
led_000417,ord_000415,2314.00,Kabir Exports,2026-07-17,INR,open
led_002639,ord_002635,672.00,Gaurav Motors,2026-07-30,INR,open
led_001991,ord_001987,9577.00,Lavanya Studio,2026-07-03,INR,open
led_004417,ord_004413,791460.00,Ishaan Digital,2026-07-29,INR,open
led_005348,ord_005344,624892.00,Pooja Ventures,2026-07-09,INR,open
led_000075,ord_000071,40925.00,Gaurav Motors,2026-07-30,INR,open
led_003934,ord_003929,82439.00,Bhavna Retail,2026-07-07,INR,open
led_000504,ord_000502,898.00,Pooja Ventures,2026-07-14,INR,open
led_002722,ord_002720,1897.00,Kabir Exports,2026-07-25,INR,open
led_006272,ord_006269,216117.00,Bhavna Retail,2026-07-01,INR,open
led_001870,ord_001866,117881.31,Ishaan Digital,2026-07-13,INR,open
led_000108,ord_000106,173.00,Pooja Ventures,2026-07-15,INR,open
led_004246,ord_004244,2848.00,Pooja Ventures,2026-07-01,INR,open
led_004373,ord_004369,4742.00,Hiral Pharma,2026-07-07,INR,open
led_003875,ord_003872,199827.20,Falguni Textiles,2026-07-01,INR,open
led_004164,ord_004159,81368.00,Manish Hardware,2026-07-30,INR,open
led_001961,ord_001959,15567.00,Chetan Logistics,2026-07-29,INR,open
led_001748,ord_001746,737064.00,Gaurav Motors,2026-07-24,INR,open
led_004473,ord_004470,1777.00,Chetan Logistics,2026-07-10,INR,open
led_002455,ord_002452,4045.00,Divya Foods,2026-07-06,INR,open
led_005116,ord_005110,122.00,Lavanya Studio,2026-07-13,INR,open
led_007718,ord_007713,963.00,Divya Foods,2026-07-27,INR,open
led_003681,ord_003675,802123.00,Aarav Traders,2026-07-08,INR,open
led_002934,ord_002932,458.00,Eshan Systems,2026-07-04,INR,open
led_003099,ord_003092,1881.00,Gaurav Motors,2026-07-23,INR,open
led_003699,ord_003694,8405.00,Bhavna Retail,2026-07-23,INR,open
led_007233,ord_007227,766104.00,Bhavna Retail,2026-07-20,INR,open
led_005831,ord_005829,41045.00,Ishaan Digital,2026-07-29,INR,open
led_006348,ord_006345,380.00,Lavanya Studio,2026-07-30,INR,open
led_004576,ord_004572,13192.00,Chetan Logistics,2026-07-02,INR,open
led_007365,ord_007362,155712.01,Jyoti Interiors,2026-07-30,INR,open
led_000748,ord_000741,314.00,Kabir Exports,2026-07-27,INR,open
led_004304,ord_004299,1659.00,Pooja Ventures,2026-07-06,INR,open
led_003737,ord_003733,2974.00,Lavanya Studio,2026-07-03,INR,open
led_003088,ord_003086,20778.00,Kabir Exports,2026-07-10,INR,open
led_003731,ord_003728,7828.00,Jyoti Interiors,2026-07-03,INR,open
led_003194,ord_003192,9912.00,Omkar Steel,2026-07-25,INR,open
led_004738,ord_004732,900.00,Manish Hardware,2026-07-08,INR,open
led_006786,ord_006783,724.00,Kabir Exports,2026-07-13,INR,open
led_007185,ord_007182,494.00,Divya Foods,2026-07-01,INR,open
led_006756,ord_006751,26299.00,Chetan Logistics,2026-07-23,INR,open
led_006475,ord_006473,8211.00,Bhavna Retail,2026-07-31,INR,open
led_004112,ord_004110,7291.00,Manish Hardware,2026-07-09,INR,open
led_004384,ord_004378,51042.00,Jyoti Interiors,2026-07-03,INR,open
led_002334,ord_002331,8856.00,Ishaan Digital,2026-07-13,INR,open
led_005674,ord_005670,913.00,Omkar Steel,2026-07-13,INR,open
led_002313,ord_002311,537.00,Bhavna Retail,2026-07-10,INR,open
led_003604,ord_003598,36375.00,Eshan Systems,2026-07-07,INR,open
led_003475,ord_003473,316.00,Manish Hardware,2026-07-14,INR,open
led_005066,ord_005059,4449.00,Divya Foods,2026-07-20,INR,open
led_002056,ord_002054,41456.00,Ishaan Digital,2026-07-17,INR,open
led_006931,ord_006927,8828.00,Pooja Ventures,2026-07-21,INR,open
led_000554,ord_000550,743.00,Neha Organics,2026-07-10,INR,open
led_000436,ord_000431,7141.00,Aarav Traders,2026-07-24,INR,open
led_004988,ord_004982,476.00,Pooja Ventures,2026-07-03,INR,open
led_000243,ord_000237,15510.00,Gaurav Motors,2026-07-16,INR,open
led_004678,ord_004671,80772.00,Kabir Exports,2026-07-15,INR,open
led_005589,ord_005585,1145.00,Neha Organics,2026-07-31,INR,open
led_004396,ord_004390,1526.00,Neha Organics,2026-07-10,INR,open
led_007523,ord_007521,111.00,Pooja Ventures,2026-07-26,INR,open
led_003312,ord_003305,6225.00,Kabir Exports,2026-07-27,INR,open
led_007341,ord_007338,748.00,Bhavna Retail,2026-07-30,INR,open
led_007234,ord_007229,4151.00,Eshan Systems,2026-07-20,INR,open
led_007717,ord_007711,616.00,Hiral Pharma,2026-07-27,INR,open
led_002373,ord_002371,33246.00,Aarav Traders,2026-07-10,INR,open
led_002030,ord_002025,9950.00,Gaurav Motors,2026-07-02,INR,open
led_000653,ord_000651,38996.00,Ishaan Digital,2026-07-29,INR,open
led_004753,ord_004751,6911.00,Neha Organics,2026-07-29,INR,open
led_007305,ord_007302,8002.00,Hiral Pharma,2026-07-17,INR,open
led_007384,ord_007382,6287.00,Omkar Steel,2026-07-22,INR,open
led_002523,ord_002521,75899.00,Hiral Pharma,2026-07-09,INR,open
led_003231,ord_003227,557.00,Hiral Pharma,2026-07-18,INR,open
led_006727,ord_006723,711867.00,Chetan Logistics,2026-07-19,INR,open
led_001288,ord_001284,777.00,Bhavna Retail,2026-07-03,INR,open
led_004566,ord_004564,7024.00,Omkar Steel,2026-07-02,INR,open
led_001280,ord_001277,3745.00,Eshan Systems,2026-07-13,INR,open
led_001595,ord_001593,64412.12,Divya Foods,2026-07-15,INR,open
led_003232,ord_003229,856.00,Manish Hardware,2026-07-18,INR,open
led_007214,ord_007210,555.00,Falguni Textiles,2026-07-27,INR,open
led_001004,ord_001000,796233.00,Falguni Textiles,2026-07-26,INR,open
led_005008,ord_005006,299.00,Divya Foods,2026-07-25,INR,open
led_000326,ord_000322,1801.00,Kabir Exports,2026-07-28,INR,open
led_000450,ord_000446,9869.00,Divya Foods,2026-07-08,INR,open
led_005746,ord_005739,5126.00,Bhavna Retail,2026-07-16,INR,open
led_004764,ord_004759,976.00,Bhavna Retail,2026-07-30,INR,open
led_006832,ord_006828,1879.00,Hiral Pharma,2026-07-22,INR,open
led_006139,ord_006137,9759.00,Chetan Logistics,2026-07-29,INR,open
led_007111,ord_007107,191285.00,Pooja Ventures,2026-07-20,INR,open
led_002491,ord_002486,489.00,Ishaan Digital,2026-07-13,INR,open
led_007266,ord_007263,146935.34,Hiral Pharma,2026-07-09,INR,open
led_001755,ord_001752,79628.00,Lavanya Studio,2026-07-24,INR,open
led_001797,ord_001795,122545.98,Eshan Systems,2026-07-02,INR,open
led_007787,ord_007785,9030.00,Bhavna Retail,2026-07-28,INR,open
led_007651,ord_007649,1605.00,Aarav Traders,2026-07-09,INR,open
led_004646,ord_004644,319428.00,Neha Organics,2026-07-08,INR,open
led_001620,ord_001617,18824.00,Falguni Textiles,2026-07-28,INR,open
led_001704,ord_001700,867.00,Bhavna Retail,2026-07-27,INR,open
led_007240,ord_007238,257329.36,Bhavna Retail,2026-07-30,INR,open
led_007175,ord_007170,31228.00,Lavanya Studio,2026-07-06,INR,open
led_006551,ord_006549,370039.00,Eshan Systems,2026-07-29,INR,open
led_002415,ord_002411,4753.00,Gaurav Motors,2026-07-07,INR,open
led_007151,ord_007146,9738.00,Aarav Traders,2026-07-13,INR,open
led_006913,ord_006909,425675.00,Omkar Steel,2026-07-30,INR,open
led_002382,ord_002379,140415.01,Chetan Logistics,2026-07-09,INR,open
led_005820,ord_005815,498880.00,Neha Organics,2026-07-13,INR,open
led_001101,ord_001099,822829.00,Manish Hardware,2026-07-17,INR,open
led_004326,ord_004322,4252.00,Eshan Systems,2026-07-30,INR,open
led_005809,ord_005806,90055.00,Falguni Textiles,2026-07-04,INR,open
led_001954,ord_001949,245336.00,Manish Hardware,2026-07-29,INR,open
led_007819,ord_007815,71989.55,Bhavna Retail,2026-07-15,INR,open
led_005630,ord_005627,233256.00,Manish Hardware,2026-07-03,INR,open
led_006658,ord_006654,76641.78,Ishaan Digital,2026-07-02,INR,open
led_000828,ord_000822,187.00,Falguni Textiles,2026-07-10,INR,open
led_003507,ord_003504,4120.00,Pooja Ventures,2026-07-22,INR,open
led_005629,ord_005625,5488.00,Divya Foods,2026-07-03,INR,open
led_001611,ord_001607,696.00,Pooja Ventures,2026-07-07,INR,open
led_002355,ord_002352,4025.00,Jyoti Interiors,2026-07-21,INR,open
led_003164,ord_003161,152185.10,Pooja Ventures,2026-07-06,INR,open
led_001892,ord_001890,9673.00,Lavanya Studio,2026-07-04,INR,open
led_007015,ord_007013,103953.39,Pooja Ventures,2026-07-31,INR,open
led_006899,ord_006897,2866.00,Gaurav Motors,2026-11-05,INR,open
led_003134,ord_003132,75735.50,Ishaan Digital,2026-07-20,INR,open
led_007769,ord_007765,9737.00,Bhavna Retail,2026-07-01,INR,open
led_004294,ord_004292,540.00,Chetan Logistics,2026-07-09,INR,open
led_007085,ord_007081,91396.00,Omkar Steel,2026-07-07,INR,open
led_007402,ord_007399,31851.00,Aarav Traders,2026-07-31,INR,open
led_000984,ord_000981,707987.00,Eshan Systems,2026-07-10,INR,open
led_003921,ord_003919,2180.00,Bhavna Retail,2026-07-20,INR,open
led_005336,ord_005334,59470.00,Ishaan Digital,2026-07-31,INR,open
led_000195,ord_000192,682.00,Jyoti Interiors,2026-07-07,INR,open
led_006186,ord_006180,790844.00,Pooja Ventures,2026-07-16,INR,open
led_003500,ord_003497,59415.00,Divya Foods,2026-07-22,INR,open
led_006465,ord_006463,47206.46,Omkar Steel,2026-07-25,INR,open
led_007164,ord_007159,955.00,Pooja Ventures,2026-07-07,INR,open
led_000015,ord_000009,803.00,Jyoti Interiors,2026-07-10,INR,open
led_001312,ord_001309,4127.00,Omkar Steel,2026-07-11,INR,open
led_005794,ord_005790,80452.00,Divya Foods,2026-07-15,INR,open
led_005043,ord_005041,71031.00,Bhavna Retail,2026-07-13,INR,open
led_002608,ord_002606,688.00,Falguni Textiles,2026-07-08,INR,open
led_007483,ord_007479,518.00,Hiral Pharma,2026-07-14,INR,open
led_007205,ord_007201,875.00,Bhavna Retail,2026-07-07,INR,open
led_000309,ord_000306,875.00,Kabir Exports,2026-07-08,INR,open
led_003412,ord_003410,22251.38,Gaurav Motors,2026-07-15,INR,open
led_000016,ord_000011,50994.00,Omkar Steel,2026-07-10,INR,open
led_005763,ord_005760,82137.61,Divya Foods,2026-07-15,INR,open
led_004007,ord_004000,4656.00,Kabir Exports,2026-07-15,INR,open
led_001754,ord_001750,78546.00,Ishaan Digital,2026-07-24,INR,open
led_007736,ord_007734,876834.00,Hiral Pharma,2026-07-06,INR,open
led_006319,ord_006317,750.00,Falguni Textiles,2026-07-09,INR,open
led_001122,ord_001116,71949.00,Bhavna Retail,2026-07-06,INR,open
led_005861,ord_005859,1755.00,Neha Organics,2026-07-27,INR,open
led_000166,ord_000159,76469.00,Chetan Logistics,2026-07-22,INR,open
led_001790,ord_001786,985.00,Ishaan Digital,2026-07-27,INR,open
led_002421,ord_002419,54147.00,Omkar Steel,2026-07-21,INR,open
led_004804,ord_004802,1279.00,Neha Organics,2026-07-24,INR,open
led_007798,ord_007793,8907.00,Lavanya Studio,2026-07-08,INR,open
led_005616,ord_005613,7200.00,Manish Hardware,2026-07-03,INR,open
led_001657,ord_001653,869555.00,Bhavna Retail,2026-07-26,INR,open
led_005254,ord_005252,541.00,Kabir Exports,2026-07-05,INR,open
led_003377,ord_003375,254.00,Manish Hardware,2026-07-15,INR,open
led_001506,ord_001502,61172.42,Neha Organics,2026-07-30,INR,open
led_000829,ord_000824,7273.00,Chetan Logistics,2026-07-10,INR,open
led_000679,ord_000677,868.00,Omkar Steel,2026-07-29,INR,open
led_001153,ord_001149,524.00,Jyoti Interiors,2026-07-20,INR,open
led_007837,ord_007835,9698.00,Jyoti Interiors,2026-07-17,INR,open
led_006626,ord_006624,5683.00,Manish Hardware,2026-07-16,INR,open
led_002916,ord_002914,4684.00,Jyoti Interiors,2026-07-02,INR,open
led_001042,ord_001038,459812.00,Gaurav Motors,2026-07-20,INR,open
led_000749,ord_000743,292.00,Gaurav Motors,2026-07-27,INR,open
led_004598,ord_004595,831.00,Manish Hardware,2026-07-21,INR,open
led_004922,ord_004920,528.00,Jyoti Interiors,2026-07-16,INR,open
led_000641,ord_000637,501.00,Neha Organics,2026-07-10,INR,open
led_001823,ord_001816,536.00,Lavanya Studio,2026-07-06,INR,open
led_001254,ord_001248,631.00,Pooja Ventures,2026-07-24,INR,open
led_002105,ord_002101,323.00,Manish Hardware,2026-07-23,INR,open
led_005546,ord_005544,1266.00,Pooja Ventures,2026-07-02,INR,open
led_000435,ord_000429,5324.00,Manish Hardware,2026-07-24,INR,open
led_005152,ord_005150,908.00,Eshan Systems,2026-07-22,INR,open
led_005855,ord_005852,952.00,Pooja Ventures,2026-07-16,INR,open
led_004095,ord_004093,938.00,Kabir Exports,2026-07-02,INR,open
led_000102,ord_000100,4949.00,Neha Organics,2026-07-30,INR,open
led_006938,ord_006936,37622.00,Hiral Pharma,2026-07-23,INR,open
led_004209,ord_004205,39125.00,Chetan Logistics,2026-07-14,INR,open
led_000761,ord_000756,26331.00,Manish Hardware,2026-07-01,INR,open
led_004429,ord_004424,7418.00,Lavanya Studio,2026-07-09,INR,open
led_007215,ord_007212,942.00,Pooja Ventures,2026-07-27,INR,open
led_003751,ord_003749,3776.00,Eshan Systems,2026-07-03,INR,open
led_005080,ord_005074,2665.00,Ishaan Digital,2026-07-01,INR,open
led_000384,ord_000380,5823.00,Hiral Pharma,2026-07-02,INR,open
led_005217,ord_005215,109199.76,Jyoti Interiors,2026-07-10,INR,open
led_003747,ord_003744,2318.00,Aarav Traders,2026-07-03,INR,open
led_003540,ord_003537,497768.00,Bhavna Retail,2026-07-30,INR,open
led_006026,ord_006023,9748.00,Eshan Systems,2026-07-29,INR,open
led_001215,ord_001213,296.00,Divya Foods,2026-07-08,INR,open
led_005303,ord_005300,4712.00,Hiral Pharma,2026-07-17,INR,open
led_007256,ord_007252,88355.00,Pooja Ventures,2026-07-31,INR,open
led_001378,ord_001374,984.00,Kabir Exports,2026-07-02,INR,open
led_002166,ord_002163,3770.00,Bhavna Retail,2026-07-17,INR,open
led_007746,ord_007742,2833.00,Eshan Systems,2026-07-06,INR,open
led_005982,ord_005980,27717.00,Kabir Exports,2026-07-17,INR,open
led_006745,ord_006743,853.00,Gaurav Motors,2026-07-02,INR,open
led_002029,ord_002023,203.00,Neha Organics,2026-07-02,INR,open
led_000394,ord_000391,974.00,Eshan Systems,2026-07-17,INR,open
led_001781,ord_001776,419.00,Ishaan Digital,2026-07-30,INR,open
led_001937,ord_001932,240146.00,Kabir Exports,2026-07-01,INR,open
led_004049,ord_004044,27893.00,Hiral Pharma,2026-07-11,INR,open
led_002367,ord_002363,196.00,Jyoti Interiors,2026-07-22,INR,open
led_007560,ord_007558,4164.00,Falguni Textiles,2026-07-13,INR,open
led_001715,ord_001713,5982.00,Pooja Ventures,2026-07-23,INR,open
led_006689,ord_006686,6227.00,Divya Foods,2026-07-08,INR,open
led_002130,ord_002126,87207.00,Bhavna Retail,2026-07-24,INR,open
led_003358,ord_003356,7816.00,Eshan Systems,2026-07-09,INR,open
led_000750,ord_000745,790.00,Chetan Logistics,2026-07-27,INR,open
led_007331,ord_007325,167088.00,Gaurav Motors,2026-07-20,INR,open
led_005384,ord_005378,8051.00,Lavanya Studio,2026-07-20,INR,open
led_005504,ord_005502,6082.00,Ishaan Digital,2026-07-08,INR,open
led_006608,ord_006606,90552.00,Pooja Ventures,2026-07-09,INR,open
led_001703,ord_001698,308.00,Chetan Logistics,2026-07-27,INR,open
led_001567,ord_001565,5136.00,Chetan Logistics,2026-07-02,INR,open
led_004134,ord_004132,92035.00,Lavanya Studio,2026-07-29,INR,open
led_003405,ord_003401,39317.00,Bhavna Retail,2026-07-31,INR,open
led_006131,ord_006125,98928.00,Eshan Systems,2026-07-30,INR,open
led_004359,ord_004357,27363.00,Manish Hardware,2026-07-29,INR,open
led_000261,ord_000256,266.00,Chetan Logistics,2026-07-09,INR,open
led_006301,ord_006299,3539.00,Manish Hardware,2026-07-13,INR,open
led_000052,ord_000050,732.00,Aarav Traders,2026-07-24,INR,open
led_007783,ord_007781,7279.00,Hiral Pharma,2026-07-28,INR,open
led_001071,ord_001069,387.00,Manish Hardware,2026-07-10,INR,open
led_003800,ord_003798,77456.00,Omkar Steel,2026-07-21,INR,open
led_006011,ord_006009,2556.00,Divya Foods,2026-07-17,INR,open
led_005705,ord_005703,1731.00,Bhavna Retail,2026-07-01,INR,open
led_004177,ord_004173,815.00,Neha Organics,2026-07-24,INR,open
led_003043,ord_003040,203.00,Ishaan Digital,2026-07-24,INR,open
led_006831,ord_006826,4662.00,Omkar Steel,2026-07-22,INR,open
led_005276,ord_005273,9887.00,Bhavna Retail,2026-07-29,INR,open
led_001507,ord_001504,173910.26,Omkar Steel,2026-07-30,INR,open
led_005067,ord_005061,354430.00,Falguni Textiles,2026-07-20,INR,open
led_000534,ord_000531,967.00,Pooja Ventures,2026-07-01,INR,open
led_000033,ord_000029,65012.00,Gaurav Motors,2026-07-27,INR,open
led_001647,ord_001641,515.00,Neha Organics,2026-07-06,INR,open
led_007820,ord_007817,162144.26,Falguni Textiles,2026-07-15,INR,open
led_000873,ord_000871,8401.00,Hiral Pharma,2026-07-18,INR,open
led_005470,ord_005466,9713.00,Bhavna Retail,2026-07-06,INR,open
led_002319,ord_002317,788.00,Divya Foods,2026-07-23,INR,open
led_000385,ord_000382,814056.00,Lavanya Studio,2026-07-02,INR,open
led_001058,ord_001054,637.00,Kabir Exports,2026-07-10,INR,open
led_000913,ord_000909,5212.00,Jyoti Interiors,2026-07-27,INR,open
led_006199,ord_006197,4231.00,Pooja Ventures,2026-07-30,INR,open
led_004889,ord_004887,118.00,Pooja Ventures,2026-07-10,INR,open
led_007392,ord_007388,88992.00,Manish Hardware,2026-07-25,INR,open
led_000244,ord_000239,574.00,Aarav Traders,2026-07-16,INR,open
led_004267,ord_004265,395663.00,Falguni Textiles,2026-07-15,INR,open
led_003181,ord_003177,2370.00,Aarav Traders,2026-07-17,INR,open
led_006950,ord_006944,991.00,Ishaan Digital,2026-07-04,INR,open
led_006118,ord_006115,1797.00,Ishaan Digital,2026-07-08,INR,open
led_002480,ord_002475,734.00,Chetan Logistics,2026-07-28,INR,open
led_007072,ord_007070,94413.00,Divya Foods,2026-07-07,INR,open
led_004874,ord_004872,77007.00,Pooja Ventures,2026-07-13,INR,open
led_006923,ord_006920,591862.00,Bhavna Retail,2026-07-24,INR,open
led_004036,ord_004033,207.00,Ishaan Digital,2026-07-30,INR,open
led_006373,ord_006369,659284.00,Eshan Systems,2026-07-22,INR,open
led_005401,ord_005397,99200.00,Lavanya Studio,2026-07-20,INR,open
led_001831,ord_001829,6635.00,Manish Hardware,2026-07-10,INR,open
led_002712,ord_002709,55388.00,Aarav Traders,2026-07-22,INR,open
led_007831,ord_007829,64766.81,Gaurav Motors,2026-07-03,INR,open
led_002989,ord_002987,638.00,Jyoti Interiors,2026-07-02,INR,open
led_001477,ord_001475,149562.55,Manish Hardware,2026-07-02,INR,open
led_001835,ord_001833,230181.00,Lavanya Studio,2026-07-10,INR,open
led_004165,ord_004161,8920.00,Aarav Traders,2026-07-30,INR,open
led_004788,ord_004786,69900.00,Chetan Logistics,2026-07-24,INR,open
led_002527,ord_002525,10272.00,Chetan Logistics,2026-07-09,INR,open
led_007131,ord_007126,962.00,Bhavna Retail,2026-07-18,INR,open
led_002738,ord_002736,7061.00,Aarav Traders,2026-07-25,INR,open
led_001147,ord_001144,83408.00,Pooja Ventures,2026-07-20,INR,open
led_007495,ord_007493,4087.00,Manish Hardware,2026-07-14,INR,open
led_005393,ord_005391,115.00,Bhavna Retail,2026-07-14,INR,open
led_000279,ord_000277,5602.00,Jyoti Interiors,2026-07-20,INR,open
led_003433,ord_003431,91255.00,Eshan Systems,2026-07-10,INR,open
led_000975,ord_000973,9660.00,Lavanya Studio,2026-07-01,INR,open
led_002176,ord_002172,9727.00,Falguni Textiles,2026-07-17,INR,open
led_004689,ord_004686,885382.00,Gaurav Motors,2026-07-07,INR,open
led_007607,ord_007602,37120.00,Ishaan Digital,2026-07-21,INR,open
led_001187,ord_001183,5138.00,Jyoti Interiors,2026-07-09,INR,open
led_007799,ord_007795,63204.00,Gaurav Motors,2026-07-08,INR,open
led_006005,ord_006003,2568.00,Bhavna Retail,2026-07-13,INR,open
led_006337,ord_006335,2912.00,Pooja Ventures,2026-07-30,INR,open
led_000574,ord_000568,19997.00,Omkar Steel,2026-07-30,INR,open
led_000361,ord_000358,170.00,Kabir Exports,2026-07-10,INR,open
led_000393,ord_000389,883.00,Manish Hardware,2026-07-17,INR,open
led_007453,ord_007451,4507.00,Aarav Traders,2026-07-10,INR,open
led_003350,ord_003343,109.00,Eshan Systems,2026-07-01,INR,open
led_006975,ord_006973,2124.00,Falguni Textiles,2026-07-06,INR,open
led_005636,ord_005634,6938.00,Aarav Traders,2026-07-31,INR,open
led_004800,ord_004798,8455.00,Gaurav Motors,2026-07-24,INR,open
led_006969,ord_006967,674.00,Gaurav Motors,2026-07-28,INR,open
led_001609,ord_001603,720.00,Kabir Exports,2026-07-07,INR,open
led_006283,ord_006281,488.00,Manish Hardware,2026-07-01,INR,open
led_006054,ord_006052,21715.41,Manish Hardware,2026-07-16,INR,open
led_007098,ord_007092,1285.00,Eshan Systems,2026-07-24,INR,open
led_005492,ord_005489,166.00,Gaurav Motors,2026-07-06,INR,open
led_001839,ord_001837,602.00,Kabir Exports,2026-07-10,INR,open
led_001733,ord_001731,655.00,Pooja Ventures,2026-07-09,INR,open
led_003011,ord_003009,23674.00,Lavanya Studio,2026-07-22,INR,open
led_004652,ord_004650,7915.00,Hiral Pharma,2026-07-17,INR,open
led_006757,ord_006753,4456.00,Ishaan Digital,2026-07-23,INR,open
led_001005,ord_001002,96179.00,Falguni Textiles,2026-07-26,INR,open
led_002640,ord_002637,9273.00,Aarav Traders,2026-07-30,INR,open
led_001194,ord_001192,235678.00,Aarav Traders,2026-07-16,INR,open
led_005147,ord_005143,29060.00,Aarav Traders,2026-07-22,INR,open
led_007289,ord_007285,3865.00,Manish Hardware,2026-07-13,INR,open
led_007086,ord_007083,14903.00,Aarav Traders,2026-07-07,INR,open
led_004324,ord_004318,3095.00,Chetan Logistics,2026-07-30,INR,open
led_002573,ord_002571,8961.00,Manish Hardware,2026-07-17,INR,open
led_006492,ord_006489,72340.00,Pooja Ventures,2026-07-30,INR,open
led_005283,ord_005280,60758.00,Jyoti Interiors,2026-07-29,INR,open
led_003301,ord_003298,4974.00,Bhavna Retail,2026-07-28,INR,open
led_006602,ord_006600,218.00,Divya Foods,2026-07-06,INR,open
led_004858,ord_004855,2726.00,Divya Foods,2026-07-16,INR,open
led_001521,ord_001516,704937.00,Eshan Systems,2026-07-30,INR,open
led_003606,ord_003602,3525.00,Omkar Steel,2026-07-07,INR,open
led_003769,ord_003765,7955.00,Jyoti Interiors,2026-07-31,INR,open
led_004970,ord_004964,438587.00,Divya Foods,2026-07-29,INR,open
led_007703,ord_007701,5033.00,Gaurav Motors,2026-07-23,INR,open
led_003848,ord_003845,174.00,Jyoti Interiors,2026-07-22,INR,open
led_000442,ord_000440,108.00,Neha Organics,2026-07-04,INR,open
led_001123,ord_001118,356.00,Lavanya Studio,2026-07-06,INR,open
led_004071,ord_004069,1957.00,Neha Organics,2026-07-22,INR,open
led_001021,ord_001015,1378.00,Pooja Ventures,2026-07-22,INR,open
led_005978,ord_005976,22673.00,Gaurav Motors,2026-07-17,INR,open
led_006176,ord_006174,8170.00,Eshan Systems,2026-11-05,INR,open
led_006830,ord_006824,436.00,Ishaan Digital,2026-07-22,INR,open
led_000034,ord_000031,994.00,Bhavna Retail,2026-07-27,INR,open
led_002230,ord_002227,540739.00,Chetan Logistics,2026-07-07,INR,open
led_000911,ord_000905,427494.00,Gaurav Motors,2026-07-27,INR,open
led_001491,ord_001487,7073.00,Neha Organics,2026-07-16,INR,open
led_003107,ord_003105,90784.00,Jyoti Interiors,2026-07-28,INR,open
led_001681,ord_001678,138085.09,Omkar Steel,2026-07-01,INR,open
led_002413,ord_002407,9024.00,Neha Organics,2026-07-07,INR,open
led_001031,ord_001027,8954.00,Manish Hardware,2026-07-22,INR,open
led_001397,ord_001391,86727.00,Eshan Systems,2026-07-13,INR,open
led_007872,ord_007870,584.00,Manish Hardware,2026-07-15,INR,open
led_000218,ord_000216,1227.00,Hiral Pharma,2026-07-04,INR,open
led_005290,ord_005287,3823.00,Eshan Systems,2026-07-29,INR,open
led_002660,ord_002655,2297.00,Chetan Logistics,2026-07-06,INR,open
led_005915,ord_005913,2503.00,Pooja Ventures,2026-07-24,INR,open
led_003860,ord_003858,3563.00,Jyoti Interiors,2026-07-30,INR,open
led_001770,ord_001765,172.00,Aarav Traders,2026-07-15,INR,open
led_005055,ord_005053,947.00,Bhavna Retail,2026-07-10,INR,open
led_001209,ord_001207,8784.00,Falguni Textiles,2026-07-07,INR,open
led_007372,ord_007370,49918.00,Manish Hardware,2026-07-14,INR,open
led_003292,ord_003289,747.00,Omkar Steel,2026-07-14,INR,open
led_005481,ord_005475,886.00,Bhavna Retail,2026-07-10,INR,open
led_005211,ord_005209,271502.00,Divya Foods,2026-07-31,INR,open
led_002730,ord_002728,553145.00,Ishaan Digital,2026-07-25,INR,open
led_005324,ord_005320,559.00,Kabir Exports,2026-07-27,INR,open
led_002243,ord_002238,9353.00,Lavanya Studio,2026-07-07,INR,open
led_001554,ord_001550,5794.00,Chetan Logistics,2026-07-08,INR,open
led_006883,ord_006880,451.00,Kabir Exports,2026-07-22,INR,open
led_001372,ord_001369,2948.00,Chetan Logistics,2026-07-02,INR,open
led_005615,ord_005611,5967.00,Jyoti Interiors,2026-07-03,INR,open
led_007432,ord_007428,343.00,Bhavna Retail,2026-07-24,INR,open
led_002546,ord_002541,311.00,Ishaan Digital,2026-07-02,INR,open
led_002517,ord_002514,985.00,Eshan Systems,2026-07-11,INR,open
led_002061,ord_002059,114438.58,Hiral Pharma,2026-07-15,INR,open
led_005049,ord_005047,779115.00,Kabir Exports,2026-07-30,INR,open
led_000076,ord_000073,9548.00,Jyoti Interiors,2026-07-30,INR,open
led_004186,ord_004184,938.00,Falguni Textiles,2026-07-16,INR,open
led_007857,ord_007853,767.00,Gaurav Motors,2026-07-20,INR,open
led_002702,ord_002698,7275.00,Ishaan Digital,2026-07-30,INR,open
led_001255,ord_001250,443468.00,Eshan Systems,2026-07-24,INR,open
led_002718,ord_002716,162.00,Lavanya Studio,2026-07-25,INR,open
led_007689,ord_007685,175823.21,Kabir Exports,2026-07-07,INR,open
led_000688,ord_000685,896.00,Eshan Systems,2026-07-02,INR,open
led_001584,ord_001582,537.00,Hiral Pharma,2026-07-27,INR,open
led_000260,ord_000254,1049.00,Jyoti Interiors,2026-07-09,INR,open
led_000609,ord_000602,43085.00,Manish Hardware,2026-07-02,INR,open
led_003755,ord_003753,622.00,Divya Foods,2026-07-03,INR,open
led_004810,ord_004808,9223.00,Chetan Logistics,2026-11-05,INR,open
led_000437,ord_000433,505.00,Eshan Systems,2026-07-24,INR,open
led_002583,ord_002579,780.00,Gaurav Motors,2026-07-17,INR,open
led_005187,ord_005182,1606.00,Hiral Pharma,2026-07-27,INR,open
led_000346,ord_000341,5381.00,Neha Organics,2026-07-17,INR,open
led_005156,ord_005154,373.00,Aarav Traders,2026-07-22,INR,open
led_006688,ord_006684,290.00,Aarav Traders,2026-07-08,INR,open
led_000096,ord_000094,6681.00,Eshan Systems,2026-07-22,INR,open
led_005717,ord_005713,9872.00,Hiral Pharma,2026-07-02,INR,open
led_001913,ord_001910,734.00,Kabir Exports,2026-07-26,INR,open
led_005666,ord_005664,48255.00,Neha Organics,2026-07-01,INR,open
led_005275,ord_005271,231.00,Jyoti Interiors,2026-07-29,INR,open
led_004796,ord_004794,932.00,Pooja Ventures,2026-07-24,INR,open
led_007690,ord_007687,148285.58,Hiral Pharma,2026-07-07,INR,open
led_006949,ord_006942,5865.00,Falguni Textiles,2026-07-04,INR,open
led_002531,ord_002529,5319.00,Neha Organics,2026-07-09,INR,open
led_004897,ord_004893,78463.00,Jyoti Interiors,2026-07-08,INR,open
led_002804,ord_002802,65938.00,Neha Organics,2026-11-05,INR,open
led_001051,ord_001047,8470.00,Hiral Pharma,2026-07-10,INR,open
led_007119,ord_007115,61742.00,Neha Organics,2026-07-24,INR,open
led_000564,ord_000561,7356.00,Ishaan Digital,2026-07-03,INR,open
led_007037,ord_007033,64923.00,Falguni Textiles,2026-07-24,INR,open
led_007582,ord_007580,11486.00,Kabir Exports,2026-07-16,INR,open
led_000148,ord_000144,534.00,Aarav Traders,2026-07-09,INR,open
led_000120,ord_000118,4399.00,Bhavna Retail,2026-07-12,INR,open
led_002561,ord_002557,6114.00,Omkar Steel,2026-07-12,INR,open
led_000046,ord_000044,7939.00,Ishaan Digital,2026-07-27,INR,open
led_001173,ord_001170,366.00,Pooja Ventures,2026-07-21,INR,open
led_000491,ord_000487,419.00,Pooja Ventures,2026-07-15,INR,open
led_002765,ord_002763,75623.00,Hiral Pharma,2026-07-05,INR,open
led_004747,ord_004745,2243.00,Kabir Exports,2026-07-10,INR,open
led_000167,ord_000161,8284.00,Falguni Textiles,2026-07-22,INR,open
led_005482,ord_005477,647.00,Manish Hardware,2026-07-10,INR,open
led_005294,ord_005292,8967.00,Kabir Exports,2026-07-29,INR,open
led_003518,ord_003516,576.00,Chetan Logistics,2026-07-22,INR,open
led_001967,ord_001965,22503.81,Divya Foods,2026-07-19,INR,open
led_003463,ord_003461,207861.25,Kabir Exports,2026-07-07,INR,open
led_004142,ord_004140,6670.00,Omkar Steel,2026-07-29,INR,open
led_001943,ord_001941,1427.00,Hiral Pharma,2026-07-28,INR,open
led_006258,ord_006256,4765.00,Kabir Exports,2026-07-09,INR,open
led_002847,ord_002845,831593.00,Divya Foods,2026-07-03,INR,open
led_003659,ord_003655,147.00,Eshan Systems,2026-07-22,INR,open
led_001158,ord_001156,32103.00,Pooja Ventures,2026-07-20,INR,open
led_006862,ord_006858,273.00,Neha Organics,2026-07-01,INR,open
led_000733,ord_000731,7228.00,Chetan Logistics,2026-07-08,INR,open
led_001441,ord_001439,1621.00,Hiral Pharma,2026-07-21,INR,open
led_003665,ord_003663,59649.00,Jyoti Interiors,2026-07-09,INR,open
led_003996,ord_003993,9799.00,Neha Organics,2026-07-20,INR,open
led_005483,ord_005479,102.00,Manish Hardware,2026-07-10,INR,open
led_000729,ord_000727,396.00,Bhavna Retail,2026-07-08,INR,open
led_002859,ord_002857,911.00,Gaurav Motors,2026-07-27,INR,open
led_003913,ord_003907,9650.00,Manish Hardware,2026-07-04,INR,open
led_005715,ord_005709,397057.00,Neha Organics,2026-07-02,INR,open
led_004491,ord_004489,8342.00,Falguni Textiles,2026-07-22,INR,open
led_005386,ord_005382,508184.00,Pooja Ventures,2026-07-20,INR,open
led_000932,ord_000927,86454.00,Hiral Pharma,2026-07-16,INR,open
led_001983,ord_001979,51375.00,Gaurav Motors,2026-07-02,INR,open
led_003636,ord_003632,755.00,Pooja Ventures,2026-07-24,INR,open
led_003487,ord_003485,926.00,Hiral Pharma,2026-07-03,INR,open
led_004175,ord_004169,93485.00,Ishaan Digital,2026-07-24,INR,open
led_000474,ord_000470,14797.00,Divya Foods,2026-07-21,INR,open
led_006709,ord_006706,7179.00,Eshan Systems,2026-07-21,INR,open
led_002669,ord_002665,27256.00,Bhavna Retail,2026-07-17,INR,open
led_002615,ord_002612,2521.00,Jyoti Interiors,2026-07-08,INR,open
led_000960,ord_000958,958.00,Kabir Exports,2026-07-13,INR,open
led_005372,ord_005369,9542.00,Manish Hardware,2026-07-25,INR,open
led_003866,ord_003864,20032.00,Omkar Steel,2026-07-16,INR,open
led_004224,ord_004220,3602.00,Aarav Traders,2026-07-07,INR,open
led_005311,ord_005307,9502.00,Divya Foods,2026-07-07,INR,open
led_005966,ord_005964,65346.00,Falguni Textiles,2026-07-17,INR,open
led_003373,ord_003370,32515.00,Divya Foods,2026-07-15,INR,open
led_007481,ord_007475,1808.00,Gaurav Motors,2026-07-14,INR,open
led_003688,ord_003686,56480.00,Kabir Exports,2026-07-11,INR,open
led_003588,ord_003586,7607.00,Jyoti Interiors,2026-07-24,INR,open
led_003709,ord_003706,8087.00,Hiral Pharma,2026-07-03,INR,open
led_007797,ord_007791,9757.00,Omkar Steel,2026-07-08,INR,open
led_004560,ord_004558,95892.00,Bhavna Retail,2026-07-13,INR,open
led_007009,ord_007007,449.00,Bhavna Retail,2026-07-04,INR,open
led_005223,ord_005221,431804.00,Aarav Traders,2026-07-15,INR,open
led_007130,ord_007124,944.00,Aarav Traders,2026-07-18,INR,open
led_006680,ord_006676,76501.00,Pooja Ventures,2026-07-10,INR,open
led_005312,ord_005309,2097.00,Pooja Ventures,2026-07-07,INR,open
led_003291,ord_003287,23263.00,Gaurav Motors,2026-07-14,INR,open
led_006333,ord_006331,8883.00,Falguni Textiles,2026-07-30,INR,open
led_003018,ord_003015,753.00,Bhavna Retail,2026-07-22,INR,open
led_000687,ord_000683,3879.00,Chetan Logistics,2026-07-02,INR,open
led_005776,ord_005772,868.00,Gaurav Motors,2026-07-05,INR,open
led_006891,ord_006887,190979.79,Jyoti Interiors,2026-07-22,INR,open
led_005106,ord_005104,408.00,Omkar Steel,2026-07-13,INR,open
led_006961,ord_006955,1726.00,Manish Hardware,2026-07-31,INR,open
led_003451,ord_003449,820.00,Bhavna Retail,2026-07-27,INR,open
led_001453,ord_001447,1490.00,Pooja Ventures,2026-07-16,INR,open
led_006693,ord_006691,15243.00,Bhavna Retail,2026-07-08,INR,open
led_001261,ord_001259,55379.00,Aarav Traders,2026-07-13,INR,open
led_007638,ord_007634,9660.00,Divya Foods,2026-07-27,INR,open
led_000995,ord_000990,9671.00,Lavanya Studio,2026-07-20,INR,open
led_003622,ord_003620,333.00,Jyoti Interiors,2026-07-17,INR,open
led_000482,ord_000478,307.00,Chetan Logistics,2026-07-23,INR,open
led_003794,ord_003790,63829.00,Neha Organics,2026-07-08,INR,open
led_002630,ord_002626,67224.00,Lavanya Studio,2026-07-10,INR,open
led_001534,ord_001529,4348.00,Manish Hardware,2026-07-14,INR,open
led_001140,ord_001138,541.00,Aarav Traders,2026-07-20,INR,open
led_002490,ord_002484,394.00,Neha Organics,2026-07-13,INR,open
led_004027,ord_004023,1309.00,Gaurav Motors,2026-07-28,INR,open
led_000023,ord_000021,5983.00,Pooja Ventures,2026-07-30,INR,open
led_004906,ord_004902,194.00,Bhavna Retail,2026-07-14,INR,open
led_004472,ord_004468,4126.00,Hiral Pharma,2026-07-10,INR,open
led_007489,ord_007487,8232.00,Hiral Pharma,2026-07-10,INR,open
led_000555,ord_000552,827.00,Divya Foods,2026-07-10,INR,open
led_006279,ord_006276,3891.00,Eshan Systems,2026-07-01,INR,open
led_004972,ord_004968,52724.00,Aarav Traders,2026-07-29,INR,open
led_002853,ord_002851,5939.00,Falguni Textiles,2026-07-14,INR,open
led_003781,ord_003776,4726.00,Neha Organics,2026-07-06,INR,open
led_006812,ord_006810,432.00,Lavanya Studio,2026-07-30,INR,open
led_001664,ord_001662,104502.18,Lavanya Studio,2026-07-20,INR,open
led_004880,ord_004878,697729.00,Hiral Pharma,2026-07-10,INR,open
led_004108,ord_004106,2106.00,Ishaan Digital,2026-07-09,INR,open
led_007508,ord_007503,863.00,Falguni Textiles,2026-07-12,INR,open
led_003951,ord_003947,80602.00,Ishaan Digital,2026-07-19,INR,open
led_003064,ord_003062,439.00,Bhavna Retail,2026-07-21,INR,open
led_003155,ord_003153,834.00,Neha Organics,2026-07-31,INR,open
led_007716,ord_007709,964.00,Pooja Ventures,2026-07-27,INR,open
led_000367,ord_000365,173156.93,Kabir Exports,2026-07-19,INR,open
led_002880,ord_002877,1241.00,Hiral Pharma,2026-07-02,INR,open
led_000810,ord_000807,1504.00,Kabir Exports,2026-07-10,INR,open
led_007330,ord_007323,3884.00,Aarav Traders,2026-07-20,INR,open
led_000546,ord_000544,58517.00,Bhavna Retail,2026-07-22,INR,open
led_002461,ord_002459,9638.00,Eshan Systems,2026-07-17,INR,open
led_003914,ord_003909,815110.00,Manish Hardware,2026-07-04,INR,open
led_002535,ord_002533,9521.00,Ishaan Digital,2026-07-09,INR,open
led_007775,ord_007773,16349.00,Hiral Pharma,2026-07-28,INR,open
led_002210,ord_002208,633150.00,Ishaan Digital,2026-07-09,INR,open
led_006458,ord_006453,6644.00,Divya Foods,2026-07-24,INR,open
led_003366,ord_003363,30893.00,Manish Hardware,2026-07-15,INR,open
led_006524,ord_006519,1863.00,Jyoti Interiors,2026-07-08,INR,open
led_006963,ord_006959,367.00,Eshan Systems,2026-07-31,INR,open
led_001540,ord_001538,6360.00,Manish Hardware,2026-07-21,INR,open
led_001343,ord_001339,5078.00,Manish Hardware,2026-07-28,INR,open
led_004464,ord_004462,769.00,Kabir Exports,2026-07-28,INR,open
led_000498,ord_000496,744.00,Aarav Traders,2026-07-17,INR,open
led_000784,ord_000782,91569.00,Falguni Textiles,2026-07-14,INR,open
led_006951,ord_006946,8939.00,Bhavna Retail,2026-07-04,INR,open
led_002693,ord_002688,1207.00,Gaurav Motors,2026-07-14,INR,open
led_003240,ord_003236,2220.00,Ishaan Digital,2026-07-28,INR,open
led_000919,ord_000917,85373.00,Jyoti Interiors,2026-07-23,INR,open
led_000318,ord_000315,1542.00,Neha Organics,2026-07-30,INR,open
led_006596,ord_006594,25020.00,Manish Hardware,2026-07-13,INR,open
led_001824,ord_001818,3859.00,Manish Hardware,2026-07-06,INR,open
led_006209,ord_006204,978.00,Kabir Exports,2026-07-06,INR,open
led_006932,ord_006929,48058.00,Aarav Traders,2026-07-21,INR,open
led_007645,ord_007643,78556.00,Eshan Systems,2026-07-01,INR,open
led_005748,ord_005743,37862.00,Ishaan Digital,2026-07-16,INR,open
led_000005,ord_000003,8513.00,Divya Foods,2026-11-05,INR,open
led_002584,ord_002581,283.00,Kabir Exports,2026-07-17,INR,open
led_005035,ord_005033,57022.00,Falguni Textiles,2026-07-13,INR,open
led_005565,ord_005563,516.00,Hiral Pharma,2026-07-02,INR,open
led_000451,ord_000448,205.00,Manish Hardware,2026-07-08,INR,open
led_006850,ord_006848,930.00,Falguni Textiles,2026-07-23,INR,open
led_002118,ord_002116,202448.00,Omkar Steel,2026-07-30,INR,open
led_003101,ord_003096,84716.00,Chetan Logistics,2026-07-23,INR,open
led_005821,ord_005817,593.00,Omkar Steel,2026-07-13,INR,open
led_002926,ord_002920,849789.00,Ishaan Digital,2026-07-30,INR,open
led_005491,ord_005487,70424.00,Pooja Ventures,2026-07-06,INR,open
led_007162,ord_007155,1764.00,Lavanya Studio,2026-07-07,INR,open
led_006155,ord_006149,6762.00,Ishaan Digital,2026-07-24,INR,open
led_000317,ord_000313,9931.00,Neha Organics,2026-07-30,INR,open
led_004130,ord_004128,282.00,Gaurav Motors,2026-07-29,INR,open
led_005289,ord_005285,89104.00,Lavanya Studio,2026-07-29,INR,open
led_000818,ord_000816,2749.00,Eshan Systems,2026-07-10,INR,open
led_002670,ord_002667,885.00,Gaurav Motors,2026-07-17,INR,open
led_006905,ord_006903,17745.00,Gaurav Motors,2026-07-23,INR,open
