payment_id,order_id,gross_amount,fee,tax,net_amount,captured_at,method,currency,settlement_id,international,source_currency,fx_rate
pay_005512,ord_005513,862.00,16.38,2.95,842.67,2026-07-08T22:48:00+05:30,netbanking,INR,setl_005514,false,,
pay_001884,ord_001885,7834.00,156.68,28.20,7649.12,2026-07-04T18:48:00+05:30,credit_card,INR,setl_001886,false,,
pay_004831,ord_004832,79630.00,0.00,0.00,79630.00,2026-07-20T17:27:00+05:30,upi,INR,setl_004835,false,,
pay_003814,ord_003815,487920.00,0.00,0.00,487920.00,2026-07-07T07:43:00+05:30,rupay_debit,INR,setl_003819,false,,
pay_004452,ord_004453,269.00,0.00,0.00,269.00,2026-07-23T18:49:00+05:30,upi,INR,setl_004455,false,,
pay_000669,ord_000670,2240.00,42.56,7.66,2189.78,2026-07-29T14:29:00+05:30,netbanking,INR,setl_000673,false,,
pay_004733,ord_004734,895.00,0.00,0.00,895.00,2026-07-08T07:38:00+05:30,upi,INR,setl_004736,false,,
pay_003454,ord_003455,986.00,0.00,0.00,986.00,2026-07-07T08:11:00+05:30,rupay_debit,INR,setl_003456,false,,
pay_000121,ord_000122,747.00,14.19,2.55,730.26,2026-07-12T12:38:00+05:30,netbanking,INR,setl_000125,false,,
pay_003748,ord_003749,3776.00,33.98,6.12,3735.90,2026-07-03T21:19:00+05:30,debit_card,INR,setl_003750,false,,
pay_002474,ord_002475,734.00,18.35,3.30,712.35,2026-07-28T22:30:00+05:30,emi,INR,setl_002477,false,,
pay_001039,ord_001040,8403.00,168.06,30.25,8204.69,2026-07-20T09:56:00+05:30,wallet,INR,setl_001041,false,,
pay_001270,ord_001271,284.00,0.00,0.00,284.00,2026-07-13T12:14:00+05:30,upi,INR,setl_001272,false,,
pay_001604,ord_001605,544686.00,4902.17,882.39,538901.44,2026-07-07T20:46:00+05:30,debit_card,INR,setl_001608,false,,
pay_005495,ord_005496,3282.00,0.00,0.00,3282.00,2026-07-29T23:45:00Z,upi,INR,setl_005497,false,,
pay_006255,ord_006256,4765.00,142.95,25.73,4596.32,2026-07-09T09:00:00+05:30,international,INR,setl_006257,true,USD,85.7887
pay_001294,ord_001295,601.00,0.00,0.00,601.00,2026-07-03T11:36:00+05:30,upi,INR,setl_001296,false,,
pay_000418,ord_000419,1088.00,21.76,3.92,1062.32,2026-07-17T13:49:00+05:30,credit_card,INR,setl_000420,false,,
pay_005530,ord_005531,496550.00,0.00,0.00,496550.00,2026-07-17T09:15:00+05:30,upi,INR,setl_005537,false,,
pay_001808,ord_001809,508.00,9.65,1.74,496.61,2026-07-15T12:31:00+05:30,netbanking,INR,setl_001810,false,,
pay_002706,ord_002707,190.00,3.61,0.65,185.74,2026-07-22T21:42:00+05:30,netbanking,INR,setl_002710,false,,
pay_006124,ord_006125,98928.00,0.00,0.00,98928.00,2026-07-30T21:30:00+05:30,upi,INR,setl_006130,false,,
pay_004912,ord_004913,936.00,0.00,0.00,936.00,2026-07-01T12:58:00+05:30,upi,INR,setl_004914,false,,
pay_004512,ord_004513,5115.00,0.00,0.00,5115.00,2026-07-05T10:10:00+05:30,upi,INR,setl_004514,false,,
pay_001347,ord_001348,53625.00,0.00,0.00,53625.00,2026-07-24T20:54:00+05:30,upi,INR,setl_001354,false,,
pay_007700,ord_007701,5033.00,0.00,0.00,5033.00,2026-07-23T08:00:00+05:30,upi,INR,setl_007702,false,,
pay_006766,ord_006767,2308.00,43.85,7.89,2256.26,2026-07-30T08:14:00+05:30,netbanking,INR,setl_006770,false,,
pay_001048,ord_001049,514.00,10.28,1.85,501.87,2026-07-10T21:03:00+05:30,credit_card,INR,setl_001050,false,,
pay_003971,ord_003972,3387.00,0.00,0.00,3387.00,2026-07-26T07:27:00+05:30,upi,INR,setl_003973,false,,
pay_000654,ord_000655,704.00,2.82,0.51,700.67,2026-07-29T22:41:00+05:30,debit_card,INR,setl_000656,false,,
pay_001675,ord_001676,113735.46,2274.71,409.45,111051.30,2026-07-01T08:52:00+05:30,credit_card,INR,setl_001679,false,,
pay_000111,ord_000112,821.00,0.00,0.00,821.00,2026-07-02T13:29:00+05:30,upi,INR,setl_000113,false,,
pay_007814,ord_007815,71989.55,0.00,0.00,71989.55,2026-07-15T19:28:00+05:30,upi,INR,setl_007818,false,,
pay_003027,ord_003028,470.00,9.40,1.69,458.91,2026-07-31T21:25:00+05:30,credit_card,INR,setl_003029,false,,
pay_006008,ord_006009,2556.00,0.00,0.00,2556.00,2026-07-17T17:33:00+05:30,upi,INR,setl_006010,false,,
pay_004018,ord_004019,67205.00,604.85,108.87,66491.28,2026-07-28T08:27:00+05:30,debit_card,INR,setl_004024,false,,
pay_003525,ord_003526,74886.00,1422.83,256.11,73207.06,2026-07-30T11:27:00+05:30,netbanking,INR,setl_003527,false,,
pay_000972,ord_000973,9660.00,241.50,43.47,9375.03,2026-07-01T16:28:00+05:30,emi,INR,setl_000974,false,,
pay_006629,ord_006630,694.00,13.88,2.50,677.62,2026-07-27T18:22:00+05:30,credit_card,INR,setl_006631,false,,
pay_000765,ord_000766,5074.00,45.67,8.22,5020.11,2026-07-01T11:27:00+05:30,debit_card,INR,setl_000767,false,,
pay_005524,ord_005525,301.00,6.02,1.08,293.90,2026-07-27T17:42:00+05:30,credit_card,INR,setl_005526,false,,
pay_007125,ord_007126,962.00,3.85,0.69,957.46,2026-07-18T15:21:00+05:30,debit_card,INR,setl_007129,false,,
pay_002731,ord_002732,5858.00,111.30,20.03,5726.67,2026-07-25T08:49:00+05:30,netbanking,INR,setl_002733,false,,
pay_004020,ord_004021,108.00,2.05,0.37,105.58,2026-07-28T16:11:00+05:30,netbanking,INR,setl_004024,false,,
pay_006853,ord_006854,296716.00,7417.90,1335.22,287962.88,2026-07-01T14:24:00+05:30,amex,INR,setl_006859,false,,
pay_007114,ord_007115,61742.00,555.68,100.02,61086.30,2026-07-24T09:47:00+05:30,debit_card,INR,setl_007118,false,,
pay_004536,ord_004537,787105.00,0.00,0.00,787105.00,2026-07-18T14:23:00+05:30,upi,INR,setl_004538,false,,
pay_005851,ord_005852,952.00,19.04,3.43,929.53,2026-07-16T10:17:00+05:30,wallet,INR,setl_005853,false,,
pay_007226,ord_007227,766104.00,0.00,0.00,766104.00,2026-07-20T15:08:00+05:30,upi,INR,setl_007231,false,,
pay_002727,ord_002728,553145.00,11062.90,1991.32,540090.78,2026-07-25T19:33:00+05:30,credit_card,INR,setl_002729,false,,
pay_003288,ord_003289,747.00,0.00,0.00,747.00,2026-07-14T15:57:00+05:30,upi,INR,setl_003290,false,,
pay_002015,ord_002016,384046.00,3456.41,622.15,379967.44,2026-07-06T17:56:00+05:30,debit_card,INR,setl_002017,false,,
pay_000757,ord_000758,906653.00,0.00,0.00,906653.00,2026-07-01T07:14:00+05:30,upi,INR,setl_000759,false,,
pay_005740,ord_005741,22687.00,453.74,81.67,22151.59,2026-07-16T11:53:00+05:30,credit_card,INR,setl_005745,false,,
pay_006205,ord_006206,701.00,0.00,0.00,701.00,2026-07-06T22:04:00+05:30,upi,INR,setl_006207,false,,
pay_006617,ord_006618,3871.00,116.13,20.90,3733.97,2026-07-27T19:40:00+05:30,international,INR,setl_006619,true,USD,82.1738
pay_002406,ord_002407,9024.00,0.00,0.00,9024.00,2026-07-07T15:30:00+05:30,upi,INR,setl_002412,false,,
pay_001026,ord_001027,8954.00,179.08,32.23,8742.69,2026-07-22T10:32:00+05:30,credit_card,INR,setl_001030,false,,
pay_000257,ord_000258,605.00,2.42,0.44,602.14,2026-07-09T08:54:00+05:30,debit_card,INR,setl_000259,false,,
pay_006089,ord_006090,9546.00,190.92,34.37,9320.71,2026-07-23T15:49:00+05:30,credit_card,INR,setl_006094,false,,
pay_000137,ord_000138,73866.00,0.00,0.00,73866.00,2026-07-10T07:45:00+05:30,upi,INR,setl_000139,false,,
pay_003336,ord_003337,99681.00,1893.94,340.91,97446.15,2026-07-20T23:45:00Z,netbanking,INR,setl_003338,false,,
pay_005751,ord_005752,196713.00,0.00,0.00,196713.00,2026-07-22T10:06:00+05:30,upi,INR,setl_005753,false,,
pay_001551,ord_001552,9542.00,0.00,0.00,9542.00,2026-07-08T07:39:00+05:30,upi,INR,setl_001553,false,,
pay_007557,ord_007558,4164.00,79.12,14.24,4070.64,2026-07-13T16:01:00+05:30,netbanking,INR,setl_007559,false,,
pay_006735,ord_006736,80205.00,1523.90,274.30,78406.80,2026-07-19T12:38:00+05:30,netbanking,INR,setl_006737,false,,
pay_000479,ord_000480,214.00,0.86,0.15,212.99,2026-07-23T08:34:00+05:30,debit_card,INR,setl_000481,false,,
pay_006605,ord_006606,90552.00,814.97,146.69,89590.34,2026-07-09T20:05:00+05:30,debit_card,INR,setl_006607,false,,
pay_007102,ord_007103,733.00,18.33,3.30,711.37,2026-07-20T22:18:00+05:30,amex,INR,setl_007108,false,,
pay_000924,ord_000925,312745.00,0.00,0.00,312745.00,2026-07-16T19:44:00+05:30,upi,INR,setl_000929,false,,
pay_001596,ord_001597,64412.12,0.00,0.00,64412.12,2026-07-15T13:53:00+05:30,upi,INR,setl_001598,false,,
pay_004500,ord_004501,102441.12,2304.92,350.35,99785.85,2026-07-31T12:06:00+05:30,netbanking,INR,setl_004502,false,,
pay_001290,ord_001291,6769.00,0.00,0.00,6769.00,2026-07-03T09:22:00+05:30,upi,INR,setl_001292,false,,
pay_000467,ord_000468,718608.00,13653.55,2457.64,702496.81,2026-07-21T09:47:00+05:30,netbanking,INR,setl_000471,false,,
pay_003321,ord_003322,72561.00,0.00,0.00,72561.00,2026-07-12T18:03:00+05:30,upi,INR,setl_003324,false,,
pay_001568,ord_001569,4356.00,39.20,7.06,4309.74,2026-07-02T07:34:00+05:30,debit_card,INR,setl_001570,false,,
pay_005712,ord_005713,9872.00,0.00,0.00,9872.00,2026-07-02T14:07:00+05:30,upi,INR,setl_005714,false,,
pay_006563,ord_006564,310352.00,2793.17,502.77,307056.06,2026-07-23T20:02:00+05:30,debit_card,INR,setl_006567,false,,
pay_005291,ord_005292,8967.00,179.34,32.28,8755.38,2026-07-29T07:32:00+05:30,wallet,INR,setl_005293,false,,
pay_007032,ord_007033,64923.00,584.31,105.18,64233.51,2026-07-24T22:15:00+05:30,debit_card,INR,setl_007034,false,,
pay_006917,ord_006918,7029.00,0.00,0.00,7029.00,2026-07-24T09:23:00+05:30,upi,INR,setl_006921,false,,
pay_002634,ord_002635,672.00,13.44,2.42,656.14,2026-07-30T12:59:00+05:30,credit_card,INR,setl_002638,false,,
pay_001528,ord_001529,4348.00,0.00,0.00,4348.00,2026-07-14T14:08:00+05:30,upi,INR,setl_001531,false,,
pay_006554,ord_006555,249.00,6.23,1.12,241.65,2026-07-22T19:29:00+05:30,emi,INR,setl_006558,false,,
pay_003260,ord_003261,2720.00,51.68,9.30,2659.02,2026-07-26T18:45:00+05:30,netbanking,INR,setl_003262,false,,
pay_001877,ord_001878,1791.00,34.03,6.13,1750.84,2026-07-04T07:55:00+05:30,netbanking,INR,setl_001879,false,,
pay_004649,ord_004650,7915.00,150.39,27.07,7737.54,2026-07-17T13:16:00+05:30,netbanking,INR,setl_004651,false,,
pay_007359,ord_007360,110207.87,0.00,0.00,110207.87,2026-07-30T08:59:00+05:30,upi,INR,setl_007363,false,,
pay_003436,ord_003437,385.00,7.70,1.39,375.91,2026-07-03T15:44:00+05:30,wallet,INR,setl_003438,false,,
pay_005507,ord_005508,41247.00,0.00,0.00,41247.00,2026-07-20T22:31:00+05:30,upi,INR,setl_005509,false,,
pay_000070,ord_000071,40925.00,0.00,0.00,40925.00,2026-07-30T17:30:00+05:30,upi,INR,setl_000074,false,,
pay_006578,ord_006579,334.00,0.00,0.00,334.00,2026-07-01T07:46:00+05:30,upi,INR,setl_006580,false,,
pay_003992,ord_003993,9799.00,186.18,33.51,9579.31,2026-07-20T11:36:00+05:30,netbanking,INR,setl_003994,false,,
pay_003984,ord_003985,3354.00,0.00,0.00,3354.00,2026-07-29T19:24:00+05:30,upi,INR,setl_003986,false,,
pay_007123,ord_007124,944.00,0.00,0.00,944.00,2026-07-18T18:17:00+05:30,upi,INR,setl_007129,false,,
pay_003999,ord_004000,4656.00,93.12,16.76,4546.12,2026-07-15T10:25:00+05:30,credit_card,INR,setl_004006,false,,
pay_003803,ord_003804,676.00,0.00,0.00,676.00,2026-07-02T07:45:00+05:30,upi,INR,setl_003807,false,,
pay_005351,ord_005352,931.00,0.00,0.00,931.00,2026-07-21T09:59:00+05:30,upi,INR,setl_005353,false,,
pay_006493,ord_006494,8788.00,0.00,0.00,8788.00,2026-07-30T09:45:00+05:30,upi,INR,setl_006497,false,,
pay_005129,ord_005130,340.00,1.36,0.24,338.40,2026-07-30T15:23:00+05:30,debit_card,INR,setl_005131,false,,
pay_005306,ord_005307,9502.00,85.52,15.39,9401.09,2026-07-07T07:34:00+05:30,debit_card,INR,setl_005310,false,,
pay_002540,ord_002541,311.00,0.00,0.00,311.00,2026-07-02T11:23:00+05:30,upi,INR,setl_002544,false,,
pay_006014,ord_006015,87787.00,790.08,142.21,86854.71,2026-07-07T14:45:00+05:30,debit_card,INR,setl_006016,false,,
pay_002013,ord_002014,27444.00,247.00,44.46,27152.54,2026-07-06T18:29:00+05:30,debit_card,INR,setl_002017,false,,
pay_006450,ord_006451,1183.00,0.00,0.00,1183.00,2026-07-24T09:53:00+05:30,upi,INR,setl_006456,false,,
pay_000852,ord_000853,6257.00,0.00,0.00,6257.00,2026-07-03T21:34:00+05:30,upi,INR,setl_000854,false,,
pay_005639,ord_005640,622.00,12.44,2.24,607.32,2026-07-17T08:47:00+05:30,credit_card,INR,setl_005641,false,,
pay_003766,ord_003767,72992.00,0.00,0.00,72992.00,2026-07-31T07:50:00+05:30,upi,INR,setl_003768,false,,
pay_003197,ord_003198,501.00,2.00,0.36,498.64,2026-07-20T08:35:00+05:30,debit_card,INR,setl_003199,false,,
pay_003812,ord_003813,10046.00,0.00,0.00,10046.00,2026-07-07T19:29:00+05:30,upi,INR,setl_003819,false,,
pay_001712,ord_001713,5982.00,119.64,21.54,5840.82,2026-07-23T16:04:00+05:30,credit_card,INR,setl_001714,false,,
pay_007648,ord_007649,1605.00,30.50,5.49,1569.01,2026-07-09T07:40:00+05:30,netbanking,INR,setl_007650,false,,
pay_000726,ord_000727,396.00,7.92,1.43,386.65,2026-07-08T16:48:00+05:30,credit_card,INR,setl_000728,false,,
pay_002171,ord_002172,9727.00,0.00,0.00,9727.00,2026-07-17T07:36:00+05:30,upi,INR,setl_002175,false,,
pay_003430,ord_003431,91255.00,1825.10,328.52,89101.38,2026-07-10T11:56:00+05:30,wallet,INR,setl_003432,false,,
pay_003869,ord_003870,166077.21,0.00,0.00,166077.21,2026-07-01T12:03:00+05:30,upi,INR,setl_003873,false,,
pay_006454,ord_006455,7034.00,140.68,25.32,6868.00,2026-07-24T18:45:00+05:30,credit_card,INR,setl_006456,false,,
pay_000949,ord_000950,662586.00,13251.72,2385.31,646948.97,2026-07-18T10:45:00+05:30,credit_card,INR,setl_000951,false,,
pay_003536,ord_003537,497768.00,9955.36,1791.96,486020.68,2026-07-30T07:33:00+05:30,credit_card,INR,setl_003538,false,,
pay_000825,ord_000826,1396.00,27.92,5.03,1363.05,2026-07-10T17:20:00+05:30,wallet,INR,setl_000827,false,,
pay_000430,ord_000431,7141.00,0.00,0.00,7141.00,2026-07-24T12:23:00+05:30,upi,INR,setl_000434,false,,
pay_003585,ord_003586,7607.00,0.00,0.00,7607.00,2026-07-24T11:59:00+05:30,upi,INR,setl_003587,false,,
pay_000062,ord_000063,3403.00,0.00,0.00,3403.00,2026-07-30T19:20:00+05:30,upi,INR,setl_000064,false,,
pay_006316,ord_006317,750.00,0.00,0.00,750.00,2026-07-09T21:36:00+05:30,upi,INR,setl_006318,false,,
pay_000002,ord_000003,8513.00,0.00,0.00,8513.00,2026-11-05T14:01:00+05:30,upi,INR,setl_000004,false,,
pay_005390,ord_005391,115.00,2.19,0.39,112.42,2026-07-14T22:46:00+05:30,netbanking,INR,setl_005392,false,,
pay_000373,ord_000374,782.00,3.13,0.56,778.31,2026-07-28T16:25:00+05:30,debit_card,INR,setl_000375,false,,
pay_005136,ord_005137,507609.00,0.00,0.00,507609.00,2026-07-29T11:52:00+05:30,upi,INR,setl_005138,false,,
pay_003721,ord_003722,783.00,0.00,0.00,783.00,2026-07-03T18:12:00+05:30,upi,INR,setl_003723,false,,
pay_003961,ord_003962,789658.00,0.00,0.00,789658.00,2026-07-26T15:37:00+05:30,upi,INR,setl_003963,false,,
pay_004156,ord_004157,178437.00,1605.93,289.07,176542.00,2026-07-30T16:45:00+05:30,debit_card,INR,setl_004162,false,,
pay_005669,ord_005670,913.00,3.65,0.66,908.69,2026-07-13T10:00:00+05:30,debit_card,INR,setl_005673,false,,
pay_005610,ord_005611,5967.00,119.34,21.48,5826.18,2026-07-03T15:51:00+05:30,credit_card,INR,setl_005614,false,,
pay_005214,ord_005215,109199.76,2402.39,373.46,106423.91,2026-07-10T18:58:00+05:30,netbanking,INR,setl_005216,false,,
pay_002564,ord_002565,94848.00,0.00,0.00,94848.00,2026-07-15T23:45:00Z,upi,INR,setl_002566,false,,
pay_007794,ord_007795,63204.00,0.00,0.00,63204.00,2026-07-08T07:01:00+05:30,upi,INR,setl_007796,false,,
pay_002636,ord_002637,9273.00,185.46,33.38,9054.16,2026-07-30T11:29:00+05:30,credit_card,INR,setl_002638,false,,
pay_000081,ord_000082,43436.00,825.28,148.55,42462.17,2026-07-30T17:30:00+05:30,netbanking,INR,setl_000083,false,,
pay_004942,ord_004943,759.00,14.42,2.60,741.98,2026-07-03T14:41:00+05:30,netbanking,INR,setl_004946,false,,
pay_007069,ord_007070,94413.00,2360.33,424.86,91627.81,2026-07-07T20:33:00+05:30,amex,INR,setl_007071,false,,
pay_004461,ord_004462,769.00,0.00,0.00,769.00,2026-07-28T11:32:00+05:30,upi,INR,setl_004463,false,,
pay_000571,ord_000572,717.00,0.00,0.00,717.00,2026-07-30T07:39:00+05:30,upi,INR,setl_000573,false,,
pay_002532,ord_002533,9521.00,85.69,15.42,9419.89,2026-07-09T13:04:00+05:30,debit_card,INR,setl_002534,false,,
pay_007741,ord_007742,2833.00,25.50,4.59,2802.91,2026-07-06T07:24:00+05:30,debit_card,INR,setl_007745,false,,
pay_003734,ord_003735,267.00,1.07,0.19,265.74,2026-07-03T21:40:00+05:30,debit_card,INR,setl_003736,false,,
pay_005179,ord_005180,7772.00,0.00,0.00,7772.00,2026-07-27T07:45:00+05:30,upi,INR,setl_005185,false,,
pay_001623,ord_001624,39581.00,0.00,0.00,39581.00,2026-07-29T14:37:00+05:30,upi,INR,setl_001625,false,,
pay_000870,ord_000871,8401.00,75.61,13.61,8311.78,2026-07-18T18:43:00+05:30,debit_card,INR,setl_000872,false,,
pay_004221,ord_004222,576.00,0.00,0.00,576.00,2026-07-07T09:11:00+05:30,upi,INR,setl_004223,false,,
pay_000622,ord_000623,1101.00,0.00,0.00,1101.00,2026-07-24T19:13:00+05:30,upi,INR,setl_000626,false,,
pay_001964,ord_001965,22503.81,0.00,0.00,22503.81,2026-07-19T15:31:00+05:30,upi,INR,setl_001966,false,,
pay_002902,ord_002903,2955.00,26.60,4.79,2923.61,2026-07-02T09:01:00+05:30,debit_card,INR,setl_002904,false,,
pay_005058,ord_005059,4449.00,0.00,0.00,4449.00,2026-07-20T20:20:00+05:30,rupay_debit,INR,setl_005065,false,,
pay_007474,ord_007475,1808.00,0.00,0.00,1808.00,2026-07-14T11:16:00+05:30,upi,INR,setl_007480,false,,
pay_007073,ord_007074,3547.00,0.00,0.00,3547.00,2026-07-07T09:54:00+05:30,upi,INR,setl_007077,false,,
pay_002679,ord_002680,752.00,15.04,2.71,734.25,2026-07-02T16:17:00+05:30,wallet,INR,setl_002681,false,,
pay_003388,ord_003389,918.00,0.00,0.00,918.00,2026-07-27T18:28:00+05:30,upi,INR,setl_003390,false,,
pay_003448,ord_003449,820.00,15.58,2.80,801.62,2026-07-27T23:45:00Z,netbanking,INR,setl_003450,false,,
pay_003654,ord_003655,147.00,0.00,0.00,147.00,2026-07-22T09:44:00+05:30,upi,INR,setl_003656,false,,
pay_004074,ord_004075,6599.00,131.98,23.76,6443.26,2026-07-17T15:42:00+05:30,credit_card,INR,setl_004076,false,,
pay_003137,ord_003138,646.00,0.00,0.00,646.00,2026-07-28T13:02:00+05:30,upi,INR,setl_003141,false,,
pay_004571,ord_004572,13192.00,0.00,0.00,13192.00,2026-07-02T08:09:00+05:30,upi,INR,setl_004575,false,,
pay_000477,ord_000478,307.00,5.83,1.05,300.12,2026-07-23T14:29:00+05:30,netbanking,INR,setl_000481,false,,
pay_000516,ord_000517,74910.00,674.19,121.35,74114.46,2026-07-22T21:40:00+05:30,debit_card,INR,setl_000522,false,,
pay_004158,ord_004159,81368.00,732.31,131.82,80503.87,2026-07-30T09:47:00+05:30,debit_card,INR,setl_004162,false,,
pay_006835,ord_006836,9352.00,187.04,33.67,9131.29,2026-07-10T23:45:00Z,credit_card,INR,setl_006837,false,,
pay_007028,ord_007029,1272.00,0.00,0.00,1272.00,2026-07-24T19:11:00+05:30,upi,INR,setl_007034,false,,
pay_007276,ord_007277,73771.00,1401.65,252.30,72117.05,2026-07-29T08:14:00+05:30,netbanking,INR,setl_007278,false,,
pay_007389,ord_007390,8022.00,0.00,0.00,8022.00,2026-07-25T15:32:00+05:30,upi,INR,setl_007391,false,,
pay_003908,ord_003909,815110.00,7335.99,1320.48,806453.53,2026-07-04T07:09:00+05:30,debit_card,INR,setl_003912,false,,
pay_007764,ord_007765,9737.00,194.74,35.05,9507.21,2026-07-01T17:57:00+05:30,credit_card,INR,setl_007766,false,,
pay_001920,ord_001921,403887.00,3634.98,654.30,399597.72,2026-07-26T21:33:00+05:30,debit_card,INR,setl_001922,false,,
pay_003077,ord_003078,82356.72,1647.13,296.48,80413.11,2026-07-07T15:11:00+05:30,credit_card,INR,setl_003079,false,,
pay_005803,ord_005804,2999.00,74.98,13.50,2910.52,2026-07-04T08:59:00+05:30,emi,INR,setl_005807,false,,
pay_002418,ord_002419,54147.00,0.00,0.00,54147.00,2026-07-21T09:20:00+05:30,upi,INR,setl_002420,false,,
pay_004206,ord_004207,86864.00,0.00,0.00,86864.00,2026-07-14T07:26:00+05:30,upi,INR,setl_004208,false,,
pay_001766,ord_001767,75341.00,1506.82,271.23,73562.95,2026-07-15T22:42:00+05:30,credit_card,INR,setl_001768,false,,
pay_001046,ord_001047,8470.00,211.75,38.12,8220.13,2026-07-10T20:31:00+05:30,emi,INR,setl_001050,false,,
pay_006502,ord_006503,54662.00,0.00,0.00,54662.00,2026-07-25T10:27:00+05:30,upi,INR,setl_006508,false,,
pay_000886,ord_000887,442.00,11.05,1.99,428.96,2026-07-14T14:43:00+05:30,emi,INR,setl_000889,false,,
pay_000560,ord_000561,7356.00,0.00,0.00,7356.00,2026-07-03T14:29:00+05:30,upi,INR,setl_000562,false,,
pay_005912,ord_005913,2503.00,0.00,0.00,2503.00,2026-07-24T07:23:00+05:30,upi,INR,setl_005914,false,,
pay_006330,ord_006331,8883.00,168.78,30.38,8683.84,2026-07-30T14:23:00+05:30,netbanking,INR,setl_006332,false,,
pay_001526,ord_001527,822172.00,16443.44,2959.82,802768.74,2026-07-14T11:36:00+05:30,credit_card,INR,setl_001531,false,,
pay_002470,ord_002471,178657.00,3394.48,611.01,174651.51,2026-07-28T08:33:00+05:30,netbanking,INR,setl_002477,false,,
pay_004012,ord_004013,32232.00,0.00,0.00,32232.00,2026-07-27T10:15:00+05:30,upi,INR,setl_004014,false,,
pay_000530,ord_000531,967.00,0.00,0.00,967.00,2026-07-01T13:42:00+05:30,upi,INR,setl_000532,false,,
pay_000991,ord_000992,2532.00,0.00,0.00,2532.00,2026-07-20T12:05:00+05:30,upi,INR,setl_000993,false,,
pay_004308,ord_004309,642.00,12.84,2.31,626.85,2026-07-23T18:03:00+05:30,wallet,INR,setl_004312,false,,
pay_005257,ord_005258,7968.00,159.36,28.68,7779.96,2026-07-14T13:28:00+05:30,credit_card,INR,setl_005261,false,,
pay_002270,ord_002271,173.00,0.69,0.12,172.19,2026-07-07T10:16:00+05:30,debit_card,INR,setl_002274,false,,
pay_004631,ord_004632,8301.00,207.53,37.36,8056.11,2026-07-16T15:54:00+05:30,amex,INR,setl_004637,false,,
pay_007369,ord_007370,49918.00,948.44,170.72,48798.84,2026-07-14T14:07:00+05:30,netbanking,INR,setl_007371,false,,
pay_002213,ord_002214,5282.00,0.00,0.00,5282.00,2026-07-06T19:44:00+05:30,upi,INR,setl_002215,false,,
pay_006533,ord_006534,4391.00,0.00,0.00,4391.00,2026-07-08T21:36:00+05:30,upi,INR,setl_006535,false,,
pay_003705,ord_003706,8087.00,0.00,0.00,8087.00,2026-07-03T14:24:00+05:30,upi,INR,setl_003707,false,,
pay_000823,ord_000824,7273.00,0.00,0.00,7273.00,2026-07-10T18:54:00+05:30,upi,INR,setl_000827,false,,
pay_000117,ord_000118,4399.00,0.00,0.00,4399.00,2026-07-12T22:34:00+05:30,upi,INR,setl_000119,false,,
pay_001889,ord_001890,9673.00,193.46,34.82,9444.72,2026-07-04T11:36:00+05:30,credit_card,INR,setl_001891,false,,
pay_003652,ord_003653,862000.00,0.00,0.00,862000.00,2026-07-22T09:00:00+05:30,upi,INR,setl_003656,false,,
pay_003250,ord_003251,282500.00,0.00,0.00,282500.00,2026-07-15T15:56:00+05:30,upi,INR,setl_003252,false,,
pay_000660,ord_000661,6896.00,137.92,24.83,6733.25,2026-07-29T12:18:00+05:30,wallet,INR,setl_000662,false,,
pay_005975,ord_005976,22673.00,430.79,77.54,22164.67,2026-07-17T19:54:00+05:30,netbanking,INR,setl_005977,false,,
pay_007171,ord_007172,733.00,18.33,3.30,711.37,2026-07-06T07:33:00+05:30,emi,INR,setl_007173,false,,
pay_007018,ord_007019,41202.42,0.00,0.00,41202.42,2026-07-13T14:12:00+05:30,upi,INR,setl_007020,false,,
pay_007224,ord_007225,146.00,0.00,0.00,146.00,2026-07-20T22:01:00+05:30,upi,INR,setl_007231,false,,
pay_005582,ord_005583,45026.00,900.52,162.09,43963.39,2026-07-31T15:26:00+05:30,credit_card,INR,setl_005586,false,,
pay_007251,ord_007252,88355.00,1678.75,302.18,86374.07,2026-07-31T17:20:00+05:30,netbanking,INR,setl_007255,false,,
pay_003668,ord_003669,6678.00,166.95,30.05,6481.00,2026-07-20T10:41:00+05:30,emi,INR,setl_003670,false,,
pay_005849,ord_005850,872.00,3.49,0.63,867.88,2026-07-16T12:14:00+05:30,debit_card,INR,setl_005853,false,,
pay_000543,ord_000544,58517.00,0.00,0.00,58517.00,2026-07-22T13:30:00+05:30,upi,INR,setl_000545,false,,
pay_001074,ord_001075,123252.77,2760.86,443.71,120048.20,2026-07-24T17:40:00+05:30,wallet,INR,setl_001076,false,,
pay_005183,ord_005184,414581.00,0.00,0.00,414581.00,2026-07-27T14:42:00+05:30,upi,INR,setl_005185,false,,
pay_001513,ord_001514,4208.00,37.87,6.82,4163.31,2026-07-30T14:35:00+05:30,debit_card,INR,setl_001518,false,,
pay_001206,ord_001207,8784.00,79.06,14.23,8690.71,2026-07-07T23:45:00Z,debit_card,INR,setl_001208,false,,
pay_007569,ord_007570,850.00,3.40,0.61,845.99,2026-07-13T17:05:00+05:30,debit_card,INR,setl_007571,false,,
pay_006482,ord_006483,681.00,0.00,0.00,681.00,2026-07-30T16:48:00+05:30,upi,INR,setl_006484,false,,
pay_003714,ord_003715,736706.00,0.00,0.00,736706.00,2026-07-03T11:38:00+05:30,upi,INR,setl_003718,false,,
pay_007511,ord_007512,811384.00,20284.60,3651.23,787448.17,2026-07-02T22:58:00+05:30,emi,INR,setl_007515,false,,
pay_002472,ord_002473,26637.00,239.73,43.15,26354.12,2026-07-28T07:36:00+05:30,debit_card,INR,setl_002477,false,,
pay_004901,ord_004902,194.00,3.88,0.70,189.42,2026-07-14T21:30:00+05:30,wallet,INR,setl_004905,false,,
pay_001104,ord_001105,286.00,1.14,0.21,284.65,2026-07-22T07:51:00+05:30,debit_card,INR,setl_001106,false,,
pay_001001,ord_001002,96179.00,1923.58,346.24,93909.18,2026-07-26T16:54:00+05:30,credit_card,INR,setl_001003,false,,
pay_002192,ord_002193,788.00,15.76,2.84,769.40,2026-07-11T23:45:00Z,credit_card,INR,setl_002194,false,,
pay_000072,ord_000073,9548.00,85.93,15.47,9446.60,2026-07-30T21:23:00+05:30,debit_card,INR,setl_000074,false,,
pay_000287,ord_000288,7723.00,154.46,27.80,7540.74,2026-07-31T12:11:00+05:30,credit_card,INR,setl_000289,false,,
pay_005208,ord_005209,271502.00,5430.04,977.41,265094.55,2026-07-31T07:29:00+05:30,credit_card,INR,setl_005210,false,,
pay_003176,ord_003177,2370.00,47.40,8.53,2314.07,2026-07-17T17:59:00+05:30,credit_card,INR,setl_003180,false,,
pay_006114,ord_006115,1797.00,35.94,6.47,1754.59,2026-07-08T20:59:00+05:30,wallet,INR,setl_006116,false,,
pay_003578,ord_003579,37840.00,718.96,129.41,36991.63,2026-07-21T11:39:00+05:30,netbanking,INR,setl_003580,false,,
pay_007450,ord_007451,4507.00,90.14,16.23,4400.63,2026-07-10T21:43:00+05:30,wallet,INR,setl_007452,false,,
pay_003093,ord_003094,106251.00,2125.02,382.50,103743.48,2026-07-23T21:10:00+05:30,credit_card,INR,setl_003098,false,,
pay_000634,ord_000635,9102.00,0.00,0.00,9102.00,2026-07-10T20:39:00+05:30,upi,INR,setl_000638,false,,
pay_006541,ord_006542,5236.00,0.00,0.00,5236.00,2026-07-03T15:06:00+05:30,upi,INR,setl_006543,false,,
pay_006712,ord_006713,47909.00,0.00,0.00,47909.00,2026-07-20T20:38:00+05:30,upi,INR,setl_006714,false,,
pay_000906,ord_000907,1450.00,0.00,0.00,1450.00,2026-07-27T10:47:00+05:30,upi,INR,setl_000910,false,,
pay_003295,ord_003296,389688.00,7793.76,1402.88,380491.36,2026-07-28T21:34:00+05:30,credit_card,INR,setl_003299,false,,
pay_006368,ord_006369,659284.00,13185.68,2373.42,643724.90,2026-07-22T18:16:00+05:30,wallet,INR,setl_006372,false,,
pay_002735,ord_002736,7061.00,0.00,0.00,7061.00,2026-07-25T21:18:00+05:30,upi,INR,setl_002737,false,,
pay_005612,ord_005613,7200.00,0.00,0.00,7200.00,2026-07-03T10:30:00+05:30,upi,INR,setl_005614,false,,
pay_000314,ord_000315,1542.00,38.55,6.94,1496.51,2026-07-30T20:16:00+05:30,amex,INR,setl_000316,false,,
pay_004003,ord_004004,2260.00,20.34,3.66,2236.00,2026-07-15T18:24:00+05:30,debit_card,INR,setl_004006,false,,
pay_001738,ord_001739,4737.00,0.00,0.00,4737.00,2026-07-09T10:50:00+05:30,upi,INR,setl_001740,false,,
pay_002893,ord_002894,157.00,3.14,0.57,153.29,2026-07-01T13:33:00+05:30,wallet,INR,setl_002896,false,,
pay_007344,ord_007345,353443.00,7068.86,1272.39,345101.75,2026-07-17T07:53:00+05:30,credit_card,INR,setl_007346,false,,
pay_000238,ord_000239,574.00,0.00,0.00,574.00,2026-07-16T21:21:00+05:30,upi,INR,setl_000242,false,,
pay_005708,ord_005709,397057.00,7941.14,1429.41,387686.45,2026-07-02T17:33:00+05:30,credit_card,INR,setl_005714,false,,
pay_004877,ord_004878,697729.00,0.00,0.00,697729.00,2026-07-10T12:21:00+05:30,upi,INR,setl_004879,false,,
pay_003317,ord_003318,2706.00,54.12,9.74,2642.14,2026-07-12T15:04:00+05:30,credit_card,INR,setl_003324,false,,
pay_001218,ord_001219,169.00,3.38,0.61,165.01,2026-07-02T17:11:00+05:30,credit_card,INR,setl_001220,false,,
pay_006486,ord_006487,1278.00,0.00,0.00,1278.00,2026-07-30T12:40:00+05:30,upi,INR,setl_006490,false,,
pay_002618,ord_002619,836.00,16.72,3.01,816.27,2026-07-08T18:01:00+05:30,credit_card,INR,setl_002620,false,,
pay_007776,ord_007777,7813.00,148.45,26.72,7637.83,2026-07-28T07:59:00+05:30,netbanking,INR,setl_007778,false,,
pay_003268,ord_003269,725.00,14.50,2.61,707.89,2026-07-14T08:39:00+05:30,credit_card,INR,setl_003272,false,,
pay_002102,ord_002103,57712.00,1096.53,197.38,56418.09,2026-07-23T07:02:00+05:30,netbanking,INR,setl_002104,false,,
pay_000066,ord_000067,832278.00,0.00,0.00,832278.00,2026-07-30T14:46:00+05:30,upi,INR,setl_000068,false,,
pay_006774,ord_006775,6621.00,59.59,10.73,6550.68,2026-07-23T09:48:00+05:30,debit_card,INR,setl_006776,false,,
pay_004801,ord_004802,1279.00,5.12,0.92,1272.96,2026-07-24T15:37:00+05:30,debit_card,INR,setl_004803,false,,
pay_005245,ord_005246,4221.00,84.42,15.20,4121.38,2026-07-08T10:22:00+05:30,credit_card,INR,setl_005247,false,,
pay_006919,ord_006920,591862.00,0.00,0.00,591862.00,2026-07-24T17:45:00+05:30,upi,INR,setl_006921,false,,
pay_000846,ord_000847,35840.02,0.00,0.00,35840.02,2026-07-17T12:21:00+05:30,upi,INR,setl_000848,false,,
pay_001375,ord_001376,464546.00,9290.92,1672.37,453582.71,2026-07-02T22:46:00+05:30,credit_card,INR,setl_001377,false,,
pay_003787,ord_003788,258144.00,0.00,0.00,258144.00,2026-07-08T13:25:00+05:30,upi,INR,setl_003791,false,,
pay_000390,ord_000391,974.00,19.48,3.51,951.01,2026-07-17T15:13:00+05:30,credit_card,INR,setl_000392,false,,
pay_007211,ord_007212,942.00,0.00,0.00,942.00,2026-07-27T08:58:00+05:30,upi,INR,setl_007213,false,,
pay_002611,ord_002612,2521.00,63.03,11.35,2446.62,2026-07-08T11:06:00+05:30,amex,INR,setl_002613,false,,
pay_001940,ord_001941,1427.00,5.71,1.03,1420.26,2026-07-28T10:53:00+05:30,debit_card,INR,setl_001942,false,,
pay_003400,ord_003401,39317.00,786.34,141.54,38389.12,2026-07-31T19:43:00+05:30,credit_card,INR,setl_003404,false,,
pay_006488,ord_006489,72340.00,1374.46,247.40,70718.14,2026-07-30T22:15:00+05:30,netbanking,INR,setl_006490,false,,
pay_005602,ord_005603,638.00,0.00,0.00,638.00,2026-07-03T07:37:00+05:30,upi,INR,setl_005604,false,,
pay_002570,ord_002571,8961.00,0.00,0.00,8961.00,2026-07-17T11:15:00+05:30,rupay_debit,INR,setl_002572,false,,
pay_005111,ord_005112,6398.00,57.58,10.36,6330.06,2026-07-13T09:56:00+05:30,debit_card,INR,setl_005115,false,,
pay_001126,ord_001127,50955.00,0.00,0.00,50955.00,2026-07-20T08:11:00+05:30,upi,INR,setl_001130,false,,
pay_001817,ord_001818,3859.00,77.18,13.89,3767.93,2026-07-06T22:36:00+05:30,wallet,INR,setl_001822,false,,
pay_004601,ord_004602,5637.00,50.73,9.13,5577.14,2026-07-17T12:41:00+05:30,debit_card,INR,setl_004603,false,,
pay_007435,ord_007436,683215.00,0.00,0.00,683215.00,2026-07-21T19:35:00+05:30,upi,INR,setl_007439,false,,
pay_006857,ord_006858,273.00,0.00,0.00,273.00,2026-07-01T19:13:00+05:30,upi,INR,setl_006859,false,,
pay_001773,ord_001774,4263.00,85.26,15.35,4162.39,2026-07-30T08:21:00+05:30,wallet,INR,setl_001779,false,,
pay_004213,ord_004214,3602.00,68.44,12.32,3521.24,2026-07-01T19:49:00+05:30,netbanking,INR,setl_004215,false,,
pay_002058,ord_002059,114438.58,2517.64,391.38,111529.56,2026-07-15T19:50:00+05:30,netbanking,INR,setl_002060,false,,
pay_002652,ord_002653,263.00,0.00,0.00,263.00,2026-07-06T12:32:00+05:30,upi,INR,setl_002658,false,,
pay_004291,ord_004292,540.00,0.00,0.00,540.00,2026-07-09T21:45:00+05:30,upi,INR,setl_004293,false,,
pay_003051,ord_003052,232.00,0.93,0.17,230.90,2026-07-24T13:08:00+05:30,debit_card,INR,setl_003053,false,,
pay_003599,ord_003600,8725.00,174.50,31.41,8519.09,2026-07-07T14:34:00+05:30,credit_card,INR,setl_003603,false,,
pay_003191,ord_003192,9912.00,89.21,16.06,9806.73,2026-07-25T09:35:00+05:30,debit_card,INR,setl_003193,false,,
pay_002298,ord_002299,4978.00,0.00,0.00,4978.00,2026-07-10T20:51:00+05:30,upi,INR,setl_002300,false,,
pay_003152,ord_003153,834.00,16.68,3.00,814.32,2026-07-31T23:45:00Z,wallet,INR,setl_003154,false,,
pay_004122,ord_004123,3210.00,0.00,0.00,3210.00,2026-07-01T15:59:00+05:30,upi,INR,setl_004124,false,,
pay_002198,ord_002199,32295.00,290.66,52.32,31952.02,2026-07-03T18:04:00+05:30,debit_card,INR,setl_002202,false,,
pay_007048,ord_007049,33492.00,669.84,120.57,32701.59,2026-07-14T07:39:00+05:30,wallet,INR,setl_007050,false,,
pay_003674,ord_003675,802123.00,16042.46,2887.64,783192.90,2026-07-08T11:00:00+05:30,wallet,INR,setl_003680,false,,
pay_001474,ord_001475,149562.55,1346.06,242.29,147974.20,2026-07-02T11:13:00+05:30,debit_card,INR,setl_001476,false,,
pay_001098,ord_001099,822829.00,7405.46,1332.98,814090.56,2026-07-17T18:12:00+05:30,debit_card,INR,setl_001100,false,,
pay_005398,ord_005399,567873.00,0.00,0.00,567873.00,2026-07-20T21:11:00+05:30,upi,INR,setl_005400,false,,
pay_004236,ord_004237,6739.00,0.00,0.00,6739.00,2026-07-01T22:22:00+05:30,upi,INR,setl_004240,false,,
pay_004389,ord_004390,1526.00,0.00,0.00,1526.00,2026-07-10T10:43:00+05:30,upi,INR,setl_004395,false,,
pay_000055,ord_000056,29942.00,598.84,107.79,29235.37,2026-07-30T15:26:00+05:30,wallet,INR,setl_000059,false,,
pay_006087,ord_006088,184.00,3.50,0.63,179.87,2026-07-23T22:23:00+05:30,netbanking,INR,setl_006094,false,,
pay_005832,ord_005833,8298.00,165.96,29.87,8102.17,2026-07-29T15:55:00+05:30,credit_card,INR,setl_005834,false,,
pay_007561,ord_007562,724.00,2.90,0.52,720.58,2026-07-13T14:49:00+05:30,debit_card,INR,setl_007563,false,,
pay_007311,ord_007312,7994.00,71.95,12.95,7909.10,2026-07-22T20:46:00+05:30,debit_card,INR,setl_007315,false,,
pay_007089,ord_007090,2628.00,0.00,0.00,2628.00,2026-07-24T08:03:00+05:30,upi,INR,setl_007096,false,,
pay_000719,ord_000720,7137.00,142.74,25.69,6968.57,2026-07-08T16:39:00+05:30,wallet,INR,setl_000723,false,,
pay_001429,ord_001430,8260.00,0.00,0.00,8260.00,2026-07-03T08:18:00+05:30,upi,INR,setl_001433,false,,
pay_006888,ord_006889,125196.27,0.00,0.00,125196.27,2026-07-22T11:02:00+05:30,upi,INR,setl_006890,false,,
pay_004756,ord_004757,6187.00,0.00,0.00,6187.00,2026-07-30T18:04:00+05:30,upi,INR,setl_004762,false,,
pay_007840,ord_007841,34722.00,0.00,0.00,34722.00,2026-07-02T13:12:00+05:30,upi,INR,setl_007842,false,,
pay_006292,ord_006293,349.00,0.00,0.00,349.00,2026-07-31T10:18:00+05:30,upi,INR,setl_006294,false,,
pay_001859,ord_001860,9368.00,187.36,33.72,9146.92,2026-07-11T12:44:00+05:30,credit_card,INR,setl_001861,false,,
pay_002625,ord_002626,67224.00,0.00,0.00,67224.00,2026-07-10T14:14:00+05:30,upi,INR,setl_002629,false,,
pay_003732,ord_003733,2974.00,59.48,10.71,2903.81,2026-07-03T20:01:00+05:30,credit_card,INR,setl_003736,false,,
pay_002034,ord_002035,2824.00,25.42,4.58,2794.00,2026-07-03T10:47:00+05:30,debit_card,INR,setl_002038,false,,
pay_004683,ord_004684,736563.00,13994.70,2519.05,720049.25,2026-07-07T20:29:00+05:30,netbanking,INR,setl_004687,false,,
pay_003382,ord_003383,6976.00,132.54,23.86,6819.60,2026-07-15T19:28:00+05:30,netbanking,INR,setl_003384,false,,
pay_006896,ord_006897,2866.00,57.32,10.32,2798.36,2026-11-05T15:47:00+05:30,credit_card,INR,setl_006898,false,,
pay_001233,ord_001234,534.00,10.68,1.92,521.40,2026-11-05T18:38:00+05:30,credit_card,INR,setl_001235,false,,
pay_003297,ord_003298,4974.00,0.00,0.00,4974.00,2026-07-28T20:17:00+05:30,upi,INR,setl_003299,false,,
pay_002856,ord_002857,911.00,27.33,4.92,878.75,2026-07-27T17:39:00+05:30,international,INR,setl_002858,true,USD,84.5003
pay_002699,ord_002700,9167.00,174.17,31.35,8961.48,2026-07-30T15:38:00+05:30,netbanking,INR,setl_002701,false,,
pay_001764,ord_001765,172.00,3.27,0.59,168.14,2026-07-15T14:54:00+05:30,netbanking,INR,setl_001768,false,,
pay_002768,ord_002769,150.00,3.00,0.54,146.46,2026-07-24T22:45:00+05:30,wallet,INR,setl_002775,false,,
pay_005020,ord_005021,99088.00,0.00,0.00,99088.00,2026-07-16T22:45:00+05:30,upi,INR,setl_005022,false,,
pay_006748,ord_006749,236.00,0.00,0.00,236.00,2026-07-23T18:58:00+05:30,upi,INR,setl_006754,false,,
pay_006275,ord_006276,3891.00,77.82,14.01,3799.17,2026-07-01T17:29:00+05:30,credit_card,INR,setl_006277,false,,
pay_001543,ord_001544,6302.00,119.74,21.55,6160.71,2026-07-01T12:11:00+05:30,netbanking,INR,setl_001545,false,,
pay_004892,ord_004893,78463.00,1490.80,268.34,76703.86,2026-07-08T21:34:00+05:30,netbanking,INR,setl_004896,false,,
pay_003286,ord_003287,23263.00,0.00,0.00,23263.00,2026-07-14T12:01:00+05:30,upi,INR,setl_003290,false,,
pay_000267,ord_000268,5805.00,145.13,26.12,5633.75,2026-07-07T17:12:00+05:30,amex,INR,setl_000271,false,,
pay_005109,ord_005110,122.00,0.49,0.09,121.42,2026-07-13T22:18:00+05:30,debit_card,INR,setl_005115,false,,
pay_000465,ord_000466,247138.00,2224.24,400.36,244513.40,2026-07-21T12:36:00+05:30,debit_card,INR,setl_000471,false,,
pay_003158,ord_003159,158583.33,3171.67,570.90,154840.76,2026-07-06T15:43:00+05:30,wallet,INR,setl_003162,false,,
pay_004582,ord_004583,7494.00,0.00,0.00,7494.00,2026-07-02T18:34:00+05:30,upi,INR,setl_004584,false,,
pay_002226,ord_002227,540739.00,10274.04,1849.33,528615.63,2026-07-07T20:05:00+05:30,netbanking,INR,setl_002228,false,,
pay_000859,ord_000860,34605.00,0.00,0.00,34605.00,2026-07-11T13:16:00+05:30,upi,INR,setl_000861,false,,
pay_003633,ord_003634,196.00,4.90,0.88,190.22,2026-07-24T14:50:00+05:30,emi,INR,setl_003635,false,,
pay_002524,ord_002525,10272.00,0.00,0.00,10272.00,2026-07-09T11:11:00+05:30,upi,INR,setl_002526,false,,
pay_005797,ord_005798,862.00,3.45,0.62,857.93,2026-11-05T20:47:00+05:30,debit_card,INR,setl_005799,false,,
pay_001986,ord_001987,9577.00,239.43,43.10,9294.47,2026-07-03T08:17:00+05:30,amex,INR,setl_001990,false,,
pay_001836,ord_001837,602.00,11.44,2.06,588.50,2026-07-10T21:29:00+05:30,netbanking,INR,setl_001838,false,,
pay_003764,ord_003765,7955.00,151.15,27.21,7776.64,2026-07-31T17:52:00+05:30,netbanking,INR,setl_003768,false,,
pay_002891,ord_002892,99667.00,0.00,0.00,99667.00,2026-07-01T20:28:00+05:30,upi,INR,setl_002896,false,,
pay_005963,ord_005964,65346.00,0.00,0.00,65346.00,2026-07-17T16:38:00+05:30,upi,INR,setl_005965,false,,
pay_006910,ord_006911,57324.00,1146.48,206.37,55971.15,2026-07-30T16:09:00+05:30,wallet,INR,setl_006912,false,,
pay_006611,ord_006612,63231.00,1896.93,341.45,60992.62,2026-07-04T07:43:00+05:30,international,INR,setl_006613,true,USD,82.2162
pay_004414,ord_004415,9528.00,190.56,34.30,9303.14,2026-07-29T12:38:00+05:30,credit_card,INR,setl_004416,false,,
pay_002485,ord_002486,489.00,9.78,1.76,477.46,2026-07-13T10:52:00+05:30,credit_card,INR,setl_002489,false,,
pay_003070,ord_003071,5434.00,0.00,0.00,5434.00,2026-07-06T19:09:00+05:30,upi,INR,setl_003072,false,,
pay_007502,ord_007503,863.00,3.45,0.62,858.93,2026-07-12T16:43:00+05:30,debit_card,INR,setl_007505,false,,
pay_004343,ord_004344,68018.00,612.16,110.19,67295.65,2026-07-13T08:56:00+05:30,debit_card,INR,setl_004345,false,,
pay_006548,ord_006549,370039.00,0.00,0.00,370039.00,2026-07-29T09:20:00+05:30,upi,INR,setl_006550,false,,
pay_000943,ord_000944,5630.00,50.67,9.12,5570.21,2026-07-07T08:24:00+05:30,debit_card,INR,setl_000945,false,,
pay_000403,ord_000404,8895.00,177.90,32.02,8685.08,2026-07-17T14:25:00+05:30,wallet,INR,setl_000405,false,,
pay_000486,ord_000487,419.00,10.48,1.89,406.63,2026-07-15T10:56:00+05:30,amex,INR,setl_000490,false,,
pay_000191,ord_000192,682.00,12.96,2.33,666.71,2026-07-07T20:18:00+05:30,netbanking,INR,setl_000193,false,,
pay_001420,ord_001421,2673.00,50.79,9.14,2613.07,2026-07-24T22:17:00+05:30,netbanking,INR,setl_001424,false,,
pay_006847,ord_006848,930.00,0.00,0.00,930.00,2026-07-23T16:34:00+05:30,upi,INR,setl_006849,false,,
pay_007545,ord_007546,5220.00,130.50,23.49,5066.01,2026-07-01T17:38:00+05:30,amex,INR,setl_007547,false,,
pay_001606,ord_001607,696.00,2.78,0.50,692.72,2026-07-07T22:18:00+05:30,debit_card,INR,setl_001608,false,,
pay_005478,ord_005479,102.00,2.04,0.37,99.59,2026-07-10T21:51:00+05:30,credit_card,INR,setl_005480,false,,
pay_004296,ord_004297,2376.00,21.38,3.85,2350.77,2026-07-06T09:36:00+05:30,debit_card,INR,setl_004302,false,,
pay_004238,ord_004239,128.00,0.51,0.09,127.40,2026-07-01T11:05:00+05:30,debit_card,INR,setl_004240,false,,
pay_001697,ord_001698,308.00,0.00,0.00,308.00,2026-07-27T19:47:00+05:30,upi,INR,setl_001701,false,,
pay_002449,ord_002450,59440.00,1188.80,213.98,58037.22,2026-07-06T10:14:00+05:30,wallet,INR,setl_002453,false,,
pay_002585,ord_002586,49271.00,0.00,0.00,49271.00,2026-07-17T22:05:00+05:30,upi,INR,setl_002587,false,,
pay_002813,ord_002814,658.00,0.00,0.00,658.00,2026-07-28T13:04:00+05:30,upi,INR,setl_002820,false,,
pay_005924,ord_005925,186423.08,4082.66,637.57,181702.85,2026-07-10T14:47:00+05:30,netbanking,INR,setl_005926,false,,
pay_006926,ord_006927,8828.00,79.45,14.30,8734.25,2026-07-21T10:32:00+05:30,debit_card,INR,setl_006930,false,,
pay_000456,ord_000457,3916.00,78.32,14.10,3823.58,2026-07-22T20:58:00+05:30,credit_card,INR,setl_000458,false,,
pay_004474,ord_004475,727152.00,14543.04,2617.75,709991.21,2026-07-10T13:13:00+05:30,wallet,INR,setl_004476,false,,
pay_004321,ord_004322,4252.00,0.00,0.00,4252.00,2026-07-30T22:57:00+05:30,upi,INR,setl_004323,false,,
pay_006215,ord_006216,6950.00,132.05,23.77,6794.18,2026-07-07T19:54:00+05:30,netbanking,INR,setl_006219,false,,
pay_004439,ord_004440,5116.00,127.90,23.02,4965.08,2026-07-17T13:41:00+05:30,emi,INR,setl_004443,false,,
pay_001815,ord_001816,536.00,0.00,0.00,536.00,2026-07-06T07:08:00+05:30,upi,INR,setl_001822,false,,
pay_005580,ord_005581,5359.00,101.82,18.33,5238.85,2026-07-31T07:37:00+05:30,netbanking,INR,setl_005586,false,,
pay_005789,ord_005790,80452.00,0.00,0.00,80452.00,2026-07-15T07:20:00+05:30,upi,INR,setl_005791,false,,
pay_004183,ord_004184,938.00,0.00,0.00,938.00,2026-07-16T13:22:00+05:30,upi,INR,setl_004185,false,,
pay_007080,ord_007081,91396.00,0.00,0.00,91396.00,2026-07-07T20:22:00+05:30,upi,INR,setl_007084,false,,
pay_004797,ord_004798,8455.00,76.10,13.70,8365.20,2026-07-24T18:50:00+05:30,debit_card,INR,setl_004799,false,,
pay_002723,ord_002724,9085.00,0.00,0.00,9085.00,2026-07-25T18:37:00+05:30,upi,INR,setl_002725,false,,
pay_004530,ord_004531,238.00,0.00,0.00,238.00,2026-07-19T14:40:00+05:30,upi,INR,setl_004532,false,,
pay_000340,ord_000341,5381.00,0.00,0.00,5381.00,2026-07-17T11:20:00+05:30,upi,INR,setl_000343,false,,
pay_004770,ord_004771,5053.00,96.01,17.28,4939.71,2026-07-06T07:12:00+05:30,netbanking,INR,setl_004775,false,,
pay_006344,ord_006345,380.00,7.22,1.30,371.48,2026-07-30T11:56:00+05:30,netbanking,INR,setl_006346,false,,
pay_005779,ord_005780,3041.00,0.00,0.00,3041.00,2026-07-04T11:41:00+05:30,upi,INR,setl_005781,false,,
pay_001266,ord_001267,36555.00,0.00,0.00,36555.00,2026-07-13T10:17:00+05:30,upi,INR,setl_001268,false,,
pay_003601,ord_003602,3525.00,31.73,5.71,3487.56,2026-07-07T13:13:00+05:30,debit_card,INR,setl_003603,false,,
pay_002795,ord_002796,9228.00,184.56,33.22,9010.22,2026-07-29T08:33:00+05:30,credit_card,INR,setl_002797,false,,
pay_003676,ord_003677,489.00,0.00,0.00,489.00,2026-07-08T20:57:00+05:30,upi,INR,setl_003680,false,,
pay_004379,ord_004380,253.00,5.06,0.91,247.03,2026-07-03T17:54:00+05:30,wallet,INR,setl_004383,false,,
pay_004139,ord_004140,6670.00,166.75,30.02,6473.23,2026-07-29T18:12:00+05:30,emi,INR,setl_004141,false,,
pay_005534,ord_005535,679.00,13.58,2.44,662.98,2026-07-17T12:54:00+05:30,credit_card,INR,setl_005537,false,,
pay_003508,ord_003509,2981.00,26.83,4.83,2949.34,2026-07-22T16:22:00+05:30,debit_card,INR,setl_003512,false,,
pay_007387,ord_007388,88992.00,1690.85,304.35,86996.80,2026-07-25T15:43:00+05:30,netbanking,INR,setl_007391,false,,
pay_005357,ord_005358,428.00,8.13,1.46,418.41,2026-07-22T15:22:00+05:30,netbanking,INR,setl_005361,false,,
pay_002923,ord_002924,9282.00,83.54,15.04,9183.42,2026-07-30T16:02:00+05:30,debit_card,INR,setl_002925,false,,
pay_006392,ord_006393,5604.00,140.10,25.22,5438.68,2026-07-09T19:01:00+05:30,emi,INR,setl_006394,false,,
pay_002100,ord_002101,323.00,0.00,0.00,323.00,2026-07-23T08:15:00+05:30,upi,INR,setl_002104,false,,
pay_006752,ord_006753,4456.00,84.66,15.24,4356.10,2026-07-23T22:27:00+05:30,netbanking,INR,setl_006754,false,,
pay_001392,ord_001393,839.00,15.94,2.87,820.19,2026-07-13T08:37:00+05:30,netbanking,INR,setl_001396,false,,
pay_006351,ord_006352,45168.00,0.00,0.00,45168.00,2026-07-06T12:39:00+05:30,upi,INR,setl_006355,false,,
pay_005993,ord_005994,93922.00,2348.05,422.65,91151.30,2026-07-31T17:11:00+05:30,amex,INR,setl_005997,false,,
pay_002399,ord_002400,4895.00,44.06,7.93,4843.01,2026-07-06T20:33:00+05:30,debit_card,INR,setl_002401,false,,
pay_004731,ord_004732,900.00,22.50,4.05,873.45,2026-07-08T10:59:00+05:30,emi,INR,setl_004736,false,,
pay_006495,ord_006496,14194.00,0.00,0.00,14194.00,2026-07-30T09:55:00+05:30,upi,INR,setl_006497,false,,
pay_007597,ord_007598,1757.00,35.14,6.33,1715.53,2026-07-21T19:06:00+05:30,credit_card,INR,setl_007604,false,,
pay_003559,ord_003560,250258.00,0.00,0.00,250258.00,2026-07-23T18:59:00+05:30,upi,INR,setl_003561,false,,
pay_005202,ord_005203,1047.00,20.94,3.77,1022.29,2026-07-06T22:09:00+05:30,credit_card,INR,setl_005204,false,,
pay_001457,ord_001458,389824.00,7796.48,1403.37,380624.15,2026-07-02T21:50:00+05:30,wallet,INR,setl_001464,false,,
pay_001380,ord_001381,9246.00,0.00,0.00,9246.00,2026-07-02T09:46:00+05:30,upi,INR,setl_001382,false,,
pay_006022,ord_006023,9748.00,0.00,0.00,9748.00,2026-07-29T15:19:00+05:30,upi,INR,setl_006024,false,,
pay_001537,ord_001538,6360.00,0.00,0.00,6360.00,2026-07-21T16:53:00+05:30,upi,INR,setl_001539,false,,
pay_005995,ord_005996,1223.00,24.46,4.40,1194.14,2026-07-31T07:19:00+05:30,wallet,INR,setl_005997,false,,
pay_002931,ord_002932,458.00,11.45,2.06,444.49,2026-07-04T10:44:00+05:30,amex,INR,setl_002933,false,,
pay_000338,ord_000339,936.00,18.72,3.37,913.91,2026-07-17T17:24:00+05:30,wallet,INR,setl_000343,false,,
pay_002316,ord_002317,788.00,3.15,0.57,784.28,2026-07-23T07:06:00+05:30,debit_card,INR,setl_002318,false,,
pay_003085,ord_003086,20778.00,415.56,74.80,20287.64,2026-07-10T07:23:00+05:30,wallet,INR,setl_003087,false,,
pay_004264,ord_004265,395663.00,7517.60,1353.17,386792.23,2026-07-15T15:52:00+05:30,netbanking,INR,setl_004266,false,,
pay_003773,ord_003774,8693.00,165.17,29.73,8498.10,2026-07-06T07:14:00+05:30,netbanking,INR,setl_003779,false,,
pay_005938,ord_005939,222.00,0.00,0.00,222.00,2026-07-26T15:23:00+05:30,upi,INR,setl_005940,false,,
pay_000821,ord_000822,187.00,0.00,0.00,187.00,2026-07-10T10:16:00+05:30,upi,INR,setl_000827,false,,
pay_002753,ord_002754,2491.00,0.00,0.00,2491.00,2026-07-08T15:20:00+05:30,upi,INR,setl_002757,false,,
pay_007062,ord_007063,406.00,0.00,0.00,406.00,2026-07-15T20:13:00+05:30,upi,INR,setl_007064,false,,
pay_006266,ord_006267,63731.00,0.00,0.00,63731.00,2026-07-01T11:32:00+05:30,upi,INR,setl_006270,false,,
pay_001592,ord_001593,64412.12,0.00,0.00,64412.12,2026-07-15T09:12:00+05:30,upi,INR,setl_001594,false,,
pay_002064,ord_002065,9622.00,182.82,32.91,9406.27,2026-07-23T10:04:00+05:30,netbanking,INR,setl_002071,false,,
pay_006190,ord_006191,8347.00,250.41,45.07,8051.52,2026-07-14T13:59:00+05:30,international,INR,setl_006192,true,USD,83.3846
pay_006298,ord_006299,3539.00,0.00,0.00,3539.00,2026-07-13T07:42:00+05:30,upi,INR,setl_006300,false,,
pay_002349,ord_002350,481.00,9.14,1.65,470.21,2026-07-21T22:04:00+05:30,netbanking,INR,setl_002353,false,,
pay_002772,ord_002773,626.00,12.52,2.25,611.23,2026-07-24T18:10:00+05:30,credit_card,INR,setl_002775,false,,
pay_004488,ord_004489,8342.00,250.26,45.05,8046.69,2026-07-22T13:25:00+05:30,international,INR,setl_004490,true,USD,83.8583
pay_004542,ord_004543,1959.00,7.84,1.41,1949.75,2026-07-15T11:17:00+05:30,debit_card,INR,setl_004544,false,,
pay_000882,ord_000883,756367.00,0.00,0.00,756367.00,2026-07-14T07:53:00+05:30,upi,INR,setl_000889,false,,
pay_005864,ord_005865,74724.00,1868.10,336.26,72519.64,2026-07-30T10:11:00+05:30,amex,INR,setl_005868,false,,
pay_002601,ord_002602,8691.00,173.82,31.29,8485.89,2026-07-08T10:48:00+05:30,credit_card,INR,setl_002603,false,,
pay_001431,ord_001432,961.00,0.00,0.00,961.00,2026-07-03T09:56:00+05:30,upi,INR,setl_001433,false,,
pay_002556,ord_002557,6114.00,122.28,22.01,5969.71,2026-07-12T08:46:00+05:30,credit_card,INR,setl_002558,false,,
pay_007476,ord_007477,40228.00,804.56,144.82,39278.62,2026-07-14T09:35:00+05:30,credit_card,INR,setl_007480,false,,
pay_005936,ord_005937,2259.00,45.18,8.13,2205.69,2026-07-26T22:25:00+05:30,wallet,INR,setl_005940,false,,
pay_007154,ord_007155,1764.00,33.52,6.03,1724.45,2026-07-07T14:39:00+05:30,netbanking,INR,setl_007161,false,,
pay_005757,ord_005758,57305.18,1088.80,195.98,56020.40,2026-07-15T21:11:00+05:30,netbanking,INR,setl_005761,false,,
pay_004852,ord_004853,8273.00,165.46,29.78,8077.76,2026-07-16T18:18:00+05:30,credit_card,INR,setl_004856,false,,
pay_004894,ord_004895,6113.00,0.00,0.00,6113.00,2026-07-08T19:11:00+05:30,upi,INR,setl_004896,false,,
pay_004981,ord_004982,476.00,1.90,0.34,473.76,2026-07-03T07:57:00+05:30,debit_card,INR,setl_004987,false,,
pay_000294,ord_000295,846343.00,0.00,0.00,846343.00,2026-07-20T22:47:00+05:30,upi,INR,setl_000298,false,,
pay_005036,ord_005037,92546.00,2313.65,416.46,89815.89,2026-07-13T20:41:00+05:30,emi,INR,setl_005038,false,,
pay_002862,ord_002863,28124.00,0.00,0.00,28124.00,2026-07-01T07:34:00+05:30,upi,INR,setl_002864,false,,
pay_006478,ord_006479,74253.00,1485.06,267.31,72500.63,2026-07-30T18:47:00+05:30,wallet,INR,setl_006480,false,,
pay_004310,ord_004311,5324.00,101.16,18.21,5204.63,2026-07-23T09:59:00+05:30,netbanking,INR,setl_004312,false,,
pay_005084,ord_005085,7950.00,159.00,28.62,7762.38,2026-07-23T13:14:00+05:30,credit_card,INR,setl_005091,false,,
pay_002616,ord_002617,3608.00,90.20,16.24,3501.56,2026-07-08T11:03:00+05:30,amex,INR,setl_002620,false,,
pay_002294,ord_002295,9122.00,82.10,14.78,9025.12,2026-07-10T17:34:00+05:30,debit_card,INR,setl_002296,false,,
pay_005097,ord_005098,3145.00,0.00,0.00,3145.00,2026-11-05T17:05:00+05:30,upi,INR,setl_005099,false,,
pay_002248,ord_002249,95122.00,0.00,0.00,95122.00,2026-07-02T11:14:00+05:30,upi,INR,setl_002252,false,,
pay_004944,ord_004945,6904.00,0.00,0.00,6904.00,2026-07-03T17:56:00+05:30,upi,INR,setl_004946,false,,
pay_007423,ord_007424,778.00,14.78,2.66,760.56,2026-07-24T20:41:00+05:30,netbanking,INR,setl_007429,false,,
pay_005251,ord_005252,541.00,0.00,0.00,541.00,2026-07-05T23:45:00Z,upi,INR,setl_005253,false,,
pay_003496,ord_003497,59415.00,0.00,0.00,59415.00,2026-07-22T08:18:00+05:30,upi,INR,setl_003498,false,,
pay_000551,ord_000552,827.00,0.00,0.00,827.00,2026-07-10T18:12:00+05:30,upi,INR,setl_000553,false,,
pay_004127,ord_004128,282.00,5.64,1.02,275.34,2026-07-29T07:41:00+05:30,credit_card,INR,setl_004129,false,,
pay_002207,ord_002208,633150.00,0.00,0.00,633150.00,2026-07-09T11:29:00+05:30,upi,INR,setl_002209,false,,
pay_001212,ord_001213,296.00,5.62,1.01,289.37,2026-07-08T20:45:00+05:30,netbanking,INR,setl_001214,false,,
pay_003685,ord_003686,56480.00,0.00,0.00,56480.00,2026-07-11T12:22:00+05:30,upi,INR,setl_003687,false,,
pay_005678,ord_005679,6326.00,126.52,22.77,6176.71,2026-07-08T23:45:00Z,wallet,INR,setl_005680,false,,
pay_004041,ord_004042,5586.00,0.00,0.00,5586.00,2026-07-11T13:07:00+05:30,upi,INR,setl_004046,false,,
pay_000884,ord_000885,8908.00,0.00,0.00,8908.00,2026-07-14T16:58:00+05:30,upi,INR,setl_000889,false,,
pay_000488,ord_000489,998.00,0.00,0.00,998.00,2026-07-15T10:50:00+05:30,upi,INR,setl_000490,false,,
pay_004100,ord_004101,1221.00,4.88,0.88,1215.24,2026-07-09T08:14:00+05:30,debit_card,INR,setl_004102,false,,
pay_003613,ord_003614,81360.73,0.00,0.00,81360.73,2026-07-01T18:03:00+05:30,upi,INR,setl_003615,false,,
pay_004115,ord_004116,87830.00,1668.77,300.38,85860.85,2026-07-09T18:49:00+05:30,netbanking,INR,setl_004117,false,,
pay_003256,ord_003257,3580.00,71.60,12.89,3495.51,2026-07-26T18:58:00+05:30,credit_card,INR,setl_003262,false,,
pay_001340,ord_001341,162.00,4.05,0.73,157.22,2026-07-28T18:20:00+05:30,amex,INR,setl_001342,false,,
pay_006273,ord_006274,541.00,2.16,0.39,538.45,2026-07-01T13:22:00+05:30,debit_card,INR,setl_006277,false,,
pay_007106,ord_007107,191285.00,1721.57,309.88,189253.55,2026-07-20T21:14:00+05:30,debit_card,INR,setl_007108,false,,
pay_005121,ord_005122,4999.00,0.00,0.00,4999.00,2026-07-09T17:40:00+05:30,upi,INR,setl_005123,false,,
pay_001115,ord_001116,71949.00,0.00,0.00,71949.00,2026-07-06T12:22:00+05:30,upi,INR,setl_001120,false,,
pay_003642,ord_003643,123353.96,1110.19,199.83,122043.94,2026-07-30T14:14:00+05:30,debit_card,INR,setl_003644,false,,
pay_000265,ord_000266,429836.00,10745.90,1934.26,417155.84,2026-07-07T18:12:00+05:30,emi,INR,setl_000271,false,,
pay_000381,ord_000382,814056.00,7326.50,1318.77,805410.73,2026-07-02T20:05:00+05:30,debit_card,INR,setl_000383,false,,
pay_006506,ord_006507,184.00,3.68,0.66,179.66,2026-07-25T09:54:00+05:30,credit_card,INR,setl_006508,false,,
pay_004482,ord_004483,9941.00,198.82,35.79,9706.39,2026-07-10T11:46:00+05:30,credit_card,INR,setl_004484,false,,
pay_001751,ord_001752,79628.00,1512.93,272.33,77842.74,2026-07-24T07:32:00+05:30,netbanking,INR,setl_001753,false,,
pay_003825,ord_003826,728.00,13.83,2.49,711.68,2026-07-14T15:00:00+05:30,netbanking,INR,setl_003829,false,,
pay_006377,ord_006378,504.00,10.08,1.81,492.11,2026-07-09T16:42:00+05:30,credit_card,INR,setl_006381,false,,
pay_000620,ord_000621,929.00,23.23,4.18,901.59,2026-07-24T20:58:00+05:30,emi,INR,setl_000626,false,,
pay_002109,ord_002110,6064.00,54.58,9.82,5999.60,2026-07-01T14:48:00+05:30,debit_card,INR,setl_002111,false,,
pay_004957,ord_004958,897.00,0.00,0.00,897.00,2026-07-28T10:30:00+05:30,upi,INR,setl_004959,false,,
pay_003008,ord_003009,23674.00,0.00,0.00,23674.00,2026-07-22T16:58:00+05:30,rupay_debit,INR,setl_003010,false,,
pay_000128,ord_000129,878.00,0.00,0.00,878.00,2026-07-12T21:53:00+05:30,upi,INR,setl_000132,false,,
pay_002464,ord_002465,871.00,17.42,3.14,850.44,2026-07-16T08:45:00+05:30,credit_card,INR,setl_002466,false,,
pay_004655,ord_004656,1008.00,0.00,0.00,1008.00,2026-07-15T14:15:00+05:30,upi,INR,setl_004657,false,,
pay_004692,ord_004693,8443.00,0.00,0.00,8443.00,2026-07-23T21:38:00+05:30,upi,INR,setl_004696,false,,
pay_006334,ord_006335,2912.00,58.24,10.48,2843.28,2026-07-30T16:31:00+05:30,credit_card,INR,setl_006336,false,,
pay_003625,ord_003626,8998.00,80.98,14.58,8902.44,2026-07-28T15:33:00+05:30,debit_card,INR,setl_003627,false,,
pay_002458,ord_002459,9638.00,86.74,15.61,9535.65,2026-07-17T20:45:00+05:30,debit_card,INR,setl_002460,false,,
pay_000682,ord_000683,3879.00,73.70,13.27,3792.03,2026-07-02T20:31:00+05:30,netbanking,INR,setl_000686,false,,
pay_004578,ord_004579,72001.00,1440.02,259.20,70301.78,2026-07-02T14:09:00+05:30,credit_card,INR,setl_004580,false,,
pay_005891,ord_005892,978.00,3.91,0.70,973.39,2026-07-02T09:30:00+05:30,debit_card,INR,setl_005893,false,,
pay_002178,ord_002179,2613.00,52.26,9.41,2551.33,2026-07-17T08:26:00+05:30,wallet,INR,setl_002180,false,,
pay_004975,ord_004976,8023.00,160.46,28.88,7833.66,2026-07-22T17:35:00+05:30,credit_card,INR,setl_004977,false,,
pay_003235,ord_003236,2220.00,0.00,0.00,2220.00,2026-07-28T15:14:00+05:30,upi,INR,setl_003239,false,,
pay_005947,ord_005948,686.00,13.72,2.47,669.81,2026-07-14T18:31:00+05:30,wallet,INR,setl_005951,false,,
pay_004331,ord_004332,5970.00,119.40,21.49,5829.11,2026-07-30T19:31:00+05:30,wallet,INR,setl_004335,false,,
pay_007006,ord_007007,449.00,0.00,0.00,449.00,2026-07-04T13:56:00+05:30,upi,INR,setl_007008,false,,
pay_001169,ord_001170,366.00,7.32,1.32,357.36,2026-07-21T07:15:00+05:30,credit_card,INR,setl_001171,false,,
pay_004270,ord_004271,1104.00,0.00,0.00,1104.00,2026-07-15T11:02:00+05:30,upi,INR,setl_004272,false,,
pay_006440,ord_006441,43737.00,874.74,157.45,42704.81,2026-07-01T21:34:00+05:30,credit_card,INR,setl_006444,false,,
pay_007104,ord_007105,220316.00,0.00,0.00,220316.00,2026-07-20T07:22:00+05:30,upi,INR,setl_007108,false,,
pay_004750,ord_004751,6911.00,138.22,24.88,6747.90,2026-07-29T20:37:00+05:30,credit_card,INR,setl_004752,false,,
pay_000916,ord_000917,85373.00,0.00,0.00,85373.00,2026-07-23T12:19:00+05:30,upi,INR,setl_000918,false,,
pay_000585,ord_000586,99775.00,1895.73,341.23,97538.04,2026-11-05T13:13:00+05:30,netbanking,INR,setl_000587,false,,
pay_004844,ord_004845,8016.00,152.30,27.41,7836.29,2026-07-03T12:07:00+05:30,netbanking,INR,setl_004846,false,,
pay_003244,ord_003245,22060.00,0.00,0.00,22060.00,2026-07-30T18:19:00+05:30,upi,INR,setl_003246,false,,
pay_003402,ord_003403,4876.00,97.52,17.55,4760.93,2026-07-31T14:37:00+05:30,credit_card,INR,setl_003404,false,,
pay_004965,ord_004966,640.00,2.56,0.46,636.98,2026-07-29T08:09:00+05:30,debit_card,INR,setl_004969,false,,
pay_000978,ord_000979,387.00,9.68,1.74,375.58,2026-07-10T20:26:00+05:30,amex,INR,setl_000982,false,,
pay_001016,ord_001017,279.00,0.00,0.00,279.00,2026-07-22T11:13:00+05:30,upi,INR,setl_001020,false,,
pay_004143,ord_004144,9752.00,195.04,35.11,9521.85,2026-07-29T12:25:00+05:30,wallet,INR,setl_004145,false,,
pay_005266,ord_005267,5626.00,50.63,9.11,5566.26,2026-07-29T12:40:00+05:30,debit_card,INR,setl_005268,false,,
pay_007191,ord_007192,3297.00,0.00,0.00,3297.00,2026-07-31T13:32:00+05:30,upi,INR,setl_007195,false,,
pay_005785,ord_005786,815.00,0.00,0.00,815.00,2026-07-15T10:11:00+05:30,upi,INR,setl_005791,false,,
pay_007243,ord_007244,1117.00,21.22,3.82,1091.96,2026-07-31T22:43:00+05:30,netbanking,INR,setl_007245,false,,
pay_006091,ord_006092,4429.00,0.00,0.00,4429.00,2026-07-23T20:47:00+05:30,upi,INR,setl_006094,false,,
pay_005417,ord_005418,132380.17,0.00,0.00,132380.17,2026-07-02T15:44:00+05:30,upi,INR,setl_005421,false,,
pay_005196,ord_005197,273.00,0.00,0.00,273.00,2026-07-21T16:55:00+05:30,upi,INR,setl_005198,false,,
pay_007381,ord_007382,6287.00,125.74,22.63,6138.63,2026-07-22T20:15:00+05:30,wallet,INR,setl_007383,false,,
pay_004298,ord_004299,1659.00,0.00,0.00,1659.00,2026-07-06T14:14:00+05:30,upi,INR,setl_004302,false,,
pay_006945,ord_006946,8939.00,0.00,0.00,8939.00,2026-07-04T15:44:00+05:30,rupay_debit,INR,setl_006948,false,,
pay_003741,ord_003742,99093.00,1981.86,356.73,96754.41,2026-07-03T16:55:00+05:30,credit_card,INR,setl_003745,false,,
pay_007253,ord_007254,88830.00,0.00,0.00,88830.00,2026-07-31T12:51:00+05:30,upi,INR,setl_007255,false,,
pay_002552,ord_002553,89203.00,802.83,144.51,88255.66,2026-07-12T13:26:00+05:30,debit_card,INR,setl_002558,false,,
pay_000908,ord_000909,5212.00,0.00,0.00,5212.00,2026-07-27T17:18:00+05:30,upi,INR,setl_000910,false,,
pay_005695,ord_005696,158722.00,1428.50,257.13,157036.37,2026-07-23T14:49:00+05:30,debit_card,INR,setl_005697,false,,
pay_005957,ord_005958,56708.00,1134.16,204.15,55369.69,2026-07-02T20:42:00+05:30,credit_card,INR,setl_005959,false,,
pay_006160,ord_006161,785262.00,14919.98,2685.60,767656.42,2026-07-08T22:36:00+05:30,netbanking,INR,setl_006167,false,,
pay_007528,ord_007529,964.00,0.00,0.00,964.00,2026-07-29T13:58:00+05:30,upi,INR,setl_007530,false,,
pay_007054,ord_007055,1688.00,0.00,0.00,1688.00,2026-11-05T21:32:00+05:30,upi,INR,setl_007056,false,,
pay_006472,ord_006473,8211.00,0.00,0.00,8211.00,2026-07-31T20:27:00+05:30,upi,INR,setl_006474,false,,
pay_001086,ord_001087,15334.00,138.01,24.84,15171.15,2026-07-29T12:58:00+05:30,debit_card,INR,setl_001088,false,,
pay_006879,ord_006880,451.00,8.57,1.54,440.89,2026-07-22T17:01:00+05:30,netbanking,INR,setl_006881,false,,
pay_006980,ord_006981,9932.00,198.64,35.76,9697.60,2026-07-17T20:21:00+05:30,credit_card,INR,setl_006984,false,,
pay_004258,ord_004259,68961.00,0.00,0.00,68961.00,2026-07-05T23:45:00Z,upi,INR,setl_004260,false,,
pay_005532,ord_005533,784.00,0.00,0.00,784.00,2026-07-17T16:28:00+05:30,upi,INR,setl_005537,false,,
pay_001167,ord_001168,588008.00,11172.15,2010.99,574824.86,2026-07-21T07:33:00+05:30,netbanking,INR,setl_001171,false,,
pay_006782,ord_006783,724.00,14.48,2.61,706.91,2026-07-13T20:35:00+05:30,credit_card,INR,setl_006784,false,,
pay_003330,ord_003331,690.00,13.11,2.36,674.53,2026-07-21T13:28:00+05:30,netbanking,INR,setl_003332,false,,
pay_004573,ord_004574,3322.00,0.00,0.00,3322.00,2026-07-02T08:30:00+05:30,upi,INR,setl_004575,false,,
pay_006081,ord_006082,838.00,0.00,0.00,838.00,2026-07-28T20:25:00+05:30,upi,INR,setl_006083,false,,
pay_002741,ord_002742,563.00,2.25,0.41,560.34,2026-07-05T22:10:00+05:30,debit_card,INR,setl_002743,false,,
pay_003650,ord_003651,7286.00,0.00,0.00,7286.00,2026-07-22T20:08:00+05:30,upi,INR,setl_003656,false,,
pay_001300,ord_001301,30522.00,0.00,0.00,30522.00,2026-07-08T16:09:00+05:30,upi,INR,setl_001302,false,,
pay_001155,ord_001156,32103.00,609.96,109.79,31383.25,2026-07-20T15:03:00+05:30,netbanking,INR,setl_001157,false,,
pay_004563,ord_004564,7024.00,140.48,25.29,6858.23,2026-07-02T15:58:00+05:30,credit_card,INR,setl_004565,false,,
pay_003894,ord_003895,50318.00,0.00,0.00,50318.00,2026-07-17T14:38:00+05:30,upi,INR,setl_003900,false,,
pay_005624,ord_005625,5488.00,49.39,8.89,5429.72,2026-07-03T21:46:00+05:30,debit_card,INR,setl_005628,false,,
pay_005816,ord_005817,593.00,0.00,0.00,593.00,2026-07-13T10:51:00+05:30,upi,INR,setl_005818,false,,
pay_001060,ord_001061,7382.00,0.00,0.00,7382.00,2026-07-10T08:39:00+05:30,upi,INR,setl_001062,false,,
pay_006442,ord_006443,271.00,5.42,0.98,264.60,2026-07-01T17:15:00+05:30,wallet,INR,setl_006444,false,,
pay_006813,ord_006814,4917.00,0.00,0.00,4917.00,2026-07-30T12:20:00+05:30,upi,INR,setl_006815,false,,
pay_004999,ord_005000,4978.00,0.00,0.00,4978.00,2026-07-03T22:49:00+05:30,upi,INR,setl_005001,false,,
pay_007635,ord_007636,9753.00,0.00,0.00,9753.00,2026-07-27T08:23:00+05:30,upi,INR,setl_007637,false,,
pay_004607,ord_004608,8168.00,73.51,13.23,8081.26,2026-07-27T10:05:00+05:30,debit_card,INR,setl_004609,false,,
pay_006539,ord_006540,5195.00,0.00,0.00,5195.00,2026-07-03T17:13:00+05:30,upi,INR,setl_006543,false,,
pay_006789,ord_006790,1134.00,4.54,0.82,1128.64,2026-07-30T18:13:00+05:30,debit_card,INR,setl_006791,false,,
pay_000671,ord_000672,55613.00,0.00,0.00,55613.00,2026-07-29T19:17:00+05:30,upi,INR,setl_000673,false,,
pay_003466,ord_003467,788.00,3.15,0.57,784.28,2026-07-10T23:45:00Z,debit_card,INR,setl_003468,false,,
pay_006673,ord_006674,1823.00,45.58,8.20,1769.22,2026-07-10T13:45:00+05:30,amex,INR,setl_006677,false,,
pay_001946,ord_001947,793.00,15.07,2.71,775.22,2026-07-29T13:16:00+05:30,netbanking,INR,setl_001952,false,,
pay_005549,ord_005550,799.00,0.00,0.00,799.00,2026-07-12T07:39:00+05:30,upi,INR,setl_005551,false,,
pay_000518,ord_000519,227.00,0.00,0.00,227.00,2026-07-22T17:35:00+05:30,upi,INR,setl_000522,false,,
pay_002954,ord_002955,6863.00,0.00,0.00,6863.00,2026-07-27T10:02:00+05:30,upi,INR,setl_002959,false,,
pay_002520,ord_002521,75899.00,0.00,0.00,75899.00,2026-07-09T11:07:00+05:30,upi,INR,setl_002522,false,,
pay_000965,ord_000966,7130.00,64.17,11.55,7054.28,2026-07-02T19:49:00+05:30,debit_card,INR,setl_000967,false,,
pay_003785,ord_003786,4074.00,36.67,6.60,4030.73,2026-07-08T21:02:00+05:30,debit_card,INR,setl_003791,false,,
pay_006162,ord_006163,718.00,14.36,2.58,701.06,2026-07-08T13:15:00+05:30,credit_card,INR,setl_006167,false,,
pay_000614,ord_000615,817.00,0.00,0.00,817.00,2026-07-31T09:29:00+05:30,upi,INR,setl_000616,false,,
pay_004623,ord_004624,1392.00,34.80,6.26,1350.94,2026-07-24T10:38:00+05:30,amex,INR,setl_004625,false,,
pay_004080,ord_004081,5875.00,52.88,9.52,5812.60,2026-07-10T07:00:00+05:30,debit_card,INR,setl_004082,false,,
pay_006685,ord_006686,6227.00,118.31,21.30,6087.39,2026-07-08T10:35:00+05:30,netbanking,INR,setl_006687,false,,
pay_000636,ord_000637,501.00,0.00,0.00,501.00,2026-07-10T22:24:00+05:30,upi,INR,setl_000638,false,,
pay_000198,ord_000199,877774.00,7899.97,1421.99,868452.04,2026-07-02T23:45:00Z,debit_card,INR,setl_000200,false,,
pay_005327,ord_005328,3892.00,0.00,0.00,3892.00,2026-07-19T13:59:00+05:30,upi,INR,setl_005329,false,,
pay_000357,ord_000358,170.00,3.40,0.61,165.99,2026-07-10T19:37:00+05:30,credit_card,INR,setl_000359,false,,
pay_006164,ord_006165,215.00,4.30,0.77,209.93,2026-07-08T18:14:00+05:30,credit_card,INR,setl_006167,false,,
pay_004518,ord_004519,673.00,12.79,2.30,657.91,2026-07-24T13:21:00+05:30,netbanking,INR,setl_004524,false,,
pay_004228,ord_004229,63301.00,1266.02,227.88,61807.10,2026-07-01T07:13:00+05:30,wallet,INR,setl_004230,false,,
pay_002685,ord_002686,49063.00,981.26,176.63,47905.11,2026-07-14T13:43:00+05:30,credit_card,INR,setl_002691,false,,
pay_000189,ord_000190,1265.00,0.00,0.00,1265.00,2026-07-07T14:52:00+05:30,upi,INR,setl_000193,false,,
pay_002513,ord_002514,985.00,24.63,4.43,955.94,2026-07-11T20:17:00+05:30,amex,INR,setl_002515,false,,
pay_003928,ord_003929,82439.00,741.95,133.55,81563.50,2026-07-07T14:19:00+05:30,debit_card,INR,setl_003931,false,,
pay_005284,ord_005285,89104.00,0.00,0.00,89104.00,2026-07-29T15:12:00+05:30,upi,INR,setl_005288,false,,
pay_003844,ord_003845,174.00,0.00,0.00,174.00,2026-07-22T11:05:00+05:30,upi,INR,setl_003846,false,,
pay_000010,ord_000011,50994.00,968.89,174.40,49850.71,2026-07-10T16:39:00+05:30,netbanking,INR,setl_000014,false,,
pay_004135,ord_004136,5000.00,100.00,18.00,4882.00,2026-07-29T20:35:00+05:30,wallet,INR,setl_004137,false,,
pay_006703,ord_006704,39500.00,987.50,177.75,38334.75,2026-07-21T10:06:00+05:30,amex,INR,setl_006707,false,,
pay_001117,ord_001118,356.00,6.76,1.22,348.02,2026-07-06T08:47:00+05:30,netbanking,INR,setl_001120,false,,
pay_003421,ord_003422,224441.00,4488.82,807.99,219144.19,2026-07-29T21:53:00+05:30,credit_card,INR,setl_003425,false,,
pay_003569,ord_003570,635710.00,12078.49,2174.13,621457.38,2026-07-28T13:26:00+05:30,netbanking,INR,setl_003571,false,,
pay_000904,ord_000905,427494.00,0.00,0.00,427494.00,2026-07-27T08:28:00+05:30,rupay_debit,INR,setl_000910,false,,
pay_004821,ord_004822,541.00,0.00,0.00,541.00,2026-07-02T15:13:00+05:30,upi,INR,setl_004825,false,,
pay_003555,ord_003556,927417.00,0.00,0.00,927417.00,2026-07-23T08:16:00+05:30,upi,INR,setl_003561,false,,
pay_001785,ord_001786,985.00,0.00,0.00,985.00,2026-07-27T13:44:00+05:30,upi,INR,setl_001789,false,,
pay_005949,ord_005950,180.00,3.60,0.65,175.75,2026-07-14T18:15:00+05:30,credit_card,INR,setl_005951,false,,
pay_004871,ord_004872,77007.00,1463.13,263.36,75280.51,2026-07-13T11:58:00+05:30,netbanking,INR,setl_004873,false,,
pay_002053,ord_002054,41456.00,0.00,0.00,41456.00,2026-07-17T12:55:00+05:30,upi,INR,setl_002055,false,,
pay_000028,ord_000029,65012.00,1235.23,222.34,63554.43,2026-07-27T15:09:00+05:30,netbanking,INR,setl_000032,false,,
pay_004722,ord_004723,3275.00,65.50,11.79,3197.71,2026-07-16T07:15:00+05:30,credit_card,INR,setl_004724,false,,
pay_004932,ord_004933,177555.77,1598.00,287.64,175670.13,2026-07-07T18:07:00+05:30,debit_card,INR,setl_004936,false,,
pay_001327,ord_001328,4537.00,0.00,0.00,4537.00,2026-07-23T07:25:00+05:30,upi,INR,setl_001332,false,,
pay_007834,ord_007835,9698.00,0.00,0.00,9698.00,2026-07-17T08:42:00+05:30,upi,INR,setl_007836,false,,
pay_004685,ord_004686,885382.00,7968.44,1434.32,875979.24,2026-07-07T16:34:00+05:30,debit_card,INR,setl_004687,false,,
pay_007712,ord_007713,963.00,3.85,0.69,958.46,2026-07-27T07:48:00+05:30,debit_card,INR,setl_007715,false,,
pay_005983,ord_005984,7519.00,0.00,0.00,7519.00,2026-07-17T16:30:00+05:30,upi,INR,setl_005985,false,,
pay_005127,ord_005128,8271.00,74.44,13.40,8183.16,2026-07-30T09:27:00+05:30,debit_card,INR,setl_005131,false,,
pay_006466,ord_006467,47206.46,0.00,0.00,47206.46,2026-07-25T16:31:00+05:30,upi,INR,setl_006468,false,,
pay_004793,ord_004794,932.00,18.64,3.36,910.00,2026-07-24T09:53:00+05:30,credit_card,INR,setl_004795,false,,
pay_002160,ord_002161,2910.00,26.19,4.71,2879.10,2026-07-17T19:23:00+05:30,debit_card,INR,setl_002164,false,,
pay_004714,ord_004715,20425.00,183.83,33.09,20208.08,2026-07-19T08:28:00+05:30,debit_card,INR,setl_004716,false,,
pay_001685,ord_001686,62854.99,0.00,0.00,62854.99,2026-07-14T13:31:00+05:30,upi,INR,setl_001687,false,,
pay_005144,ord_005145,8276.00,0.00,0.00,8276.00,2026-07-22T09:01:00+05:30,rupay_debit,INR,setl_005146,false,,
pay_002580,ord_002581,283.00,0.00,0.00,283.00,2026-07-17T09:33:00+05:30,upi,INR,setl_002582,false,,
pay_004548,ord_004549,360.00,0.00,0.00,360.00,2026-07-27T07:32:00+05:30,upi,INR,setl_004552,false,,
pay_002503,ord_002504,155818.25,3116.37,560.95,152140.93,2026-07-29T16:01:00+05:30,credit_card,INR,setl_002505,false,,
pay_004113,ord_004114,65982.00,593.84,106.89,65281.27,2026-07-09T09:28:00+05:30,debit_card,INR,setl_004117,false,,
pay_005987,ord_005988,4380.00,87.60,15.77,4276.63,2026-07-17T16:22:00+05:30,credit_card,INR,setl_005989,false,,
pay_002142,ord_002143,353.00,0.00,0.00,353.00,2026-07-21T17:13:00+05:30,upi,INR,setl_002146,false,,
pay_001745,ord_001746,737064.00,0.00,0.00,737064.00,2026-07-24T13:21:00+05:30,upi,INR,setl_001747,false,,
pay_004243,ord_004244,2848.00,0.00,0.00,2848.00,2026-07-01T10:21:00+05:30,upi,INR,setl_004245,false,,
pay_003033,ord_003034,947.00,0.00,0.00,947.00,2026-07-24T18:23:00+05:30,upi,INR,setl_003035,false,,
pay_002781,ord_002782,720696.00,14413.92,2594.51,703687.57,2026-07-13T10:01:00+05:30,credit_card,INR,setl_002783,false,,
pay_007012,ord_007013,103953.39,2079.07,374.23,101500.09,2026-07-31T18:59:00+05:30,credit_card,INR,setl_007014,false,,
pay_004319,ord_004320,1409.00,0.00,0.00,1409.00,2026-07-30T20:12:00+05:30,upi,INR,setl_004323,false,,
pay_006217,ord_006218,2259.00,45.18,8.13,2205.69,2026-07-07T07:57:00+05:30,wallet,INR,setl_006219,false,,
pay_001317,ord_001318,81680.75,1633.62,294.05,79753.08,2026-07-09T11:21:00+05:30,wallet,INR,setl_001319,false,,
pay_002151,ord_002152,7230.00,144.60,26.03,7059.37,2026-07-31T09:52:00+05:30,credit_card,INR,setl_002155,false,,
pay_000049,ord_000050,732.00,0.00,0.00,732.00,2026-07-24T18:56:00+05:30,upi,INR,setl_000051,false,,
pay_006148,ord_006149,6762.00,0.00,0.00,6762.00,2026-07-24T10:46:00+05:30,upi,INR,setl_006154,false,,
pay_003355,ord_003356,7816.00,0.00,0.00,7816.00,2026-07-09T21:21:00+05:30,upi,INR,setl_003357,false,,
pay_001895,ord_001896,9623.00,0.00,0.00,9623.00,2026-07-08T22:55:00+05:30,upi,INR,setl_001897,false,,
pay_002654,ord_002655,2297.00,45.94,8.27,2242.79,2026-07-06T18:00:00+05:30,credit_card,INR,setl_002658,false,,
pay_001581,ord_001582,537.00,2.15,0.39,534.46,2026-07-27T20:49:00+05:30,debit_card,INR,setl_001583,false,,
pay_004842,ord_004843,670401.00,13408.02,2413.44,654579.54,2026-07-03T09:51:00+05:30,credit_card,INR,setl_004846,false,,
pay_006360,ord_006361,165746.14,4143.65,745.86,160856.63,2026-07-30T17:19:00+05:30,emi,INR,setl_006362,false,,
pay_006908,ord_006909,425675.00,8087.83,1455.81,416131.36,2026-07-30T14:20:00+05:30,netbanking,INR,setl_006912,false,,
pay_000020,ord_000021,5983.00,113.68,20.46,5848.86,2026-07-30T08:41:00+05:30,netbanking,INR,setl_000022,false,,
pay_007158,ord_007159,955.00,0.00,0.00,955.00,2026-07-07T14:58:00+05:30,upi,INR,setl_007161,false,,
pay_000414,ord_000415,2314.00,0.00,0.00,2314.00,2026-07-17T07:11:00+05:30,upi,INR,setl_000416,false,,
pay_006203,ord_006204,978.00,24.45,4.40,949.15,2026-07-06T07:42:00+05:30,emi,INR,setl_006207,false,,
pay_006827,ord_006828,1879.00,37.58,6.76,1834.66,2026-07-22T17:25:00+05:30,credit_card,INR,setl_006829,false,,
pay_006306,ord_006307,326.00,0.00,0.00,326.00,2026-07-09T10:35:00+05:30,upi,INR,setl_006310,false,,
pay_003012,ord_003013,861.00,0.00,0.00,861.00,2026-07-22T21:08:00+05:30,upi,INR,setl_003016,false,,
pay_006641,ord_006642,522091.00,0.00,0.00,522091.00,2026-07-12T09:47:00+05:30,upi,INR,setl_006647,false,,
pay_000143,ord_000144,534.00,10.68,1.92,521.40,2026-07-09T13:44:00+05:30,credit_card,INR,setl_000147,false,,
pay_003937,ord_003938,2573.00,0.00,0.00,2573.00,2026-07-31T21:21:00+05:30,upi,INR,setl_003941,false,,
pay_007145,ord_007146,9738.00,0.00,0.00,9738.00,2026-07-13T08:36:00+05:30,rupay_debit,INR,setl_007148,false,,
pay_004219,ord_004220,3602.00,72.04,12.97,3516.99,2026-07-07T15:02:00+05:30,credit_card,INR,setl_004223,false,,
pay_001315,ord_001316,193376.48,0.00,0.00,193376.48,2026-07-09T12:47:00+05:30,upi,INR,setl_001319,false,,
pay_001488,ord_001489,7090.00,177.25,31.91,6880.84,2026-07-16T16:54:00+05:30,emi,INR,setl_001490,false,,
pay_002844,ord_002845,831593.00,0.00,0.00,831593.00,2026-07-03T16:14:00+05:30,upi,INR,setl_002846,false,,
pay_001914,ord_001915,5572.00,0.00,0.00,5572.00,2026-07-26T10:04:00+05:30,upi,INR,setl_001916,false,,
pay_006690,ord_006691,15243.00,289.62,52.13,14901.25,2026-07-08T07:40:00+05:30,netbanking,INR,setl_006692,false,,
pay_005427,ord_005428,9662.00,0.00,0.00,9662.00,2026-07-29T17:46:00+05:30,upi,INR,setl_005433,false,,
pay_002281,ord_002282,733.00,14.66,2.64,715.70,2026-07-08T09:55:00+05:30,credit_card,INR,setl_002283,false,,
pay_006954,ord_006955,1726.00,34.52,6.21,1685.27,2026-07-31T17:49:00+05:30,wallet,INR,setl_006960,false,,
pay_004807,ord_004808,9223.00,83.01,14.94,9125.05,2026-11-05T20:22:00+05:30,debit_card,INR,setl_004809,false,,
pay_001368,ord_001369,2948.00,0.00,0.00,2948.00,2026-07-02T09:04:00+05:30,upi,INR,setl_001370,false,,
pay_007846,ord_007847,4171.00,0.00,0.00,4171.00,2026-07-10T23:45:00Z,upi,INR,setl_007848,false,,
pay_000806,ord_000807,1504.00,30.08,5.41,1468.51,2026-07-10T20:00:00+05:30,credit_card,INR,setl_000808,false,,
pay_003816,ord_003817,689100.00,0.00,0.00,689100.00,2026-07-07T15:12:00+05:30,upi,INR,setl_003819,false,,
pay_004550,ord_004551,64945.00,1623.63,292.25,63029.12,2026-07-27T10:19:00+05:30,emi,INR,setl_004552,false,,
pay_001806,ord_001807,2711.00,0.00,0.00,2711.00,2026-07-15T20:43:00+05:30,upi,INR,setl_001810,false,,
pay_005239,ord_005240,2000.00,38.00,6.84,1955.16,2026-07-20T23:45:00Z,netbanking,INR,setl_005241,false,,
pay_001384,ord_001385,5591.00,111.82,20.13,5459.05,2026-07-02T13:24:00+05:30,credit_card,INR,setl_001386,false,,
pay_002976,ord_002977,775607.00,15512.14,2792.19,757302.67,2026-07-27T08:08:00+05:30,credit_card,INR,setl_002980,false,,
pay_005026,ord_005027,56959.08,1287.27,205.05,55466.76,2026-07-30T08:34:00+05:30,wallet,INR,setl_005028,false,,
pay_006623,ord_006624,5683.00,107.98,19.44,5555.58,2026-07-16T20:08:00+05:30,netbanking,INR,setl_006625,false,,
pay_005518,ord_005519,142.00,0.00,0.00,142.00,2026-07-18T16:06:00+05:30,upi,INR,setl_005520,false,,
pay_004663,ord_004664,4911.00,122.78,22.10,4766.12,2026-07-31T11:01:00+05:30,amex,INR,setl_004665,false,,
pay_002186,ord_002187,6498.00,162.45,29.24,6306.31,2026-07-17T13:27:00+05:30,emi,INR,setl_002188,false,,
pay_005319,ord_005320,559.00,0.00,0.00,559.00,2026-07-27T12:52:00+05:30,upi,INR,setl_005321,false,,
pay_004993,ord_004994,991.00,0.00,0.00,991.00,2026-11-05T14:20:00+05:30,upi,INR,setl_004995,false,,
pay_004772,ord_004773,53997.00,1025.94,184.67,52786.39,2026-07-06T10:47:00+05:30,netbanking,INR,setl_004775,false,,
pay_002487,ord_002488,68316.00,1366.32,245.94,66703.74,2026-07-13T09:08:00+05:30,credit_card,INR,setl_002489,false,,
pay_002943,ord_002944,8851.00,79.66,14.34,8757.00,2026-07-10T19:55:00+05:30,debit_card,INR,setl_002947,false,,
pay_006516,ord_006517,4951.00,0.00,0.00,4951.00,2026-07-08T12:12:00+05:30,upi,INR,setl_006521,false,,
pay_005005,ord_005006,299.00,0.00,0.00,299.00,2026-07-25T09:51:00+05:30,upi,INR,setl_005007,false,,
pay_006565,ord_006566,9072.00,0.00,0.00,9072.00,2026-07-23T21:24:00+05:30,upi,INR,setl_006567,false,,
pay_003172,ord_003173,7782.00,0.00,0.00,7782.00,2026-07-17T12:03:00+05:30,upi,INR,setl_003174,false,,
pay_002762,ord_002763,75623.00,0.00,0.00,75623.00,2026-07-05T22:24:00+05:30,upi,INR,setl_002764,false,,
pay_001412,ord_001413,80947.00,0.00,0.00,80947.00,2026-07-01T09:29:00+05:30,upi,INR,setl_001414,false,,
pay_001882,ord_001883,812.00,0.00,0.00,812.00,2026-07-04T22:53:00+05:30,upi,INR,setl_001886,false,,
pay_003758,ord_003759,94235.00,1790.47,322.28,92122.25,2026-11-05T12:22:00+05:30,netbanking,INR,setl_003760,false,,
pay_000226,ord_000227,614.00,11.67,2.10,600.23,2026-07-04T21:21:00+05:30,netbanking,INR,setl_000228,false,,
pay_007752,ord_007753,196782.58,0.00,0.00,196782.58,2026-07-17T15:54:00+05:30,upi,INR,setl_007754,false,,
pay_001794,ord_001795,122545.98,1102.91,198.52,121244.55,2026-07-02T12:26:00+05:30,debit_card,INR,setl_001796,false,,
pay_006409,ord_006410,175251.69,3505.03,630.91,171115.75,2026-07-28T22:08:00+05:30,credit_card,INR,setl_006413,false,,
pay_003146,ord_003147,408.00,8.16,1.47,398.37,2026-11-05T17:54:00+05:30,credit_card,INR,setl_003148,false,,
pay_002937,ord_002938,91930.00,0.00,0.00,91930.00,2026-07-27T22:36:00+05:30,upi,INR,setl_002939,false,,
pay_001695,ord_001696,6069.00,0.00,0.00,6069.00,2026-07-27T20:34:00+05:30,upi,INR,setl_001701,false,,
pay_001587,ord_001588,5344.00,133.60,24.05,5186.35,2026-07-29T12:32:00+05:30,emi,INR,setl_001589,false,,
pay_006181,ord_006182,2600.00,0.00,0.00,2600.00,2026-07-16T19:07:00+05:30,upi,INR,setl_006185,false,,
pay_001148,ord_001149,524.00,0.00,0.00,524.00,2026-07-20T09:02:00+05:30,upi,INR,setl_001152,false,,
pay_004300,ord_004301,973.00,19.46,3.50,950.04,2026-07-06T21:26:00+05:30,credit_card,INR,setl_004302,false,,
pay_001486,ord_001487,7073.00,0.00,0.00,7073.00,2026-07-16T07:32:00+05:30,upi,INR,setl_001490,false,,
pay_006694,ord_006695,891.00,0.00,0.00,891.00,2026-07-08T21:41:00+05:30,upi,INR,setl_006698,false,,
pay_005905,ord_005906,4490.00,0.00,0.00,4490.00,2026-07-06T07:21:00+05:30,rupay_debit,INR,setl_005907,false,,
pay_005771,ord_005772,868.00,0.00,0.00,868.00,2026-07-05T08:46:00+05:30,upi,INR,setl_005773,false,,
pay_006943,ord_006944,991.00,0.00,0.00,991.00,2026-07-04T07:59:00+05:30,upi,INR,setl_006948,false,,
pay_004039,ord_004040,5193.00,103.86,18.69,5070.45,2026-07-11T07:27:00+05:30,credit_card,INR,setl_004046,false,,
pay_004356,ord_004357,27363.00,0.00,0.00,27363.00,2026-07-29T12:34:00+05:30,upi,INR,setl_004358,false,,
pay_003104,ord_003105,90784.00,1815.68,326.82,88641.50,2026-07-28T20:25:00+05:30,credit_card,INR,setl_003106,false,,
pay_000158,ord_000159,76469.00,1911.73,344.11,74213.16,2026-07-22T15:41:00+05:30,emi,INR,setl_000165,false,,
pay_005011,ord_005012,4584.00,41.26,7.43,4535.31,2026-07-15T18:22:00+05:30,debit_card,INR,setl_005015,false,,
pay_005842,ord_005843,966.00,19.32,3.48,943.20,2026-07-29T11:14:00+05:30,credit_card,INR,setl_005844,false,,
pay_002328,ord_002329,479622.00,0.00,0.00,479622.00,2026-07-13T22:11:00+05:30,upi,INR,setl_002332,false,,
pay_002173,ord_002174,499.00,12.48,2.25,484.27,2026-07-17T12:57:00+05:30,emi,INR,setl_002175,false,,
pay_003775,ord_003776,4726.00,0.00,0.00,4726.00,2026-07-06T21:03:00+05:30,upi,INR,setl_003779,false,,
pay_001373,ord_001374,984.00,0.00,0.00,984.00,2026-07-02T19:52:00+05:30,upi,INR,setl_001377,false,,
pay_003703,ord_003704,25808.00,516.16,92.91,25198.93,2026-07-03T20:10:00+05:30,credit_card,INR,setl_003707,false,,
pay_000039,ord_000040,342363.00,0.00,0.00,342363.00,2026-07-27T12:29:00+05:30,upi,INR,setl_000041,false,,
pay_002182,ord_002183,1219.00,4.88,0.88,1213.24,2026-07-17T17:54:00+05:30,debit_card,INR,setl_002184,false,,
pay_000296,ord_000297,4300.00,86.00,15.48,4198.52,2026-07-20T18:44:00+05:30,wallet,INR,setl_000298,false,,
pay_006760,ord_006761,25751.00,489.27,88.07,25173.66,2026-07-19T19:45:00+05:30,netbanking,INR,setl_006762,false,,
pay_007427,ord_007428,343.00,1.37,0.25,341.38,2026-07-24T19:54:00+05:30,debit_card,INR,setl_007429,false,,
pay_000787,ord_000788,6456.00,129.12,23.24,6303.64,2026-07-08T13:34:00+05:30,credit_card,INR,setl_000789,false,,
pay_003127,ord_003128,75735.50,0.00,0.00,75735.50,2026-07-20T09:37:00+05:30,upi,INR,setl_003129,false,,
pay_006978,ord_006979,294.00,0.00,0.00,294.00,2026-07-17T11:44:00+05:30,upi,INR,setl_006984,false,,
pay_005279,ord_005280,60758.00,0.00,0.00,60758.00,2026-07-29T08:31:00+05:30,upi,INR,setl_005281,false,,
pay_007573,ord_007574,8579.00,77.21,13.90,8487.89,2026-07-13T11:11:00+05:30,debit_card,INR,setl_007575,false,,
pay_004927,ord_004928,88121.00,0.00,0.00,88121.00,2026-07-23T18:13:00+05:30,upi,INR,setl_004929,false,,
pay_006556,ord_006557,2724.00,54.48,9.81,2659.71,2026-07-22T17:07:00+05:30,credit_card,INR,setl_006558,false,,
pay_007486,ord_007487,8232.00,164.64,29.64,8037.72,2026-07-10T13:09:00+05:30,credit_card,INR,setl_007488,false,,
pay_001669,ord_001670,5483.00,0.00,0.00,5483.00,2026-07-09T11:52:00+05:30,upi,INR,setl_001671,false,,
pay_002233,ord_002234,8191.00,204.78,36.86,7949.36,2026-07-07T19:43:00+05:30,emi,INR,setl_002240,false,,
pay_001503,ord_001504,173910.26,4347.76,782.60,168779.90,2026-07-30T10:56:00+05:30,emi,INR,setl_001505,false,,
pay_002386,ord_002387,83659.00,1673.18,301.17,81684.65,2026-07-16T07:41:00+05:30,credit_card,INR,setl_002388,false,,
pay_005103,ord_005104,408.00,8.16,1.47,398.37,2026-07-13T19:16:00+05:30,credit_card,INR,setl_005105,false,,
pay_000093,ord_000094,6681.00,0.00,0.00,6681.00,2026-07-22T10:36:00+05:30,upi,INR,setl_000095,false,,
pay_000445,ord_000446,9869.00,0.00,0.00,9869.00,2026-07-08T21:29:00+05:30,upi,INR,setl_000449,false,,
pay_006427,ord_006428,48825.00,0.00,0.00,48825.00,2026-07-23T12:07:00+05:30,upi,INR,setl_006432,false,,
pay_004469,ord_004470,1777.00,0.00,0.00,1777.00,2026-07-10T11:40:00+05:30,upi,INR,setl_004471,false,,
pay_001141,ord_001142,6762.00,0.00,0.00,6762.00,2026-07-20T16:34:00+05:30,upi,INR,setl_001145,false,,
pay_005731,ord_005732,3159.00,63.18,11.37,3084.45,2026-07-28T19:26:00+05:30,credit_card,INR,setl_005733,false,,
pay_002908,ord_002909,8868.00,0.00,0.00,8868.00,2026-07-01T22:36:00+05:30,upi,INR,setl_002910,false,,
pay_007352,ord_007353,88529.00,1770.58,318.70,86439.72,2026-07-22T13:10:00+05:30,credit_card,INR,setl_007354,false,,
pay_000658,ord_000659,7023.00,140.46,25.28,6857.26,2026-07-29T22:07:00+05:30,credit_card,INR,setl_000662,false,,
pay_003160,ord_003161,152185.10,0.00,0.00,152185.10,2026-07-06T07:14:00+05:30,upi,INR,setl_003162,false,,
pay_004819,ord_004820,9823.00,186.64,33.60,9602.76,2026-07-02T14:29:00+05:30,netbanking,INR,setl_004825,false,,
pay_005574,ord_005575,2763.00,69.08,12.43,2681.49,2026-07-08T11:45:00+05:30,emi,INR,setl_005576,false,,
pay_002770,ord_002771,4590.00,0.00,0.00,4590.00,2026-07-24T17:25:00+05:30,upi,INR,setl_002775,false,,
pay_007854,ord_007855,9529.00,190.58,34.30,9304.12,2026-07-20T19:57:00+05:30,credit_card,INR,setl_007856,false,,
pay_003716,ord_003717,192.00,0.00,0.00,192.00,2026-07-03T21:37:00+05:30,upi,INR,setl_003718,false,,
pay_004567,ord_004568,912624.00,22815.60,4106.81,885701.59,2026-07-02T08:08:00+05:30,emi,INR,setl_004569,false,,
pay_000171,ord_000172,3431.00,0.00,0.00,3431.00,2026-07-17T07:55:00+05:30,upi,INR,setl_000177,false,,
pay_005173,ord_005174,510.00,9.69,1.74,498.57,2026-07-06T23:45:00Z,netbanking,INR,setl_005175,false,,
pay_002554,ord_002555,3485.00,69.70,12.55,3402.75,2026-07-12T16:26:00+05:30,credit_card,INR,setl_002558,false,,
pay_002330,ord_002331,8856.00,0.00,0.00,8856.00,2026-07-13T08:01:00+05:30,upi,INR,setl_002332,false,,
pay_004412,ord_004413,791460.00,0.00,0.00,791460.00,2026-07-29T18:19:00+05:30,upi,INR,setl_004416,false,,
pay_003319,ord_003320,3062.00,27.56,4.96,3029.48,2026-07-12T10:35:00+05:30,debit_card,INR,setl_003324,false,,
pay_001907,ord_001908,35287.00,0.00,0.00,35287.00,2026-07-26T20:36:00+05:30,upi,INR,setl_001911,false,,
pay_002495,ord_002496,667789.00,0.00,0.00,667789.00,2026-07-07T16:34:00+05:30,upi,INR,setl_002497,false,,
pay_005945,ord_005946,589.00,0.00,0.00,589.00,2026-07-14T21:33:00+05:30,upi,INR,setl_005951,false,,
pay_003494,ord_003495,397.00,0.00,0.00,397.00,2026-07-22T21:28:00+05:30,upi,INR,setl_003498,false,,
pay_004729,ord_004730,344251.00,0.00,0.00,344251.00,2026-07-08T21:03:00+05:30,upi,INR,setl_004736,false,,
pay_006935,ord_006936,37622.00,752.44,135.44,36734.12,2026-07-23T12:59:00+05:30,credit_card,INR,setl_006937,false,,
pay_001718,ord_001719,8396.00,159.52,28.71,8207.77,2026-07-10T11:57:00+05:30,netbanking,INR,setl_001720,false,,
pay_000937,ord_000938,321308.00,6426.16,1156.71,313725.13,2026-07-25T13:57:00+05:30,wallet,INR,setl_000939,false,,
pay_003693,ord_003694,8405.00,159.70,28.75,8216.55,2026-07-23T16:20:00+05:30,netbanking,INR,setl_003697,false,,
pay_006342,ord_006343,221.00,4.42,0.80,215.78,2026-07-30T21:02:00+05:30,credit_card,INR,setl_006346,false,,
pay_001524,ord_001525,1487.00,29.74,5.35,1451.91,2026-07-14T08:28:00+05:30,credit_card,INR,setl_001531,false,,
pay_001495,ord_001496,29265.00,585.30,105.35,28574.35,2026-07-09T08:44:00+05:30,credit_card,INR,setl_001497,false,,
pay_001444,ord_001445,5338.00,0.00,0.00,5338.00,2026-07-16T19:50:00+05:30,upi,INR,setl_001451,false,,
pay_000842,ord_000843,35840.02,0.00,0.00,35840.02,2026-07-17T13:28:00+05:30,upi,INR,setl_000844,false,,
pay_001572,ord_001573,420.00,0.00,0.00,420.00,2026-07-02T21:58:00+05:30,upi,INR,setl_001576,false,,
pay_004720,ord_004721,568983.00,11379.66,2048.34,555555.00,2026-07-16T19:37:00+05:30,wallet,INR,setl_004724,false,,
pay_006196,ord_006197,4231.00,105.78,19.04,4106.18,2026-07-30T21:17:00+05:30,emi,INR,setl_006198,false,,
pay_001832,ord_001833,230181.00,2071.63,372.89,227736.48,2026-07-10T19:51:00+05:30,debit_card,INR,setl_001834,false,,
pay_005220,ord_005221,431804.00,8204.28,1476.77,422122.95,2026-07-15T07:05:00+05:30,netbanking,INR,setl_005222,false,,
pay_000579,ord_000580,2684.00,0.00,0.00,2684.00,2026-07-07T12:52:00+05:30,upi,INR,setl_000581,false,,
pay_003926,ord_003927,71178.00,1779.45,320.30,69078.25,2026-07-07T07:59:00+05:30,amex,INR,setl_003931,false,,
pay_007313,ord_007314,461.00,9.22,1.66,450.12,2026-07-22T11:39:00+05:30,credit_card,INR,setl_007315,false,,
pay_004951,ord_004952,739.00,0.00,0.00,739.00,2026-07-12T11:39:00+05:30,upi,INR,setl_004953,false,,
pay_007784,ord_007785,9030.00,180.60,32.51,8816.89,2026-07-28T14:22:00+05:30,credit_card,INR,setl_007786,false,,
pay_004557,ord_004558,95892.00,0.00,0.00,95892.00,2026-07-13T15:47:00+05:30,upi,INR,setl_004559,false,,
pay_006411,ord_006412,172936.43,3458.73,622.57,168855.13,2026-07-28T10:56:00+05:30,credit_card,INR,setl_006413,false,,
pay_002279,ord_002280,904.00,3.62,0.65,899.73,2026-07-08T16:11:00+05:30,debit_card,INR,setl_002283,false,,
pay_005543,ord_005544,1266.00,0.00,0.00,1266.00,2026-07-02T15:43:00+05:30,upi,INR,setl_005545,false,,
pay_007417,ord_007418,389.00,7.78,1.40,379.82,2026-07-28T23:45:00Z,wallet,INR,setl_007419,false,,
pay_007350,ord_007351,29491.00,0.00,0.00,29491.00,2026-07-22T12:50:00+05:30,upi,INR,setl_007354,false,,
pay_002115,ord_002116,202448.00,4048.96,728.81,197670.23,2026-07-30T09:43:00+05:30,wallet,INR,setl_002117,false,,
pay_002828,ord_002829,549.00,10.98,1.98,536.04,2026-07-23T18:51:00+05:30,credit_card,INR,setl_002830,false,,
pay_002501,ord_002502,83809.41,0.00,0.00,83809.41,2026-07-29T21:33:00+05:30,upi,INR,setl_002505,false,,
pay_002697,ord_002698,7275.00,65.48,11.79,7197.73,2026-07-30T22:08:00+05:30,debit_card,INR,setl_002701,false,,
pay_003409,ord_003410,22251.38,0.00,0.00,22251.38,2026-07-15T08:03:00+05:30,upi,INR,setl_003411,false,,
pay_005606,ord_005607,7933.00,150.73,27.13,7755.14,2026-07-03T11:41:00+05:30,netbanking,INR,setl_005608,false,,
pay_006809,ord_006810,432.00,0.00,0.00,432.00,2026-07-30T16:23:00+05:30,upi,INR,setl_006811,false,,
pay_004160,ord_004161,8920.00,80.28,14.45,8825.27,2026-07-30T15:56:00+05:30,debit_card,INR,setl_004162,false,,
pay_003710,ord_003711,45722.00,0.00,0.00,45722.00,2026-07-03T08:39:00+05:30,upi,INR,setl_003712,false,,
pay_003342,ord_003343,109.00,0.00,0.00,109.00,2026-07-01T15:32:00+05:30,upi,INR,setl_003349,false,,
pay_004189,ord_004190,64161.00,1283.22,230.98,62646.80,2026-07-25T20:50:00+05:30,credit_card,INR,setl_004193,false,,
pay_007520,ord_007521,111.00,2.11,0.38,108.51,2026-07-26T17:20:00+05:30,netbanking,INR,setl_007522,false,,
pay_004494,ord_004495,283.00,5.38,0.97,276.65,2026-11-05T10:31:00+05:30,netbanking,INR,setl_004496,false,,
pay_005969,ord_005970,321.00,6.10,1.10,313.80,2026-07-24T21:01:00+05:30,netbanking,INR,setl_005971,false,,
pay_007760,ord_007761,84846.00,0.00,0.00,84846.00,2026-07-01T21:35:00+05:30,upi,INR,setl_007766,false,,
pay_000715,ord_000716,6886.00,137.72,24.79,6723.49,2026-07-08T21:29:00+05:30,credit_card,INR,setl_000717,false,,
pay_002337,ord_002338,669023.00,13380.46,2408.48,653234.06,2026-07-24T13:07:00+05:30,credit_card,INR,setl_002339,false,,
pay_004674,ord_004675,5103.00,0.00,0.00,5103.00,2026-07-15T09:43:00+05:30,upi,INR,setl_004677,false,,
pay_006041,ord_006042,916316.00,17410.00,3133.80,895772.20,2026-07-06T17:19:00+05:30,netbanking,INR,setl_006043,false,,
pay_000236,ord_000237,15510.00,294.69,53.04,15162.27,2026-07-16T19:47:00+05:30,netbanking,INR,setl_000242,false,,
pay_004423,ord_004424,7418.00,148.36,26.70,7242.94,2026-07-09T15:39:00+05:30,wallet,INR,setl_004427,false,,
pay_005228,ord_005229,588275.00,0.00,0.00,588275.00,2026-07-07T11:23:00+05:30,upi,INR,setl_005233,false,,
pay_000173,ord_000174,922907.00,18458.14,3322.47,901126.39,2026-07-17T16:02:00+05:30,wallet,INR,setl_000177,false,,
pay_001014,ord_001015,1378.00,0.00,0.00,1378.00,2026-07-22T15:24:00+05:30,upi,INR,setl_001020,false,,
pay_004149,ord_004150,1249.00,24.98,4.50,1219.52,2026-07-29T18:33:00+05:30,credit_card,INR,setl_004151,false,,
pay_001150,ord_001151,780725.00,15614.50,2810.61,762299.89,2026-07-20T09:55:00+05:30,wallet,INR,setl_001152,false,,
pay_002351,ord_002352,4025.00,76.48,13.77,3934.75,2026-07-21T17:21:00+05:30,netbanking,INR,setl_002353,false,,
pay_001308,ord_001309,4127.00,82.54,14.86,4029.60,2026-07-11T19:53:00+05:30,wallet,INR,setl_001310,false,,
pay_007869,ord_007870,584.00,11.68,2.10,570.22,2026-07-15T10:47:00+05:30,credit_card,INR,setl_007871,false,,
pay_001574,ord_001575,62568.00,0.00,0.00,62568.00,2026-07-02T12:27:00+05:30,upi,INR,setl_001576,false,,
pay_006823,ord_006824,436.00,8.72,1.57,425.71,2026-07-22T08:02:00+05:30,credit_card,INR,setl_006829,false,,
pay_000253,ord_000254,1049.00,0.00,0.00,1049.00,2026-07-09T19:58:00+05:30,upi,INR,setl_000259,false,,
pay_007456,ord_007457,222.00,0.89,0.16,220.95,2026-07-29T18:13:00+05:30,debit_card,INR,setl_007462,false,,
pay_007299,ord_007300,11160.00,223.20,40.18,10896.62,2026-07-17T18:37:00+05:30,wallet,INR,setl_007303,false,,
pay_005633,ord_005634,6938.00,173.45,31.22,6733.33,2026-07-31T07:50:00+05:30,amex,INR,setl_005635,false,,
pay_004105,ord_004106,2106.00,0.00,0.00,2106.00,2026-07-09T18:03:00+05:30,upi,INR,setl_004107,false,,
pay_004586,ord_004587,708803.00,6379.23,1148.26,701275.51,2026-07-02T17:02:00+05:30,debit_card,INR,setl_004588,false,,
pay_002001,ord_002002,867.00,0.00,0.00,867.00,2026-07-12T20:06:00+05:30,upi,INR,setl_002007,false,,
pay_001724,ord_001725,811.00,20.28,3.65,787.07,2026-07-31T12:39:00+05:30,emi,INR,setl_001726,false,,
pay_006722,ord_006723,711867.00,0.00,0.00,711867.00,2026-07-19T12:07:00+05:30,upi,INR,setl_006726,false,,
pay_004362,ord_004363,8824.00,0.00,0.00,8824.00,2026-07-31T17:14:00+05:30,upi,INR,setl_004364,false,,
pay_005828,ord_005829,41045.00,1026.13,184.70,39834.17,2026-07-29T13:15:00+05:30,emi,INR,setl_005830,false,,
pay_006871,ord_006872,184.00,3.68,0.66,179.66,2026-07-07T13:42:00+05:30,wallet,INR,setl_006873,false,,
pay_001756,ord_001757,5158.00,103.16,18.57,5036.27,2026-07-24T09:44:00+05:30,credit_card,INR,setl_001758,false,,
pay_001276,ord_001277,3745.00,0.00,0.00,3745.00,2026-07-13T17:49:00+05:30,upi,INR,setl_001278,false,,
pay_005710,ord_005711,1587.00,6.35,1.14,1579.51,2026-07-02T17:07:00+05:30,debit_card,INR,setl_005714,false,,
pay_000379,ord_000380,5823.00,110.64,19.92,5692.44,2026-07-02T19:08:00+05:30,netbanking,INR,setl_000383,false,,
pay_006902,ord_006903,17745.00,0.00,0.00,17745.00,2026-07-23T09:30:00+05:30,upi,INR,setl_006904,false,,
pay_007135,ord_007136,233.00,0.00,0.00,233.00,2026-07-22T22:15:00+05:30,upi,INR,setl_007137,false,,
pay_003898,ord_003899,3768.00,75.36,13.56,3679.08,2026-07-17T09:19:00+05:30,wallet,INR,setl_003900,false,,
pay_003021,ord_003022,184079.53,3755.22,629.55,179694.76,2026-07-14T16:13:00+05:30,netbanking,INR,setl_003023,false,,
pay_004670,ord_004671,80772.00,1615.44,290.78,78865.78,2026-07-15T09:27:00+05:30,credit_card,INR,setl_004677,false,,
pay_004594,ord_004595,831.00,3.32,0.60,827.08,2026-07-21T16:34:00+05:30,debit_card,INR,setl_004596,false,,
pay_004391,ord_004392,569.00,0.00,0.00,569.00,2026-07-10T18:09:00+05:30,upi,INR,setl_004395,false,,
pay_006733,ord_006734,25445.00,0.00,0.00,25445.00,2026-07-19T10:25:00+05:30,upi,INR,setl_006737,false,,
pay_004001,ord_004002,4007.00,80.14,14.43,3912.43,2026-07-15T19:15:00+05:30,credit_card,INR,setl_004006,false,,
pay_003523,ord_003524,796.00,0.00,0.00,796.00,2026-07-30T21:48:00+05:30,upi,INR,setl_003527,false,,
pay_006425,ord_006426,110472.00,2209.44,397.70,107864.86,2026-07-23T19:04:00+05:30,credit_card,INR,setl_006432,false,,
pay_000454,ord_000455,8636.00,0.00,0.00,8636.00,2026-07-22T10:48:00+05:30,upi,INR,setl_000458,false,,
pay_001549,ord_001550,5794.00,144.85,26.07,5623.08,2026-07-08T13:17:00+05:30,emi,INR,setl_001553,false,,
pay_002645,ord_002646,459720.00,0.00,0.00,459720.00,2026-07-20T15:51:00+05:30,upi,INR,setl_002647,false,,
pay_000432,ord_000433,505.00,10.10,1.82,493.08,2026-07-24T10:13:00+05:30,credit_card,INR,setl_000434,false,,
pay_001028,ord_001029,134078.00,0.00,0.00,134078.00,2026-07-22T11:02:00+05:30,upi,INR,setl_001030,false,,
pay_002094,ord_002095,8686.00,0.00,0.00,8686.00,2026-07-08T12:48:00+05:30,upi,INR,setl_002096,false,,
pay_003091,ord_003092,1881.00,0.00,0.00,1881.00,2026-07-23T08:16:00+05:30,upi,INR,setl_003098,false,,
pay_007500,ord_007501,54583.00,1037.08,186.67,53359.25,2026-07-12T08:07:00+05:30,netbanking,INR,setl_007505,false,,
pay_000206,ord_000207,344.00,6.88,1.24,335.88,2026-07-04T10:46:00+05:30,credit_card,INR,setl_000208,false,,
pay_000030,ord_000031,994.00,19.88,3.58,970.54,2026-07-27T22:27:00+05:30,wallet,INR,setl_000032,false,,
pay_007060,ord_007061,24906.00,0.00,0.00,24906.00,2026-07-15T17:34:00+05:30,upi,INR,setl_007064,false,,
pay_000105,ord_000106,173.00,4.33,0.78,167.89,2026-07-15T15:32:00+05:30,emi,INR,setl_000107,false,,
pay_000008,ord_000009,803.00,20.08,3.61,779.31,2026-07-10T10:01:00+05:30,emi,INR,setl_000014,false,,
pay_005930,ord_005931,2930.00,58.60,10.55,2860.85,2026-07-16T22:19:00+05:30,credit_card,INR,setl_005932,false,,
pay_005113,ord_005114,62108.00,1552.70,279.49,60275.81,2026-07-13T09:17:00+05:30,emi,INR,setl_005115,false,,
pay_007599,ord_007600,8631.00,77.68,13.98,8539.34,2026-07-21T12:16:00+05:30,debit_card,INR,setl_007604,false,,
pay_006179,ord_006180,790844.00,0.00,0.00,790844.00,2026-07-16T20:15:00+05:30,upi,INR,setl_006185,false,,
pay_003501,ord_003502,455.00,9.10,1.64,444.26,2026-07-22T08:25:00+05:30,credit_card,INR,setl_003505,false,,
pay_005419,ord_005420,74941.20,1498.82,269.79,73172.59,2026-07-02T19:23:00+05:30,credit_card,INR,setl_005421,false,,
pay_007627,ord_007628,46114.00,0.00,0.00,46114.00,2026-07-22T15:01:00+05:30,upi,INR,setl_007629,false,,
pay_007209,ord_007210,555.00,11.10,2.00,541.90,2026-07-27T14:04:00+05:30,wallet,INR,setl_007213,false,,
pay_002125,ord_002126,87207.00,2180.18,392.43,84634.39,2026-07-24T21:32:00+05:30,amex,INR,setl_002129,false,,
pay_006236,ord_006237,3332.00,0.00,0.00,3332.00,2026-07-17T09:05:00+05:30,upi,INR,setl_006241,false,,
pay_007301,ord_007302,8002.00,0.00,0.00,8002.00,2026-07-17T17:13:00+05:30,upi,INR,setl_007303,false,,
pay_000520,ord_000521,30458.00,609.16,109.65,29739.19,2026-07-22T20:31:00+05:30,credit_card,INR,setl_000522,false,,
pay_003061,ord_003062,439.00,0.00,0.00,439.00,2026-07-21T22:21:00+05:30,upi,INR,setl_003063,false,,
pay_002370,ord_002371,33246.00,299.21,53.86,32892.93,2026-07-10T15:32:00+05:30,debit_card,INR,setl_002372,false,,
pay_001775,ord_001776,419.00,8.38,1.51,409.11,2026-07-30T13:19:00+05:30,wallet,INR,setl_001779,false,,
pay_007780,ord_007781,7279.00,0.00,0.00,7279.00,2026-07-28T20:54:00+05:30,upi,INR,setl_007782,false,,
pay_002343,ord_002344,785.00,3.14,0.57,781.29,2026-07-08T19:23:00+05:30,debit_card,INR,setl_002345,false,,
pay_001840,ord_001841,66845.00,1270.06,228.61,65346.33,2026-07-10T10:59:00+05:30,netbanking,INR,setl_001842,false,,
pay_000684,ord_000685,896.00,17.92,3.23,874.85,2026-07-02T20:48:00+05:30,wallet,INR,setl_000686,false,,
pay_003220,ord_003221,19217.00,384.34,69.18,18763.48,2026-07-12T07:12:00+05:30,credit_card,INR,setl_003222,false,,
pay_001511,ord_001512,516.00,12.90,2.32,500.78,2026-07-30T19:41:00+05:30,amex,INR,setl_001518,false,,
pay_002026,ord_002027,665502.00,0.00,0.00,665502.00,2026-07-02T20:44:00+05:30,upi,INR,setl_002028,false,,
pay_005693,ord_005694,9935.00,198.70,35.77,9700.53,2026-07-23T07:02:00+05:30,credit_card,INR,setl_005697,false,,
pay_007337,ord_007338,748.00,0.00,0.00,748.00,2026-07-30T15:22:00+05:30,upi,INR,setl_007339,false,,
pay_003662,ord_003663,59649.00,1491.23,268.42,57889.35,2026-07-09T08:01:00+05:30,emi,INR,setl_003664,false,,
pay_003208,ord_003209,2258.00,42.90,7.72,2207.38,2026-07-10T10:37:00+05:30,netbanking,INR,setl_003210,false,,
pay_002235,ord_002236,30659.00,613.18,110.37,29935.45,2026-07-07T16:41:00+05:30,credit_card,INR,setl_002240,false,,
pay_006071,ord_006072,159.00,0.00,0.00,159.00,2026-07-23T13:12:00+05:30,upi,INR,setl_006073,false,,
pay_002965,ord_002966,406.00,0.00,0.00,406.00,2026-07-03T13:24:00+05:30,upi,INR,setl_002969,false,,
pay_001777,ord_001778,684800.00,17120.00,3081.60,664598.40,2026-07-30T12:24:00+05:30,amex,INR,setl_001779,false,,
pay_007750,ord_007751,191777.30,0.00,0.00,191777.30,2026-07-17T19:10:00+05:30,upi,INR,setl_007754,false,,
pay_004232,ord_004233,5294.00,0.00,0.00,5294.00,2026-07-01T11:54:00+05:30,upi,INR,setl_004234,false,,
pay_007237,ord_007238,257329.36,4889.26,880.07,251560.03,2026-07-30T11:54:00+05:30,netbanking,INR,setl_007239,false,,
pay_005259,ord_005260,89971.00,1709.45,307.70,87953.85,2026-07-14T18:48:00+05:30,netbanking,INR,setl_005261,false,,
pay_006999,ord_007000,621.00,0.00,0.00,621.00,2026-07-14T16:00:00+05:30,upi,INR,setl_007001,false,,
pay_007727,ord_007728,784608.00,0.00,0.00,784608.00,2026-07-24T20:52:00+05:30,upi,INR,setl_007729,false,,
pay_007802,ord_007803,12252.00,110.27,19.85,12121.88,2026-07-31T11:39:00+05:30,debit_card,INR,setl_007804,false,,
pay_001338,ord_001339,5078.00,0.00,0.00,5078.00,2026-07-28T08:40:00+05:30,upi,INR,setl_001342,false,,
pay_006419,ord_006420,409144.00,7773.74,1399.27,399970.99,2026-07-12T08:51:00+05:30,netbanking,INR,setl_006421,false,,
pay_007411,ord_007412,334.00,10.02,1.80,322.18,2026-07-29T22:10:00+05:30,international,INR,setl_007413,true,USD,84.9982
pay_002967,ord_002968,422.00,0.00,0.00,422.00,2026-07-03T15:46:00+05:30,upi,INR,setl_002969,false,,
pay_005142,ord_005143,29060.00,0.00,0.00,29060.00,2026-07-22T15:10:00+05:30,rupay_debit,INR,setl_005146,false,,
pay_002483,ord_002484,394.00,0.00,0.00,394.00,2026-07-13T22:34:00+05:30,upi,INR,setl_002489,false,,
pay_002591,ord_002592,13997.00,0.00,0.00,13997.00,2026-07-09T17:22:00+05:30,upi,INR,setl_002593,false,,
pay_001080,ord_001081,540.00,10.80,1.94,527.26,2026-07-26T20:37:00+05:30,credit_card,INR,setl_001082,false,,
pay_002391,ord_002392,7206.00,144.12,25.94,7035.94,2026-07-08T13:02:00+05:30,credit_card,INR,setl_002393,false,,
pay_000632,ord_000633,317.00,1.27,0.23,315.50,2026-07-10T08:05:00+05:30,debit_card,INR,setl_000638,false,,
pay_001349,ord_001350,4047.00,76.89,13.84,3956.27,2026-07-24T17:03:00+05:30,netbanking,INR,setl_001354,false,,
pay_003226,ord_003227,557.00,0.00,0.00,557.00,2026-07-18T07:56:00+05:30,upi,INR,setl_003230,false,,
pay_004060,ord_004061,176968.33,3362.40,605.23,173000.70,2026-07-09T07:32:00+05:30,netbanking,INR,setl_004062,false,,
pay_006268,ord_006269,216117.00,4322.34,778.02,211016.64,2026-07-01T11:01:00+05:30,credit_card,INR,setl_006270,false,,
pay_005979,ord_005980,27717.00,0.00,0.00,27717.00,2026-07-17T13:08:00+05:30,upi,INR,setl_005981,false,,
pay_005165,ord_005166,7237.00,0.00,0.00,7237.00,2026-07-13T19:09:00+05:30,rupay_debit,INR,setl_005167,false,,
pay_001976,ord_001977,750844.00,0.00,0.00,750844.00,2026-07-02T13:04:00+05:30,upi,INR,setl_001980,false,,
pay_002666,ord_002667,885.00,16.82,3.03,865.15,2026-07-17T13:33:00+05:30,netbanking,INR,setl_002668,false,,
pay_007710,ord_007711,616.00,12.32,2.22,601.46,2026-07-27T07:57:00+05:30,wallet,INR,setl_007715,false,,
pay_003306,ord_003307,95604.00,2390.10,430.22,92783.68,2026-07-27T10:50:00+05:30,amex,INR,setl_003311,false,,
pay_004621,ord_004622,12390.00,0.00,0.00,12390.00,2026-07-24T15:28:00+05:30,upi,INR,setl_004625,false,,
pay_000175,ord_000176,86819.00,0.00,0.00,86819.00,2026-07-17T18:25:00+05:30,upi,INR,setl_000177,false,,
pay_005805,ord_005806,90055.00,0.00,0.00,90055.00,2026-07-04T15:13:00+05:30,upi,INR,setl_005807,false,,
pay_000804,ord_000805,9275.00,0.00,0.00,9275.00,2026-07-10T12:26:00+05:30,upi,INR,setl_000808,false,,
pay_004886,ord_004887,118.00,2.36,0.42,115.22,2026-07-10T23:45:00Z,credit_card,INR,setl_004888,false,,
pay_004760,ord_004761,61981.00,1239.62,223.13,60518.25,2026-07-30T15:45:00+05:30,credit_card,INR,setl_004762,false,,
pay_003549,ord_003550,94237.00,2355.93,424.07,91457.00,2026-07-02T19:50:00+05:30,amex,INR,setl_003551,false,,
pay_006855,ord_006856,642645.00,0.00,0.00,642645.00,2026-07-01T12:01:00+05:30,upi,INR,setl_006859,false,,
pay_007169,ord_007170,31228.00,624.56,112.42,30491.02,2026-07-06T16:15:00+05:30,credit_card,INR,setl_007173,false,,
pay_001564,ord_001565,5136.00,0.00,0.00,5136.00,2026-07-02T20:30:00+05:30,upi,INR,setl_001566,false,,
pay_000926,ord_000927,86454.00,1642.63,295.67,84515.70,2026-07-16T13:14:00+05:30,netbanking,INR,setl_000929,false,,
pay_007585,ord_007586,865.00,0.00,0.00,865.00,2026-07-31T21:27:00+05:30,upi,INR,setl_007587,false,,
pay_002424,ord_002425,1717.00,42.93,7.73,1666.34,2026-07-02T21:41:00+05:30,emi,INR,setl_002426,false,,
pay_005554,ord_005555,543054.00,10861.08,1954.99,530237.93,2026-07-30T17:46:00+05:30,credit_card,INR,setl_005556,false,,
pay_002643,ord_002644,40477.00,769.06,138.43,39569.51,2026-07-20T18:06:00+05:30,netbanking,INR,setl_002647,false,,
pay_006593,ord_006594,25020.00,500.40,90.07,24429.53,2026-07-13T20:03:00+05:30,credit_card,INR,setl_006595,false,,
pay_005592,ord_005593,927332.00,18546.64,3338.40,905446.96,2026-07-23T21:02:00+05:30,credit_card,INR,setl_005594,false,,
pay_003725,ord_003726,867857.00,0.00,0.00,867857.00,2026-07-03T09:19:00+05:30,upi,INR,setl_003729,false,,
pay_003863,ord_003864,20032.00,500.80,90.14,19441.06,2026-07-16T17:04:00+05:30,amex,INR,setl_003865,false,,
pay_005230,ord_005231,37598.00,0.00,0.00,37598.00,2026-07-07T10:04:00+05:30,upi,INR,setl_005233,false,,
pay_006128,ord_006129,308.00,6.16,1.11,300.73,2026-07-30T09:50:00+05:30,credit_card,INR,setl_006130,false,,
pay_003139,ord_003140,7691.00,69.22,12.46,7609.32,2026-07-28T17:35:00+05:30,debit_card,INR,setl_003141,false,,
pay_003883,ord_003884,814.00,0.00,0.00,814.00,2026-07-25T21:55:00+05:30,upi,INR,setl_003886,false,,
pay_004285,ord_004286,57475.91,0.00,0.00,57475.91,2026-07-10T14:55:00+05:30,upi,INR,setl_004287,false,,
pay_006100,ord_006101,793287.00,23798.61,4283.75,765204.64,2026-07-28T08:31:00+05:30,international,INR,setl_006102,true,USD,86.4678
pay_006518,ord_006519,1863.00,0.00,0.00,1863.00,2026-07-08T15:55:00+05:30,upi,INR,setl_006521,false,,
pay_005439,ord_005440,9204.00,184.08,33.13,8986.79,2026-07-03T08:44:00+05:30,credit_card,INR,setl_005441,false,,
pay_005046,ord_005047,779115.00,19477.88,3506.02,756131.10,2026-07-30T12:37:00+05:30,emi,INR,setl_005048,false,,
pay_004701,ord_004702,265874.00,0.00,0.00,265874.00,2026-07-20T07:10:00+05:30,upi,INR,setl_004705,false,,
pay_007601,ord_007602,37120.00,705.28,126.95,36287.77,2026-07-21T09:43:00+05:30,netbanking,INR,setl_007604,false,,
pay_007127,ord_007128,150.00,3.00,0.54,146.46,2026-07-18T10:21:00+05:30,credit_card,INR,setl_007129,false,,
pay_001640,ord_001641,515.00,10.30,1.85,502.85,2026-07-06T07:12:00+05:30,wallet,INR,setl_001646,false,,
pay_007322,ord_007323,3884.00,97.10,17.48,3769.42,2026-07-20T08:06:00+05:30,emi,INR,setl_007329,false,,
pay_004032,ord_004033,207.00,0.00,0.00,207.00,2026-07-30T20:07:00+05:30,upi,INR,setl_004034,false,,
pay_003055,ord_003056,661.00,13.22,2.38,645.40,2026-07-24T10:16:00+05:30,credit_card,INR,setl_003057,false,,
pay_005657,ord_005658,5012.00,0.00,0.00,5012.00,2026-07-05T07:11:00+05:30,rupay_debit,INR,setl_005659,false,,
pay_004643,ord_004644,319428.00,0.00,0.00,319428.00,2026-07-08T16:47:00+05:30,upi,INR,setl_004645,false,,
pay_001247,ord_001248,631.00,0.00,0.00,631.00,2026-07-24T17:52:00+05:30,upi,INR,setl_001252,false,,
pay_002068,ord_002069,83434.00,0.00,0.00,83434.00,2026-07-23T21:14:00+05:30,upi,INR,setl_002071,false,,
pay_003277,ord_003278,16349.00,147.14,26.49,16175.37,2026-07-13T19:40:00+05:30,debit_card,INR,setl_003281,false,,
pay_007852,ord_007853,767.00,0.00,0.00,767.00,2026-07-20T09:52:00+05:30,upi,INR,setl_007856,false,,
pay_000330,ord_000331,620.00,0.00,0.00,620.00,2026-07-28T23:45:00Z,upi,INR,setl_000332,false,,
pay_000753,ord_000754,406893.00,3662.04,659.17,402571.79,2026-07-01T21:01:00+05:30,debit_card,INR,setl_000759,false,,
pay_000336,ord_000337,501201.00,0.00,0.00,501201.00,2026-07-17T21:02:00+05:30,upi,INR,setl_000343,false,,
pay_004421,ord_004422,300.00,0.00,0.00,300.00,2026-07-09T09:00:00+05:30,upi,INR,setl_004427,false,,
pay_000744,ord_000745,790.00,3.16,0.57,786.27,2026-07-27T17:16:00+05:30,debit_card,INR,setl_000747,false,,
pay_004985,ord_004986,39902.00,997.55,179.56,38724.89,2026-07-03T08:07:00+05:30,emi,INR,setl_004987,false,,
pay_000422,ord_000423,485.00,0.00,0.00,485.00,2026-07-17T17:59:00+05:30,upi,INR,setl_000424,false,,
pay_006768,ord_006769,9486.00,0.00,0.00,9486.00,2026-07-30T15:21:00+05:30,upi,INR,setl_006770,false,,
pay_005742,ord_005743,37862.00,340.76,61.34,37459.90,2026-07-16T10:42:00+05:30,debit_card,INR,setl_005745,false,,
pay_003955,ord_003956,1877.00,35.66,6.42,1834.92,2026-07-30T23:45:00Z,netbanking,INR,setl_003957,false,,
pay_003362,ord_003363,30893.00,0.00,0.00,30893.00,2026-07-15T16:38:00+05:30,upi,INR,setl_003364,false,,
pay_004341,ord_004342,924.00,23.10,4.16,896.74,2026-07-13T18:57:00+05:30,emi,INR,setl_004345,false,,
pay_002883,ord_002884,487807.00,9756.14,1756.11,476294.75,2026-07-22T08:04:00+05:30,credit_card,INR,setl_002885,false,,
pay_003178,ord_003179,71808.00,0.00,0.00,71808.00,2026-07-17T10:09:00+05:30,upi,INR,setl_003180,false,,
pay_004813,ord_004814,966.00,0.00,0.00,966.00,2026-07-21T08:31:00+05:30,rupay_debit,INR,setl_004815,false,,
pay_004635,ord_004636,2591.00,51.82,9.33,2529.85,2026-07-16T10:09:00+05:30,credit_card,INR,setl_004637,false,,
pay_005875,ord_005876,4643.00,0.00,0.00,4643.00,2026-07-28T09:50:00+05:30,upi,INR,setl_005877,false,,
pay_006142,ord_006143,114413.74,2173.86,391.29,111848.59,2026-07-07T21:15:00+05:30,netbanking,INR,setl_006144,false,,
pay_004963,ord_004964,438587.00,0.00,0.00,438587.00,2026-07-29T19:24:00+05:30,upi,INR,setl_004969,false,,
pay_000160,ord_000161,8284.00,0.00,0.00,8284.00,2026-07-22T18:13:00+05:30,upi,INR,setl_000165,false,,
pay_006928,ord_006929,48058.00,0.00,0.00,48058.00,2026-07-21T08:22:00+05:30,upi,INR,setl_006930,false,,
pay_007293,ord_007294,164.00,0.00,0.00,164.00,2026-07-09T18:23:00+05:30,upi,INR,setl_007295,false,,
pay_001654,ord_001655,105607.00,0.00,0.00,105607.00,2026-07-26T11:18:00+05:30,upi,INR,setl_001656,false,,
pay_006572,ord_006573,9576.00,0.00,0.00,9576.00,2026-07-30T22:55:00+05:30,upi,INR,setl_006574,false,,
pay_000922,ord_000923,933.00,18.66,3.36,910.98,2026-07-16T13:55:00+05:30,credit_card,INR,setl_000929,false,,
pay_005720,ord_005721,254.00,0.00,0.00,254.00,2026-07-24T07:53:00+05:30,upi,INR,setl_005724,false,,
pay_007615,ord_007616,189867.00,1708.80,307.58,187850.62,2026-07-14T16:39:00+05:30,debit_card,INR,setl_007617,false,,
pay_006514,ord_006515,2430.00,0.00,0.00,2430.00,2026-07-08T11:37:00+05:30,upi,INR,setl_006521,false,,
pay_005339,ord_005340,155.00,0.00,0.00,155.00,2026-07-09T15:46:00+05:30,upi,INR,setl_005345,false,,
pay_001974,ord_001975,528.00,0.00,0.00,528.00,2026-07-02T21:36:00+05:30,upi,INR,setl_001980,false,,
pay_007022,ord_007023,41202.42,0.00,0.00,41202.42,2026-07-13T12:02:00+05:30,upi,INR,setl_007024,false,,
pay_006584,ord_006585,3709.00,92.73,16.69,3599.58,2026-07-02T20:54:00+05:30,emi,INR,setl_006588,false,,
pay_002036,ord_002037,5407.00,108.14,19.47,5279.39,2026-07-03T14:06:00+05:30,credit_card,INR,setl_002038,false,,
pay_002838,ord_002839,167.00,5.01,0.90,161.09,2026-07-14T08:28:00+05:30,international,INR,setl_002840,true,USD,87.0459
pay_004840,ord_004841,4496.00,40.46,7.28,4448.26,2026-07-03T09:14:00+05:30,debit_card,INR,setl_004846,false,,
pay_000012,ord_000013,190.00,4.75,0.86,184.39,2026-07-10T12:51:00+05:30,emi,INR,setl_000014,false,,
pay_002443,ord_002444,962.00,24.05,4.33,933.62,2026-07-15T17:49:00+05:30,amex,INR,setl_002445,false,,
pay_006696,ord_006697,176.00,0.00,0.00,176.00,2026-07-08T09:58:00+05:30,upi,INR,setl_006698,false,,
pay_002218,ord_002219,40894.00,817.88,147.22,39928.90,2026-07-14T15:30:00+05:30,credit_card,INR,setl_002220,false,,
pay_006234,ord_006235,962859.00,8665.73,1559.83,952633.44,2026-07-17T18:33:00+05:30,debit_card,INR,setl_006241,false,,
pay_006225,ord_006226,577.00,10.96,1.97,564.07,2026-07-31T20:14:00+05:30,netbanking,INR,setl_006229,false,,
pay_002043,ord_002044,54754.49,0.00,0.00,54754.49,2026-07-27T20:15:00+05:30,upi,INR,setl_002045,false,,
pay_002978,ord_002979,7589.00,0.00,0.00,7589.00,2026-07-27T16:42:00+05:30,upi,INR,setl_002980,false,,
pay_004854,ord_004855,2726.00,0.00,0.00,2726.00,2026-07-16T15:50:00+05:30,upi,INR,setl_004856,false,,
pay_000215,ord_000216,1227.00,24.54,4.42,1198.04,2026-07-04T12:23:00+05:30,credit_card,INR,setl_000217,false,,
pay_007513,ord_007514,588.00,0.00,0.00,588.00,2026-07-02T14:04:00+05:30,upi,INR,setl_007515,false,,
pay_000730,ord_000731,7228.00,144.56,26.02,7057.42,2026-07-08T22:58:00+05:30,credit_card,INR,setl_000732,false,,
pay_004109,ord_004110,7291.00,0.00,0.00,7291.00,2026-07-09T17:57:00+05:30,upi,INR,setl_004111,false,,
pay_003948,ord_003949,689.00,13.78,2.48,672.74,2026-07-19T17:49:00+05:30,credit_card,INR,setl_003950,false,,
pay_002868,ord_002869,9261.00,175.96,31.67,9053.37,2026-07-02T10:09:00+05:30,netbanking,INR,setl_002870,false,,
pay_003619,ord_003620,333.00,6.66,1.20,325.14,2026-07-17T23:45:00Z,wallet,INR,setl_003621,false,,
pay_002167,ord_002168,28526.00,570.52,102.69,27852.79,2026-07-17T19:14:00+05:30,credit_card,INR,setl_002169,false,,
pay_005486,ord_005487,70424.00,0.00,0.00,70424.00,2026-07-06T20:46:00+05:30,upi,INR,setl_005490,false,,
pay_001224,ord_001225,183.00,3.48,0.63,178.89,2026-07-15T09:56:00+05:30,netbanking,INR,setl_001228,false,,
pay_000799,ord_000800,144502.00,2745.54,494.20,141262.26,2026-07-10T11:35:00+05:30,netbanking,INR,setl_000801,false,,
pay_003924,ord_003925,731.00,13.89,2.50,714.61,2026-07-07T17:24:00+05:30,netbanking,INR,setl_003931,false,,
pay_001736,ord_001737,377.00,1.51,0.27,375.22,2026-07-09T19:08:00+05:30,debit_card,INR,setl_001740,false,,
pay_007828,ord_007829,64766.81,0.00,0.00,64766.81,2026-07-03T22:25:00+05:30,upi,INR,setl_007830,false,,
pay_000703,ord_000704,5591.00,0.00,0.00,5591.00,2026-07-06T14:05:00+05:30,upi,INR,setl_000705,false,,
pay_003833,ord_003834,8251.00,156.77,28.22,8066.01,2026-07-17T15:51:00+05:30,netbanking,INR,setl_003837,false,,
pay_001459,ord_001460,386.00,7.33,1.32,377.35,2026-07-02T22:41:00+05:30,netbanking,INR,setl_001464,false,,
pay_005226,ord_005227,1940.00,0.00,0.00,1940.00,2026-07-07T16:30:00+05:30,upi,INR,setl_005233,false,,
pay_002224,ord_002225,975.00,19.50,3.51,951.99,2026-07-07T07:23:00+05:30,credit_card,INR,setl_002228,false,,
pay_003939,ord_003940,424.00,10.60,1.91,411.49,2026-07-31T10:30:00+05:30,emi,INR,setl_003941,false,,
pay_000447,ord_000448,205.00,0.00,0.00,205.00,2026-07-08T09:06:00+05:30,upi,INR,setl_000449,false,,
pay_002708,ord_002709,55388.00,0.00,0.00,55388.00,2026-07-22T17:14:00+05:30,upi,INR,setl_002710,false,,
pay_004633,ord_004634,1846.00,0.00,0.00,1846.00,2026-07-16T18:32:00+05:30,upi,INR,setl_004637,false,,
pay_006261,ord_006262,4564.00,0.00,0.00,4564.00,2026-07-15T07:58:00+05:30,upi,INR,setl_006263,false,,
pay_003258,ord_003259,155.00,3.10,0.56,151.34,2026-07-26T19:54:00+05:30,credit_card,INR,setl_003262,false,,
pay_004333,ord_004334,704.00,0.00,0.00,704.00,2026-07-30T16:15:00+05:30,upi,INR,setl_004335,false,,
pay_005488,ord_005489,166.00,0.00,0.00,166.00,2026-07-06T10:24:00+05:30,upi,INR,setl_005490,false,,
pay_004919,ord_004920,528.00,13.20,2.38,512.42,2026-07-16T19:55:00+05:30,emi,INR,setl_004921,false,,
pay_004506,ord_004507,1618.00,30.74,5.53,1581.73,2026-07-14T22:06:00+05:30,netbanking,INR,setl_004508,false,,
pay_000591,ord_000592,30730.25,0.00,0.00,30730.25,2026-07-03T09:14:00+05:30,upi,INR,setl_000593,false,,
pay_000833,ord_000834,6664.00,133.28,23.99,6506.73,2026-07-14T22:39:00+05:30,wallet,INR,setl_000837,false,,
pay_001128,ord_001129,1448.00,0.00,0.00,1448.00,2026-07-20T13:59:00+05:30,upi,INR,setl_001130,false,,
pay_001644,ord_001645,729.00,0.00,0.00,729.00,2026-07-06T21:48:00+05:30,upi,INR,setl_001646,false,,
pay_003044,ord_003045,537.00,0.00,0.00,537.00,2026-07-24T14:48:00+05:30,upi,INR,setl_003048,false,,
pay_004694,ord_004695,5525.00,0.00,0.00,5525.00,2026-07-23T18:34:00+05:30,upi,INR,setl_004696,false,,
pay_002306,ord_002307,36730.00,330.57,59.50,36339.93,2026-07-10T12:43:00+05:30,debit_card,INR,setl_002308,false,,
pay_003442,ord_003443,76220.96,1577.77,260.68,74382.51,2026-07-10T11:10:00+05:30,netbanking,INR,setl_003444,false,,
pay_000693,ord_000694,2681.00,24.13,4.34,2652.53,2026-07-08T18:13:00+05:30,debit_card,INR,setl_000697,false,,
pay_003394,ord_003395,176.00,0.00,0.00,176.00,2026-07-03T09:46:00+05:30,upi,INR,setl_003396,false,,
pay_000569,ord_000570,9025.00,0.00,0.00,9025.00,2026-07-30T19:27:00+05:30,upi,INR,setl_000573,false,,
pay_001787,ord_001788,992.00,0.00,0.00,992.00,2026-07-27T15:54:00+05:30,upi,INR,setl_001789,false,,
pay_001929,ord_001930,3007.00,27.06,4.87,2975.07,2026-07-01T17:34:00+05:30,debit_card,INR,setl_001934,false,,
pay_002542,ord_002543,290.00,0.00,0.00,290.00,2026-07-02T09:44:00+05:30,upi,INR,setl_002544,false,,
pay_004833,ord_004834,857.00,0.00,0.00,857.00,2026-07-20T22:28:00+05:30,upi,INR,setl_004835,false,,
pay_007498,ord_007499,952.00,0.00,0.00,952.00,2026-07-12T12:06:00+05:30,upi,INR,setl_007505,false,,
pay_002136,ord_002137,795812.00,0.00,0.00,795812.00,2026-07-24T22:58:00+05:30,upi,INR,setl_002138,false,,
pay_005501,ord_005502,6082.00,0.00,0.00,6082.00,2026-07-08T13:04:00+05:30,upi,INR,setl_005503,false,,
pay_007694,ord_007695,18420.00,165.78,29.84,18224.38,2026-07-14T07:22:00+05:30,debit_card,INR,setl_007696,false,,
pay_005149,ord_005150,908.00,0.00,0.00,908.00,2026-07-22T16:05:00+05:30,upi,INR,setl_005151,false,,
pay_002597,ord_002598,1604.00,32.08,5.77,1566.15,2026-07-08T20:33:00+05:30,wallet,INR,setl_002599,false,,
pay_005767,ord_005768,55771.00,1115.42,200.78,54454.80,2026-07-05T21:18:00+05:30,credit_card,INR,setl_005773,false,,
pay_005277,ord_005278,3041.00,27.37,4.93,3008.70,2026-07-29T15:32:00+05:30,debit_card,INR,setl_005281,false,,
pay_005617,ord_005618,683.00,0.00,0.00,683.00,2026-07-03T11:19:00+05:30,upi,INR,setl_005621,false,,
pay_004661,ord_004662,262.00,5.24,0.94,255.82,2026-07-31T10:23:00+05:30,credit_card,INR,setl_004665,false,,
pay_003228,ord_003229,856.00,16.26,2.93,836.81,2026-07-18T22:44:00+05:30,netbanking,INR,setl_003230,false,,
pay_002673,ord_002674,401.00,0.00,0.00,401.00,2026-07-17T07:41:00+05:30,upi,INR,setl_002675,false,,
pay_007405,ord_007406,106.00,2.12,0.38,103.50,2026-11-05T14:28:00+05:30,credit_card,INR,setl_007407,false,,
pay_001819,ord_001820,52173.00,0.00,0.00,52173.00,2026-07-06T19:38:00+05:30,upi,INR,setl_001822,false,,
pay_003037,ord_003038,8070.00,0.00,0.00,8070.00,2026-07-24T15:50:00+05:30,upi,INR,setl_003041,false,,
pay_005062,ord_005063,897.00,17.94,3.23,875.83,2026-07-20T22:49:00+05:30,wallet,INR,setl_005065,false,,
pay_007478,ord_007479,518.00,9.84,1.77,506.39,2026-07-14T08:18:00+05:30,netbanking,INR,setl_007480,false,,
pay_005824,ord_005825,725361.00,0.00,0.00,725361.00,2026-07-29T19:12:00+05:30,upi,INR,setl_005826,false,,
pay_007468,ord_007469,27689.00,692.23,124.60,26872.17,2026-07-15T22:58:00+05:30,emi,INR,setl_007470,false,,
pay_004170,ord_004171,4706.00,89.41,16.09,4600.50,2026-07-24T20:49:00+05:30,netbanking,INR,setl_004174,false,,
pay_005073,ord_005074,2665.00,23.99,4.32,2636.69,2026-07-01T09:12:00+05:30,debit_card,INR,setl_005078,false,,
pay_006247,ord_006248,6561.00,124.66,22.44,6413.90,2026-07-17T22:49:00+05:30,netbanking,INR,setl_006249,false,,
pay_005071,ord_005072,254.00,4.83,0.87,248.30,2026-07-01T07:09:00+05:30,netbanking,INR,setl_005078,false,,
pay_001707,ord_001708,6015.00,0.00,0.00,6015.00,2026-07-12T19:34:00+05:30,upi,INR,setl_001709,false,,
pay_001988,ord_001989,123.00,0.00,0.00,123.00,2026-07-03T11:46:00+05:30,upi,INR,setl_001990,false,,
pay_007286,ord_007287,3024.00,0.00,0.00,3024.00,2026-07-13T11:10:00+05:30,upi,INR,setl_007288,false,,
pay_007030,ord_007031,722.00,18.05,3.25,700.70,2026-07-24T13:14:00+05:30,amex,INR,setl_007034,false,,
pay_004613,ord_004614,5671.00,0.00,0.00,5671.00,2026-07-24T18:37:00+05:30,upi,INR,setl_004615,false,,
pay_001918,ord_001919,37391.00,0.00,0.00,37391.00,2026-07-26T16:34:00+05:30,upi,INR,setl_001922,false,,
pay_004703,ord_004704,3139.00,59.64,10.74,3068.62,2026-07-20T17:36:00+05:30,netbanking,INR,setl_004705,false,,
pay_004672,ord_004673,4178.00,104.45,18.80,4054.75,2026-07-15T15:42:00+05:30,emi,INR,setl_004677,false,,
pay_002826,ord_002827,379.00,0.00,0.00,379.00,2026-07-23T12:55:00+05:30,rupay_debit,INR,setl_002830,false,,
pay_006047,ord_006048,21715.41,0.00,0.00,21715.41,2026-07-16T07:38:00+05:30,upi,INR,setl_006049,false,,
pay_002024,ord_002025,9950.00,0.00,0.00,9950.00,2026-07-02T09:22:00+05:30,upi,INR,setl_002028,false,,
pay_001950,ord_001951,462.00,9.24,1.66,451.10,2026-07-29T11:18:00+05:30,credit_card,INR,setl_001952,false,,
pay_004619,ord_004620,715.00,0.00,0.00,715.00,2026-07-24T16:30:00+05:30,upi,INR,setl_004625,false,,
pay_007324,ord_007325,167088.00,0.00,0.00,167088.00,2026-07-20T10:44:00+05:30,upi,INR,setl_007329,false,,
pay_003168,ord_003169,249.00,6.23,1.12,241.65,2026-07-17T07:31:00+05:30,emi,INR,setl_003170,false,,
pay_002397,ord_002398,576.00,0.00,0.00,576.00,2026-07-06T09:14:00+05:30,upi,INR,setl_002401,false,,
pay_003797,ord_003798,77456.00,2323.68,418.26,74714.06,2026-07-21T16:01:00+05:30,international,INR,setl_003799,true,USD,84.0695
pay_002047,ord_002048,54754.49,0.00,0.00,54754.49,2026-07-27T13:06:00+05:30,upi,INR,setl_002049,false,,
pay_007553,ord_007554,601.00,0.00,0.00,601.00,2026-07-13T17:29:00+05:30,upi,INR,setl_007555,false,,
pay_007824,ord_007825,64766.81,0.00,0.00,64766.81,2026-07-03T09:07:00+05:30,upi,INR,setl_007826,false,,
pay_005297,ord_005298,995.00,19.90,3.58,971.52,2026-07-17T13:57:00+05:30,credit_card,INR,setl_005301,false,,
pay_004425,ord_004426,62199.00,1181.78,212.72,60804.50,2026-07-09T11:21:00+05:30,netbanking,INR,setl_004427,false,,
pay_002801,ord_002802,65938.00,593.44,106.82,65237.74,2026-11-05T07:41:00+05:30,debit_card,INR,setl_002803,false,,
pay_001995,ord_001996,155039.50,0.00,0.00,155039.50,2026-07-24T10:26:00+05:30,upi,INR,setl_001997,false,,
pay_002992,ord_002993,3328.00,0.00,0.00,3328.00,2026-07-10T08:16:00+05:30,upi,INR,setl_002994,false,,
pay_005379,ord_005380,3577.00,71.54,12.88,3492.58,2026-07-20T17:28:00+05:30,credit_card,INR,setl_005383,false,,
pay_005729,ord_005730,242.00,0.97,0.17,240.86,2026-07-28T16:41:00+05:30,debit_card,INR,setl_005733,false,,
pay_003075,ord_003076,184669.69,0.00,0.00,184669.69,2026-07-07T09:00:00+05:30,upi,INR,setl_003079,false,,
pay_006438,ord_006439,312.00,7.80,1.40,302.80,2026-07-01T14:54:00+05:30,emi,INR,setl_006444,false,,
pay_004098,ord_004099,348367.00,0.00,0.00,348367.00,2026-07-09T14:49:00+05:30,rupay_debit,INR,setl_004102,false,,
pay_004030,ord_004031,553.00,0.00,0.00,553.00,2026-07-30T21:43:00+05:30,upi,INR,setl_004034,false,,
pay_001927,ord_001928,6552.00,0.00,0.00,6552.00,2026-07-01T16:45:00+05:30,upi,INR,setl_001934,false,,
pay_001262,ord_001263,2656.00,53.12,9.56,2593.32,2026-07-13T22:02:00+05:30,credit_card,INR,setl_001264,false,,
pay_001844,ord_001845,54240.00,1030.56,185.50,53023.94,2026-07-10T09:42:00+05:30,netbanking,INR,setl_001848,false,,
pay_001008,ord_001009,9294.00,0.00,0.00,9294.00,2026-07-09T10:34:00+05:30,upi,INR,setl_001010,false,,
pay_004910,ord_004911,2489.00,0.00,0.00,2489.00,2026-07-01T17:14:00+05:30,upi,INR,setl_004914,false,,
pay_005568,ord_005569,193001.30,4496.93,694.81,187809.56,2026-07-10T14:19:00+05:30,credit_card,INR,setl_005570,false,,
pay_007460,ord_007461,5349.00,48.14,8.67,5292.19,2026-07-29T15:14:00+05:30,debit_card,INR,setl_007462,false,,
pay_003789,ord_003790,63829.00,1276.58,229.78,62322.64,2026-07-08T21:03:00+05:30,credit_card,INR,setl_003791,false,,
pay_007678,ord_007679,3379.00,0.00,0.00,3379.00,2026-07-23T15:05:00+05:30,upi,INR,setl_007680,false,,
pay_000601,ord_000602,43085.00,818.62,147.35,42119.03,2026-07-02T15:57:00+05:30,netbanking,INR,setl_000608,false,,
pay_004251,ord_004252,175.00,0.00,0.00,175.00,2026-07-03T07:39:00+05:30,upi,INR,setl_004253,false,,
pay_003378,ord_003379,7700.00,69.30,12.47,7618.23,2026-07-15T15:13:00+05:30,debit_card,INR,setl_003380,false,,
pay_007526,ord_007527,1125.00,21.38,3.85,1099.77,2026-07-29T22:45:00+05:30,netbanking,INR,setl_007530,false,,
pay_007361,ord_007362,155712.01,0.00,0.00,155712.01,2026-07-30T08:55:00+05:30,upi,INR,setl_007363,false,,
pay_004350,ord_004351,98440.00,2461.00,442.98,95536.02,2026-07-28T10:14:00+05:30,emi,INR,setl_004352,false,,
pay_002528,ord_002529,5319.00,47.87,8.62,5262.51,2026-07-09T20:51:00+05:30,debit_card,INR,setl_002530,false,,
pay_000057,ord_000058,7101.00,0.00,0.00,7101.00,2026-07-30T09:21:00+05:30,upi,INR,setl_000059,false,,
pay_005738,ord_005739,5126.00,46.13,8.30,5071.57,2026-07-16T15:35:00+05:30,debit_card,INR,setl_005745,false,,
pay_000469,ord_000470,14797.00,0.00,0.00,14797.00,2026-07-21T13:05:00+05:30,upi,INR,setl_000471,false,,
pay_002687,ord_002688,1207.00,24.14,4.35,1178.51,2026-07-14T07:25:00+05:30,wallet,INR,setl_002691,false,,
pay_000321,ord_000322,1801.00,36.02,6.48,1758.50,2026-07-28T19:52:00+05:30,credit_card,INR,setl_000325,false,,
pay_001909,ord_001910,734.00,2.94,0.53,730.53,2026-07-26T20:55:00+05:30,debit_card,INR,setl_001911,false,,
pay_005812,ord_005813,2951.00,26.56,4.78,2919.66,2026-07-13T11:27:00+05:30,debit_card,INR,setl_005818,false,,
pay_002153,ord_002154,337.00,8.43,1.52,327.05,2026-07-31T11:34:00+05:30,emi,INR,setl_002155,false,,
pay_005467,ord_005468,273.00,5.46,0.98,266.56,2026-07-06T07:14:00+05:30,wallet,INR,setl_005469,false,,
pay_001558,ord_001559,731.00,14.62,2.63,713.75,2026-07-09T07:19:00+05:30,credit_card,INR,setl_001560,false,,
pay_000691,ord_000692,4786.00,0.00,0.00,4786.00,2026-07-08T11:57:00+05:30,upi,INR,setl_000697,false,,
pay_002889,ord_002890,900723.00,0.00,0.00,900723.00,2026-07-01T12:09:00+05:30,upi,INR,setl_002896,false,,
pay_007326,ord_007327,8220.00,164.40,29.59,8026.01,2026-07-20T07:59:00+05:30,credit_card,INR,setl_007329,false,,
pay_007633,ord_007634,9660.00,0.00,0.00,9660.00,2026-07-27T19:28:00+05:30,upi,INR,setl_007637,false,,
pay_006112,ord_006113,92690.00,834.21,150.16,91705.63,2026-07-08T20:07:00+05:30,debit_card,INR,setl_006116,false,,
pay_002921,ord_002922,705791.00,0.00,0.00,705791.00,2026-07-30T12:14:00+05:30,upi,INR,setl_002925,false,,
pay_004433,ord_004434,610.00,0.00,0.00,610.00,2026-07-15T12:16:00+05:30,upi,INR,setl_004435,false,,
pay_004147,ord_004148,136.00,2.72,0.49,132.79,2026-07-29T18:41:00+05:30,wallet,INR,setl_004151,false,,
pay_000957,ord_000958,958.00,23.95,4.31,929.74,2026-07-13T15:29:00+05:30,emi,INR,setl_000959,false,,
pay_000624,ord_000625,1290.00,5.16,0.93,1283.91,2026-07-24T19:44:00+05:30,debit_card,INR,setl_000626,false,,
pay_006238,ord_006239,900.00,22.50,4.05,873.45,2026-07-17T19:36:00+05:30,emi,INR,setl_006241,false,,
pay_005052,ord_005053,947.00,18.94,3.41,924.65,2026-07-10T13:17:00+05:30,wallet,INR,setl_005054,false,,
pay_005903,ord_005904,848.00,21.20,3.82,822.98,2026-07-06T13:14:00+05:30,emi,INR,setl_005907,false,,
pay_003185,ord_003186,913962.00,0.00,0.00,913962.00,2026-07-14T07:05:00+05:30,upi,INR,setl_003187,false,,
pay_001360,ord_001361,32872.00,295.85,53.25,32522.90,2026-07-07T18:18:00+05:30,debit_card,INR,setl_001362,false,,
pay_000595,ord_000596,30730.25,0.00,0.00,30730.25,2026-07-03T22:06:00+05:30,upi,INR,setl_000597,false,,
pay_000276,ord_000277,5602.00,0.00,0.00,5602.00,2026-07-20T16:16:00+05:30,upi,INR,setl_000278,false,,
pay_005619,ord_005620,304.00,0.00,0.00,304.00,2026-07-03T09:46:00+05:30,upi,INR,setl_005621,false,,
pay_003308,ord_003309,590447.00,11808.94,2125.61,576512.45,2026-07-27T13:53:00+05:30,credit_card,INR,setl_003311,false,,
pay_000305,ord_000306,875.00,3.50,0.63,870.87,2026-07-08T18:08:00+05:30,debit_card,INR,setl_000307,false,,
pay_004172,ord_004173,815.00,15.49,2.79,796.72,2026-07-24T14:43:00+05:30,netbanking,INR,setl_004174,false,,
pay_002005,ord_002006,139.00,2.64,0.48,135.88,2026-07-12T21:14:00+05:30,netbanking,INR,setl_002007,false,,
pay_007181,ord_007182,494.00,9.39,1.69,482.92,2026-07-01T09:58:00+05:30,netbanking,INR,setl_007183,false,,
pay_001602,ord_001603,720.00,18.00,3.24,698.76,2026-07-07T11:49:00+05:30,emi,INR,setl_001608,false,,
pay_002302,ord_002303,1845.00,0.00,0.00,1845.00,2026-07-10T09:27:00+05:30,upi,INR,setl_002304,false,,
pay_002807,ord_002808,715.00,14.30,2.57,698.13,2026-07-21T16:43:00+05:30,credit_card,INR,setl_002809,false,,
pay_002144,ord_002145,98960.00,1979.20,356.26,96624.54,2026-07-21T19:23:00+05:30,credit_card,INR,setl_002146,false,,
pay_002974,ord_002975,8238.00,0.00,0.00,8238.00,2026-07-27T15:09:00+05:30,upi,INR,setl_002980,false,,
pay_004068,ord_004069,1957.00,39.14,7.05,1910.81,2026-07-22T20:21:00+05:30,credit_card,INR,setl_004070,false,,
pay_004393,ord_004394,9026.00,225.65,40.62,8759.73,2026-07-10T12:58:00+05:30,emi,INR,setl_004395,false,,
pay_006152,ord_006153,2170.00,0.00,0.00,2170.00,2026-07-24T09:37:00+05:30,upi,INR,setl_006154,false,,
pay_001515,ord_001516,704937.00,6344.43,1142.00,697450.57,2026-07-30T08:33:00+05:30,debit_card,INR,setl_001518,false,,
pay_005368,ord_005369,9542.00,85.88,15.46,9440.66,2026-07-25T21:52:00+05:30,debit_card,INR,setl_005370,false,,
pay_003460,ord_003461,207861.25,4157.23,748.30,202955.72,2026-07-07T14:08:00+05:30,credit_card,INR,setl_003462,false,,
pay_003567,ord_003568,7782.00,147.86,26.61,7607.53,2026-07-28T11:00:00+05:30,netbanking,INR,setl_003571,false,,
pay_001661,ord_001662,104502.18,2267.69,357.40,101877.09,2026-07-20T08:14:00+05:30,netbanking,INR,setl_001663,false,,
pay_002876,ord_002877,1241.00,4.96,0.89,1235.15,2026-07-02T07:35:00+05:30,debit_card,INR,setl_002878,false,,
pay_000709,ord_000710,9907.00,0.00,0.00,9907.00,2026-07-13T12:49:00+05:30,upi,INR,setl_000711,false,,
pay_001226,ord_001227,554.00,0.00,0.00,554.00,2026-07-15T16:55:00+05:30,upi,INR,setl_001228,false,,
pay_001958,ord_001959,15567.00,389.18,70.05,15107.77,2026-07-29T07:22:00+05:30,emi,INR,setl_001960,false,,
pay_000077,ord_000078,18402.00,0.00,0.00,18402.00,2026-07-30T10:43:00+05:30,upi,INR,setl_000079,false,,
pay_001616,ord_001617,18824.00,376.48,67.77,18379.75,2026-07-28T19:25:00+05:30,credit_card,INR,setl_001618,false,,
pay_001366,ord_001367,46899.00,0.00,0.00,46899.00,2026-07-02T07:03:00+05:30,upi,INR,setl_001370,false,,
pay_007143,ord_007144,11229.00,101.06,18.19,11109.75,2026-07-13T08:10:00+05:30,debit_card,INR,setl_007148,false,,
pay_000811,ord_000812,677.00,12.86,2.31,661.83,2026-07-10T21:45:00+05:30,netbanking,INR,setl_000813,false,,
pay_005359,ord_005360,111760.00,2235.20,402.34,109122.46,2026-07-22T14:55:00+05:30,wallet,INR,setl_005361,false,,
pay_006941,ord_006942,5865.00,146.63,26.39,5691.98,2026-07-04T16:24:00+05:30,emi,INR,setl_006948,false,,
pay_002747,ord_002748,465.00,0.00,0.00,465.00,2026-07-07T12:21:00+05:30,upi,INR,setl_002749,false,,
pay_002376,ord_002377,94087.51,1787.66,321.78,91978.07,2026-07-09T13:20:00+05:30,netbanking,INR,setl_002380,false,,
pay_000364,ord_000365,173156.93,1558.41,280.51,171318.01,2026-07-19T12:32:00+05:30,debit_card,INR,setl_000366,false,,
pay_003879,ord_003880,5619.00,112.38,20.23,5486.39,2026-07-25T13:42:00+05:30,credit_card,INR,setl_003886,false,,
pay_002083,ord_002084,857.00,3.43,0.62,852.95,2026-07-08T18:10:00+05:30,debit_card,INR,setl_002085,false,,
pay_006671,ord_006672,3681.00,0.00,0.00,3681.00,2026-07-10T10:32:00+05:30,rupay_debit,INR,setl_006677,false,,
pay_007284,ord_007285,3865.00,0.00,0.00,3865.00,2026-07-13T12:45:00+05:30,upi,INR,setl_007288,false,,
pay_001633,ord_001634,20798.00,0.00,0.00,20798.00,2026-07-16T14:01:00+05:30,upi,INR,setl_001635,false,,
pay_006051,ord_006052,21715.41,0.00,0.00,21715.41,2026-07-16T17:31:00+05:30,upi,INR,setl_006053,false,,
pay_000323,ord_000324,4620.00,41.58,7.48,4570.94,2026-07-28T16:51:00+05:30,debit_card,INR,setl_000325,false,,
pay_007156,ord_007157,191.00,0.76,0.14,190.10,2026-07-07T20:13:00+05:30,debit_card,INR,setl_007161,false,,
pay_007141,ord_007142,1799.00,0.00,0.00,1799.00,2026-07-13T17:26:00+05:30,upi,INR,setl_007148,false,,
pay_005684,ord_005685,54740.00,0.00,0.00,54740.00,2026-07-22T15:18:00+05:30,upi,INR,setl_005686,false,,
pay_005381,ord_005382,508184.00,10163.68,1829.46,496190.86,2026-07-20T11:21:00+05:30,credit_card,INR,setl_005383,false,,
pay_006865,ord_006866,5351.00,133.78,24.08,5193.14,2026-07-01T16:08:00+05:30,amex,INR,setl_006867,false,,
pay_000876,ord_000877,1221.00,0.00,0.00,1221.00,2026-07-22T19:41:00+05:30,upi,INR,setl_000878,false,,
pay_002755,ord_002756,66297.00,1259.64,226.74,64810.62,2026-07-08T12:27:00+05:30,netbanking,INR,setl_002757,false,,
pay_003374,ord_003375,254.00,0.00,0.00,254.00,2026-07-15T19:21:00+05:30,upi,INR,setl_003376,false,,
pay_006643,ord_006644,6451.00,0.00,0.00,6451.00,2026-07-12T13:15:00+05:30,upi,INR,setl_006647,false,,
pay_000349,ord_000350,61182.00,1162.46,209.24,59810.30,2026-07-13T16:19:00+05:30,netbanking,INR,setl_000351,false,,
pay_007179,ord_007180,155747.00,0.00,0.00,155747.00,2026-07-01T19:48:00+05:30,upi,INR,setl_007183,false,,
pay_004191,ord_004192,12250.00,0.00,0.00,12250.00,2026-07-25T14:57:00+05:30,upi,INR,setl_004193,false,,
pay_001652,ord_001653,869555.00,0.00,0.00,869555.00,2026-07-26T18:15:00+05:30,upi,INR,setl_001656,false,,
pay_003472,ord_003473,316.00,6.32,1.14,308.54,2026-07-14T12:40:00+05:30,credit_card,INR,setl_003474,false,,
pay_001191,ord_001192,235678.00,5891.95,1060.55,228725.50,2026-07-16T19:38:00+05:30,amex,INR,setl_001193,false,,
pay_005159,ord_005160,669.00,12.71,2.29,654.00,2026-07-02T15:15:00+05:30,netbanking,INR,setl_005161,false,,
pay_000742,ord_000743,292.00,1.17,0.21,290.62,2026-07-27T08:58:00+05:30,debit_card,INR,setl_000747,false,,
pay_002850,ord_002851,5939.00,0.00,0.00,5939.00,2026-07-14T18:13:00+05:30,upi,INR,setl_002852,false,,
pay_001846,ord_001847,661.00,13.22,2.38,645.40,2026-07-10T19:04:00+05:30,credit_card,INR,setl_001848,false,,
pay_003906,ord_003907,9650.00,193.00,34.74,9422.26,2026-07-04T07:02:00+05:30,credit_card,INR,setl_003912,false,,
pay_004370,ord_004371,54393.00,0.00,0.00,54393.00,2026-07-07T12:43:00+05:30,upi,INR,setl_004372,false,,
pay_003851,ord_003852,95369.00,1812.01,326.16,93230.83,2026-07-27T13:04:00+05:30,netbanking,INR,setl_003853,false,,
pay_005453,ord_005454,337.00,0.00,0.00,337.00,2026-07-26T08:08:00+05:30,upi,INR,setl_005455,false,,
pay_006020,ord_006021,1383.00,0.00,0.00,1383.00,2026-07-29T09:07:00+05:30,upi,INR,setl_006024,false,,
pay_007437,ord_007438,682.00,12.96,2.33,666.71,2026-07-21T16:49:00+05:30,netbanking,INR,setl_007439,false,,
pay_000980,ord_000981,707987.00,14159.74,2548.75,691278.51,2026-07-10T20:31:00+05:30,credit_card,INR,setl_000982,false,,
pay_002609,ord_002610,1530.00,6.12,1.10,1522.78,2026-07-08T12:22:00+05:30,debit_card,INR,setl_002613,false,,
pay_006599,ord_006600,218.00,4.14,0.75,213.11,2026-07-06T11:51:00+05:30,netbanking,INR,setl_006601,false,,
pay_000123,ord_000124,3610.00,68.59,12.35,3529.06,2026-07-12T19:50:00+05:30,netbanking,INR,setl_000125,false,,
pay_003965,ord_003966,8950.00,179.00,32.22,8738.78,2026-07-26T15:00:00+05:30,credit_card,INR,setl_003967,false,,
pay_007733,ord_007734,876834.00,17536.68,3156.60,856140.72,2026-07-06T20:27:00+05:30,wallet,INR,setl_007735,false,,
pay_001699,ord_001700,867.00,0.00,0.00,867.00,2026-07-27T22:37:00+05:30,rupay_debit,INR,setl_001701,false,,
pay_000695,ord_000696,63184.00,0.00,0.00,63184.00,2026-07-08T21:25:00+05:30,upi,INR,setl_000697,false,,
pay_000355,ord_000356,599.00,0.00,0.00,599.00,2026-07-10T11:49:00+05:30,upi,INR,setl_000359,false,,
pay_002511,ord_002512,8813.00,220.33,39.66,8553.01,2026-07-11T16:01:00+05:30,amex,INR,setl_002515,false,,
pay_003881,ord_003882,905.00,0.00,0.00,905.00,2026-07-25T08:40:00+05:30,upi,INR,setl_003886,false,,
pay_003270,ord_003271,3424.00,65.06,11.71,3347.23,2026-07-14T13:40:00+05:30,netbanking,INR,setl_003272,false,,
pay_007247,ord_007248,79105.00,1977.63,355.97,76771.40,2026-07-31T21:55:00+05:30,amex,INR,setl_007249,false,,
pay_005153,ord_005154,373.00,0.00,0.00,373.00,2026-07-22T10:57:00+05:30,upi,INR,setl_005155,false,,
pay_003857,ord_003858,3563.00,67.70,12.19,3483.11,2026-07-30T22:10:00+05:30,netbanking,INR,setl_003859,false,,
pay_002789,ord_002790,173267.56,0.00,0.00,173267.56,2026-07-15T14:27:00+05:30,upi,INR,setl_002791,false,,
pay_004789,ord_004790,70558.00,1340.60,241.31,68976.09,2026-07-24T21:35:00+05:30,netbanking,INR,setl_004791,false,,
pay_007543,ord_007544,9263.00,185.26,33.35,9044.39,2026-07-01T18:35:00+05:30,credit_card,INR,setl_007547,false,,
pay_007075,ord_007076,653.00,16.33,2.94,633.73,2026-07-07T09:32:00+05:30,emi,INR,setl_007077,false,,
pay_003678,ord_003679,461659.00,4154.93,747.89,456756.18,2026-07-08T13:00:00+05:30,debit_card,INR,setl_003680,false,,
pay_002627,ord_002628,795.00,15.90,2.86,776.24,2026-07-10T21:07:00+05:30,credit_card,INR,setl_002629,false,,
pay_004934,ord_004935,161238.85,0.00,0.00,161238.85,2026-07-07T18:30:00+05:30,upi,INR,setl_004936,false,,
pay_005411,ord_005412,11343.00,226.86,40.83,11075.31,2026-07-07T15:42:00+05:30,wallet,INR,setl_005413,false,,
pay_007335,ord_007336,3938.00,35.44,6.38,3896.18,2026-07-30T09:15:00+05:30,debit_card,INR,setl_007339,false,,
pay_006997,ord_006998,675.00,0.00,0.00,675.00,2026-07-14T13:22:00+05:30,upi,INR,setl_007001,false,,
pay_005431,ord_005432,951.00,18.07,3.25,929.68,2026-07-29T12:32:00+05:30,netbanking,INR,setl_005433,false,,
pay_003113,ord_003114,190732.41,1716.59,308.99,188706.83,2026-07-13T21:57:00+05:30,debit_card,INR,setl_003115,false,,
pay_006173,ord_006174,8170.00,73.53,13.24,8083.23,2026-11-05T16:19:00+05:30,debit_card,INR,setl_006175,false,,
pay_001055,ord_001056,121.00,2.42,0.44,118.14,2026-07-10T08:56:00+05:30,credit_card,INR,setl_001057,false,,
pay_002815,ord_002816,6975.00,139.50,25.11,6810.39,2026-07-28T13:10:00+05:30,credit_card,INR,setl_002820,false,,
pay_006877,ord_006878,25613.00,512.26,92.21,25008.53,2026-07-22T21:11:00+05:30,wallet,INR,setl_006881,false,,
pay_006645,ord_006646,796.00,0.00,0.00,796.00,2026-07-12T17:55:00+05:30,rupay_debit,INR,setl_006647,false,,
pay_002003,ord_002004,97655.00,0.00,0.00,97655.00,2026-07-12T18:50:00+05:30,upi,INR,setl_002007,false,,
pay_003871,ord_003872,199827.20,0.00,0.00,199827.20,2026-07-01T07:36:00+05:30,upi,INR,setl_003873,false,,
pay_003743,ord_003744,2318.00,0.00,0.00,2318.00,2026-07-03T14:07:00+05:30,upi,INR,setl_003745,false,,
pay_005474,ord_005475,886.00,0.00,0.00,886.00,2026-07-10T22:11:00+05:30,upi,INR,setl_005480,false,,
pay_006201,ord_006202,452.00,0.00,0.00,452.00,2026-07-06T17:58:00+05:30,upi,INR,setl_006207,false,,
pay_006705,ord_006706,7179.00,136.40,24.55,7018.05,2026-07-21T19:08:00+05:30,netbanking,INR,setl_006707,false,,
pay_001631,ord_001632,9367.00,0.00,0.00,9367.00,2026-07-16T15:09:00+05:30,upi,INR,setl_001635,false,,
pay_001274,ord_001275,673335.00,13466.70,2424.01,657444.29,2026-07-13T20:37:00+05:30,credit_card,INR,setl_001278,false,,
pay_000312,ord_000313,9931.00,0.00,0.00,9931.00,2026-07-30T11:09:00+05:30,upi,INR,setl_000316,false,,
pay_005663,ord_005664,48255.00,965.10,173.72,47116.18,2026-07-01T09:09:00+05:30,credit_card,INR,setl_005665,false,,
pay_003478,ord_003479,27126.00,0.00,0.00,27126.00,2026-07-17T15:57:00+05:30,upi,INR,setl_003480,false,,
pay_007666,ord_007667,186.00,0.00,0.00,186.00,2026-07-09T16:23:00+05:30,upi,INR,setl_007668,false,,
pay_006956,ord_006957,5883.00,147.08,26.47,5709.45,2026-07-31T18:06:00+05:30,emi,INR,setl_006960,false,,
pay_004368,ord_004369,4742.00,90.10,16.22,4635.68,2026-07-07T13:20:00+05:30,netbanking,INR,setl_004372,false,,
pay_006966,ord_006967,674.00,12.81,2.31,658.88,2026-07-28T17:58:00+05:30,netbanking,INR,setl_006968,false,,
pay_007458,ord_007459,535.00,0.00,0.00,535.00,2026-07-29T11:12:00+05:30,upi,INR,setl_007462,false,,
pay_004058,ord_004059,160097.14,0.00,0.00,160097.14,2026-07-09T17:47:00+05:30,upi,INR,setl_004062,false,,
pay_004381,ord_004382,8406.00,210.15,37.83,8158.02,2026-07-03T09:50:00+05:30,amex,INR,setl_004383,false,,
pay_001092,ord_001093,21937.75,487.02,78.98,21371.75,2026-07-21T21:15:00+05:30,wallet,INR,setl_001094,false,,
pay_001283,ord_001284,777.00,15.54,2.80,758.66,2026-07-03T07:40:00+05:30,credit_card,INR,setl_001287,false,,
pay_001901,ord_001902,6016.00,114.30,20.57,5881.13,2026-07-02T12:51:00+05:30,netbanking,INR,setl_001903,false,,
pay_004268,ord_004269,7815.00,148.49,26.73,7639.78,2026-07-15T17:22:00+05:30,netbanking,INR,setl_004272,false,,
pay_004249,ord_004250,23823.00,476.46,85.76,23260.78,2026-07-03T12:41:00+05:30,wallet,INR,setl_004253,false,,
pay_002200,ord_002201,47849.00,0.00,0.00,47849.00,2026-07-03T16:47:00+05:30,upi,INR,setl_002202,false,,
pay_005787,ord_005788,2286.00,57.15,10.29,2218.56,2026-07-15T11:57:00+05:30,amex,INR,setl_005791,false,,
pay_004092,ord_004093,938.00,28.14,5.07,904.79,2026-07-02T15:05:00+05:30,international,INR,setl_004094,true,USD,82.0631
pay_005562,ord_005563,516.00,2.06,0.37,513.57,2026-07-02T22:05:00+05:30,debit_card,INR,setl_005564,false,,
pay_001875,ord_001876,658.00,12.50,2.25,643.25,2026-07-04T22:08:00+05:30,netbanking,INR,setl_001879,false,,
pay_001461,ord_001462,127.00,0.51,0.09,126.40,2026-07-02T13:33:00+05:30,debit_card,INR,setl_001464,false,,
pay_006817,ord_006818,3452.00,65.59,11.81,3374.60,2026-07-30T14:06:00+05:30,netbanking,INR,setl_006819,false,,
pay_002358,ord_002359,55091.00,0.00,0.00,55091.00,2026-07-22T10:58:00+05:30,upi,INR,setl_002364,false,,
pay_000558,ord_000559,78035.00,1560.70,280.93,76193.37,2026-07-03T17:38:00+05:30,credit_card,INR,setl_000562,false,,
pay_003910,ord_003911,1832.00,36.64,6.60,1788.76,2026-07-04T21:54:00+05:30,credit_card,INR,setl_003912,false,,
pay_007737,ord_007738,3508.00,70.16,12.63,3425.21,2026-07-06T14:14:00+05:30,credit_card,INR,setl_007739,false,,
pay_007792,ord_007793,8907.00,80.16,14.43,8812.41,2026-07-08T15:36:00+05:30,debit_card,INR,setl_007796,false,,
pay_006326,ord_006327,8735.00,78.62,14.15,8642.23,2026-07-30T08:37:00+05:30,debit_card,INR,setl_006328,false,,
pay_004867,ord_004868,908.00,18.16,3.27,886.57,2026-07-13T20:51:00+05:30,wallet,INR,setl_004869,false,,
pay_004744,ord_004745,2243.00,56.08,10.09,2176.83,2026-07-10T15:07:00+05:30,emi,INR,setl_004746,false,,
pay_006286,ord_006287,5665.00,50.99,9.18,5604.83,2026-07-07T10:28:00+05:30,debit_card,INR,setl_006288,false,,
pay_001614,ord_001615,645.00,12.90,2.32,629.78,2026-07-28T17:03:00+05:30,credit_card,INR,setl_001618,false,,
pay_003279,ord_003280,87286.00,0.00,0.00,87286.00,2026-07-13T15:07:00+05:30,upi,INR,setl_003281,false,,
pay_004522,ord_004523,7388.00,184.70,33.25,7170.05,2026-07-24T16:10:00+05:30,amex,INR,setl_004524,false,,
pay_001184,ord_001185,736.00,2.94,0.53,732.53,2026-07-09T11:57:00+05:30,debit_card,INR,setl_001186,false,,
pay_007743,ord_007744,5880.00,52.92,9.53,5817.55,2026-07-06T21:21:00+05:30,debit_card,INR,setl_007745,false,,
pay_002088,ord_002089,22088.00,441.76,79.52,21566.72,2026-07-10T13:30:00+05:30,credit_card,INR,setl_002090,false,,
pay_005584,ord_005585,1145.00,4.58,0.82,1139.60,2026-07-31T14:43:00+05:30,debit_card,INR,setl_005586,false,,
pay_007398,ord_007399,31851.00,286.66,51.60,31512.74,2026-07-31T16:30:00+05:30,debit_card,INR,setl_007400,false,,
pay_001394,ord_001395,3241.00,0.00,0.00,3241.00,2026-07-13T17:38:00+05:30,upi,INR,setl_001396,false,,
pay_000211,ord_000212,501557.00,12538.93,2257.01,486761.06,2026-07-04T19:41:00+05:30,emi,INR,setl_000213,false,,
pay_007654,ord_007655,493339.00,0.00,0.00,493339.00,2026-07-14T20:13:00+05:30,upi,INR,setl_007656,false,,
pay_004329,ord_004330,56882.00,1080.76,194.54,55606.70,2026-07-30T10:39:00+05:30,netbanking,INR,setl_004335,false,,
pay_005897,ord_005898,15159.00,0.00,0.00,15159.00,2026-07-29T12:56:00+05:30,upi,INR,setl_005899,false,,
pay_000285,ord_000286,149.00,0.00,0.00,149.00,2026-07-31T07:47:00+05:30,upi,INR,setl_000289,false,,
pay_001285,ord_001286,79641.00,1592.82,286.71,77761.47,2026-07-03T16:42:00+05:30,credit_card,INR,setl_001287,false,,
pay_004131,ord_004132,92035.00,1748.67,314.76,89971.57,2026-07-29T12:08:00+05:30,netbanking,INR,setl_004133,false,,
pay_006795,ord_006796,607.00,0.00,0.00,607.00,2026-07-22T15:04:00+05:30,upi,INR,setl_006797,false,,
pay_003805,ord_003806,821.00,16.42,2.96,801.62,2026-07-02T13:11:00+05:30,credit_card,INR,setl_003807,false,,
pay_005270,ord_005271,231.00,0.92,0.17,229.91,2026-07-29T09:44:00+05:30,debit_card,INR,setl_005274,false,,
pay_000865,ord_000866,2999.00,59.98,10.80,2928.22,2026-07-23T16:34:00+05:30,wallet,INR,setl_000867,false,,
pay_007708,ord_007709,964.00,0.00,0.00,964.00,2026-07-27T07:45:00+05:30,upi,INR,setl_007715,false,,
pay_005722,ord_005723,978416.00,0.00,0.00,978416.00,2026-07-24T16:09:00+05:30,upi,INR,setl_005724,false,,
pay_002817,ord_002818,2204.00,0.00,0.00,2204.00,2026-07-28T07:46:00+05:30,upi,INR,setl_002820,false,,
pay_001749,ord_001750,78546.00,0.00,0.00,78546.00,2026-07-24T17:00:00+05:30,upi,INR,setl_001753,false,,
pay_000240,ord_000241,11653.00,0.00,0.00,11653.00,2026-07-16T07:46:00+05:30,upi,INR,setl_000242,false,,
pay_007534,ord_007535,311131.00,2800.18,504.03,307826.79,2026-07-02T07:28:00+05:30,debit_card,INR,setl_007538,false,,
pay_003534,ord_003535,11501.00,0.00,0.00,11501.00,2026-07-30T20:42:00+05:30,upi,INR,setl_003538,false,,
pay_006724,ord_006725,7996.00,0.00,0.00,7996.00,2026-07-19T10:46:00+05:30,upi,INR,setl_006726,false,,
pay_007816,ord_007817,162144.26,3080.74,554.53,158508.99,2026-07-15T22:03:00+05:30,netbanking,INR,setl_007818,false,,
pay_001037,ord_001038,459812.00,8736.43,1572.56,449503.01,2026-07-20T20:01:00+05:30,netbanking,INR,setl_001041,false,,
pay_000087,ord_000088,693973.00,17349.33,3122.88,673500.79,2026-07-14T10:00:00+05:30,emi,INR,setl_000089,false,,
pay_007762,ord_007763,99309.00,1886.87,339.64,97082.49,2026-07-01T21:29:00+05:30,netbanking,INR,setl_007766,false,,
pay_006069,ord_006070,3091.00,27.82,5.01,3058.17,2026-07-23T16:39:00+05:30,debit_card,INR,setl_006073,false,,
pay_004450,ord_004451,84037.00,0.00,0.00,84037.00,2026-07-23T19:19:00+05:30,upi,INR,setl_004455,false,,
pay_002362,ord_002363,196.00,0.00,0.00,196.00,2026-07-22T14:29:00+05:30,upi,INR,setl_002364,false,,
pay_002410,ord_002411,4753.00,95.06,17.11,4640.83,2026-07-07T12:02:00+05:30,credit_card,INR,setl_002412,false,,
pay_006386,ord_006387,3327.00,0.00,0.00,3327.00,2026-07-23T23:45:00Z,upi,INR,setl_006388,false,,
pay_007591,ord_007592,752.00,14.29,2.57,735.14,2026-07-17T18:57:00+05:30,netbanking,INR,setl_007593,false,,
pay_000130,ord_000131,150.00,3.00,0.54,146.46,2026-07-12T14:22:00+05:30,credit_card,INR,setl_000132,false,,
pay_000099,ord_000100,4949.00,98.98,17.82,4832.20,2026-07-30T07:44:00+05:30,credit_card,INR,setl_000101,false,,
pay_004407,ord_004408,921.00,18.42,3.32,899.26,2026-07-07T10:46:00+05:30,wallet,INR,setl_004409,false,,
pay_002121,ord_002122,3999.00,79.98,14.40,3904.62,2026-07-24T15:09:00+05:30,credit_card,INR,setl_002123,false,,
pay_005341,ord_005342,382.00,7.64,1.38,372.98,2026-07-09T20:25:00+05:30,wallet,INR,setl_005345,false,,
pay_001968,ord_001969,22503.81,0.00,0.00,22503.81,2026-07-19T10:52:00+05:30,upi,INR,setl_001970,false,,
pay_002322,ord_002323,9988.00,89.89,16.18,9881.93,2026-11-05T17:30:00+05:30,debit_card,INR,setl_002324,false,,
pay_002022,ord_002023,203.00,0.00,0.00,203.00,2026-07-02T15:51:00+05:30,upi,INR,setl_002028,false,,
pay_005866,ord_005867,47544.00,903.34,162.60,46478.06,2026-07-30T21:08:00+05:30,netbanking,INR,setl_005868,false,,
pay_004086,ord_004087,5674.00,113.48,20.43,5540.09,2026-07-27T22:39:00+05:30,wallet,INR,setl_004088,false,,
pay_004275,ord_004276,9213.00,0.00,0.00,9213.00,2026-07-15T17:31:00+05:30,upi,INR,setl_004277,false,,
pay_003591,ord_003592,934391.00,23359.78,4204.76,906826.46,2026-07-31T18:58:00+05:30,amex,INR,setl_003593,false,,
pay_005884,ord_005885,2025.00,40.50,7.29,1977.21,2026-07-02T07:54:00+05:30,credit_card,INR,setl_005886,false,,
pay_002874,ord_002875,130.00,0.00,0.00,130.00,2026-07-02T13:02:00+05:30,upi,INR,setl_002878,false,,
pay_001197,ord_001198,32120.00,0.00,0.00,32120.00,2026-07-03T19:03:00+05:30,upi,INR,setl_001201,false,,
pay_002288,ord_002289,9173.00,229.33,41.28,8902.39,2026-07-16T12:49:00+05:30,amex,INR,setl_002290,false,,
pay_006982,ord_006983,311146.00,6222.92,1120.13,303802.95,2026-07-17T15:57:00+05:30,credit_card,INR,setl_006984,false,,
pay_000567,ord_000568,19997.00,379.94,68.39,19548.67,2026-07-30T12:19:00+05:30,netbanking,INR,setl_000573,false,,
pay_003423,ord_003424,1760.00,7.04,1.27,1751.69,2026-07-29T08:42:00+05:30,debit_card,INR,setl_003425,false,,
pay_006683,ord_006684,290.00,0.00,0.00,290.00,2026-07-08T09:11:00+05:30,upi,INR,setl_006687,false,,
pay_004592,ord_004593,80159.00,0.00,0.00,80159.00,2026-07-21T10:21:00+05:30,upi,INR,setl_004596,false,,
pay_001161,ord_001162,21863.00,196.77,35.42,21630.81,2026-07-05T18:15:00+05:30,debit_card,INR,setl_001163,false,,
pay_004401,ord_004402,204.00,4.08,0.73,199.19,2026-11-05T14:34:00+05:30,credit_card,INR,setl_004403,false,,
pay_003237,ord_003238,33151.00,0.00,0.00,33151.00,2026-07-28T22:46:00+05:30,upi,INR,setl_003239,false,,
pay_000650,ord_000651,38996.00,0.00,0.00,38996.00,2026-07-29T17:46:00+05:30,upi,INR,setl_000652,false,,
pay_002066,ord_002067,82006.00,738.05,132.85,81135.10,2026-07-23T18:38:00+05:30,debit_card,INR,setl_002071,false,,
pay_001446,ord_001447,1490.00,37.25,6.71,1446.04,2026-07-16T17:58:00+05:30,emi,INR,setl_001451,false,,
pay_006035,ord_006036,7323.00,0.00,0.00,7323.00,2026-07-24T11:27:00+05:30,upi,INR,setl_006037,false,,
pay_005086,ord_005087,7864.00,149.42,26.90,7687.68,2026-07-23T08:30:00+05:30,netbanking,INR,setl_005091,false,,
pay_002719,ord_002720,1897.00,0.00,0.00,1897.00,2026-07-25T18:00:00+05:30,upi,INR,setl_002721,false,,
pay_000987,ord_000988,681.00,0.00,0.00,681.00,2026-07-20T11:02:00+05:30,upi,INR,setl_000993,false,,
pay_002578,ord_002579,780.00,3.12,0.56,776.32,2026-07-17T13:19:00+05:30,debit_card,INR,setl_002582,false,,
pay_000409,ord_000410,1287.00,32.18,5.79,1249.03,2026-07-17T13:47:00+05:30,emi,INR,setl_000411,false,,
pay_001306,ord_001307,67610.00,0.00,0.00,67610.00,2026-07-11T17:57:00+05:30,rupay_debit,INR,setl_001310,false,,
pay_006353,ord_006354,313.00,6.26,1.13,305.61,2026-07-06T17:54:00+05:30,credit_card,INR,setl_006355,false,,
pay_000603,ord_000604,20366.00,183.29,32.99,20149.72,2026-07-02T13:50:00+05:30,debit_card,INR,setl_000608,false,,
pay_006665,ord_006666,923.00,0.00,0.00,923.00,2026-07-14T15:53:00+05:30,upi,INR,setl_006667,false,,
pay_000989,ord_000990,9671.00,193.42,34.82,9442.76,2026-07-20T07:54:00+05:30,credit_card,INR,setl_000993,false,,
pay_002162,ord_002163,3770.00,33.93,6.11,3729.96,2026-07-17T20:38:00+05:30,debit_card,INR,setl_002164,false,,
pay_002408,ord_002409,4971.00,0.00,0.00,4971.00,2026-07-07T09:59:00+05:30,upi,INR,setl_002412,false,,
pay_003484,ord_003485,926.00,17.59,3.17,905.24,2026-07-03T19:08:00+05:30,netbanking,INR,setl_003486,false,,
pay_000162,ord_000163,74503.00,1490.06,268.21,72744.73,2026-07-22T11:11:00+05:30,credit_card,INR,setl_000165,false,,
pay_000897,ord_000898,31839.00,636.78,114.62,31087.60,2026-07-03T22:51:00+05:30,credit_card,INR,setl_000899,false,,
pay_005702,ord_005703,1731.00,51.93,9.35,1669.72,2026-07-01T20:09:00+05:30,international,INR,setl_005704,true,USD,86.1574
pay_002132,ord_002133,3144.00,62.88,11.32,3069.80,2026-07-24T13:49:00+05:30,credit_card,INR,setl_002134,false,,
pay_000507,ord_000508,945730.00,18914.60,3404.63,923410.77,2026-07-30T19:34:00+05:30,wallet,INR,setl_000511,false,,
pay_003727,ord_003728,7828.00,156.56,28.18,7643.26,2026-07-03T22:08:00+05:30,wallet,INR,setl_003729,false,,
pay_005918,ord_005919,5360.00,107.20,19.30,5233.50,2026-07-07T14:32:00+05:30,credit_card,INR,setl_005920,false,,
pay_001448,ord_001449,6445.00,128.90,23.20,6292.90,2026-07-16T13:37:00+05:30,credit_card,INR,setl_001451,false,,
pay_000269,ord_000270,6101.00,0.00,0.00,6101.00,2026-07-07T09:48:00+05:30,rupay_debit,INR,setl_000271,false,,
pay_005286,ord_005287,3823.00,0.00,0.00,3823.00,2026-07-29T08:08:00+05:30,upi,INR,setl_005288,false,,
pay_000183,ord_000184,74771.00,1495.42,269.18,73006.40,2026-07-03T17:48:00+05:30,credit_card,INR,setl_000185,false,,
pay_002127,ord_002128,8813.00,0.00,0.00,8813.00,2026-07-24T15:52:00+05:30,upi,INR,setl_002129,false,,
pay_005040,ord_005041,71031.00,0.00,0.00,71031.00,2026-07-13T17:42:00+05:30,upi,INR,setl_005042,false,,
pay_005405,ord_005406,8215.00,73.94,13.31,8127.75,2026-07-01T11:23:00+05:30,debit_card,INR,setl_005407,false,,
pay_000035,ord_000036,57547.00,1438.68,258.96,55849.36,2026-07-27T08:34:00+05:30,emi,INR,setl_000037,false,,
pay_000397,ord_000398,497.00,0.00,0.00,497.00,2026-07-14T12:50:00+05:30,upi,INR,setl_000399,false,,
pay_001422,ord_001423,7912.00,158.24,28.48,7725.28,2026-07-24T20:32:00+05:30,credit_card,INR,setl_001424,false,,
pay_001677,ord_001678,138085.09,2761.70,497.11,134826.28,2026-07-01T08:18:00+05:30,credit_card,INR,setl_001679,false,,
pay_003918,ord_003919,2180.00,0.00,0.00,2180.00,2026-07-20T08:21:00+05:30,upi,INR,setl_003920,false,,
pay_000721,ord_000722,278.00,5.56,1.00,271.44,2026-07-08T16:23:00+05:30,wallet,INR,setl_000723,false,,
pay_007116,ord_007117,425.00,0.00,0.00,425.00,2026-07-24T17:15:00+05:30,upi,INR,setl_007118,false,,
pay_003777,ord_003778,837371.00,16747.42,3014.54,817609.04,2026-07-06T09:23:00+05:30,wallet,INR,setl_003779,false,,
pay_003346,ord_003347,500.00,9.50,1.71,488.79,2026-07-01T12:31:00+05:30,netbanking,INR,setl_003349,false,,
pay_002574,ord_002575,447.00,1.79,0.32,444.89,2026-07-17T20:33:00+05:30,debit_card,INR,setl_002576,false,,
pay_005190,ord_005191,670.00,13.40,2.41,654.19,2026-07-06T22:28:00+05:30,wallet,INR,setl_005192,false,,
pay_005858,ord_005859,1755.00,35.10,6.32,1713.58,2026-07-27T23:45:00Z,wallet,INR,setl_005860,false,,
pay_002956,ord_002957,145.00,2.76,0.50,141.74,2026-07-27T10:50:00+05:30,netbanking,INR,setl_002959,false,,
pay_005476,ord_005477,647.00,12.29,2.21,632.50,2026-07-10T11:21:00+05:30,netbanking,INR,setl_005480,false,,
pay_002605,ord_002606,688.00,13.76,2.48,671.76,2026-07-08T19:20:00+05:30,wallet,INR,setl_002607,false,,
pay_000255,ord_000256,266.00,5.05,0.91,260.04,2026-07-09T21:31:00+05:30,netbanking,INR,setl_000259,false,,
pay_003530,ord_003531,9153.00,0.00,0.00,9153.00,2026-07-30T13:28:00+05:30,upi,INR,setl_003532,false,,
pay_005626,ord_005627,233256.00,0.00,0.00,233256.00,2026-07-03T13:37:00+05:30,upi,INR,setl_005628,false,,
pay_007260,ord_007261,118682.09,2373.64,427.26,115881.19,2026-07-09T16:25:00+05:30,wallet,INR,setl_007264,false,,
pay_002378,ord_002379,140415.01,1263.74,227.47,138923.80,2026-07-09T11:33:00+05:30,debit_card,INR,setl_002380,false,,
pay_001931,ord_001932,240146.00,4802.92,864.53,234478.55,2026-07-01T14:24:00+05:30,wallet,INR,setl_001934,false,,
pay_004863,ord_004864,1830.00,34.77,6.26,1788.97,2026-07-13T18:54:00+05:30,netbanking,INR,setl_004865,false,,
pay_005459,ord_005460,974.00,0.00,0.00,974.00,2026-07-29T15:06:00+05:30,upi,INR,setl_005461,false,,
pay_006063,ord_006064,729.00,18.23,3.28,707.49,2026-07-22T21:11:00+05:30,emi,INR,setl_006065,false,,
pay_001402,ord_001403,798.00,0.00,0.00,798.00,2026-07-10T12:25:00+05:30,upi,INR,setl_001404,false,,
pay_005465,ord_005466,9713.00,0.00,0.00,9713.00,2026-07-06T14:54:00+05:30,rupay_debit,INR,setl_005469,false,,
pay_005343,ord_005344,624892.00,5624.03,1012.33,618255.64,2026-07-09T20:01:00+05:30,debit_card,INR,setl_005345,false,,
pay_000773,ord_000774,159260.24,3185.20,573.34,155501.70,2026-07-15T09:48:00+05:30,credit_card,INR,setl_000775,false,,
pay_004967,ord_004968,52724.00,474.52,85.41,52164.07,2026-07-29T17:33:00+05:30,debit_card,INR,setl_004969,false,,
pay_007444,ord_007445,692.00,0.00,0.00,692.00,2026-07-14T09:24:00+05:30,upi,INR,setl_007446,false,,
pay_006338,ord_006339,58156.00,0.00,0.00,58156.00,2026-07-30T20:34:00+05:30,upi,INR,setl_006340,false,,
pay_002250,ord_002251,9937.00,0.00,0.00,9937.00,2026-07-02T13:22:00+05:30,upi,INR,setl_002252,false,,
pay_006750,ord_006751,26299.00,0.00,0.00,26299.00,2026-07-23T15:53:00+05:30,rupay_debit,INR,setl_006754,false,,
pay_005088,ord_005089,3474.00,0.00,0.00,3474.00,2026-07-23T13:24:00+05:30,upi,INR,setl_005091,false,,
pay_007200,ord_007201,875.00,17.50,3.15,854.35,2026-07-07T11:21:00+05:30,credit_card,INR,setl_007204,false,,
pay_000895,ord_000896,684.00,0.00,0.00,684.00,2026-07-03T13:08:00+05:30,upi,INR,setl_000899,false,,
pay_004052,ord_004053,549.00,10.98,1.98,536.04,2026-07-07T08:29:00+05:30,credit_card,INR,setl_004054,false,,
pay_003946,ord_003947,80602.00,1612.04,290.17,78699.79,2026-07-19T14:17:00+05:30,credit_card,INR,setl_003950,false,,
pay_001978,ord_001979,51375.00,976.13,175.70,50223.17,2026-07-02T08:13:00+05:30,netbanking,INR,setl_001980,false,,
pay_000509,ord_000510,3068.00,0.00,0.00,3068.00,2026-07-30T14:38:00+05:30,upi,INR,setl_000511,false,,
pay_003640,ord_003641,189885.64,0.00,0.00,189885.64,2026-07-30T15:20:00+05:30,upi,INR,setl_003644,false,,
pay_000388,ord_000389,883.00,16.78,3.02,863.20,2026-07-17T07:20:00+05:30,netbanking,INR,setl_000392,false,,
pay_007091,ord_007092,1285.00,0.00,0.00,1285.00,2026-07-24T17:50:00+05:30,upi,INR,setl_007096,false,,
pay_000605,ord_000606,7229.00,0.00,0.00,7229.00,2026-07-02T22:32:00+05:30,upi,INR,setl_000608,false,,
pay_005181,ord_005182,1606.00,6.42,1.16,1598.42,2026-07-27T09:47:00+05:30,debit_card,INR,setl_005185,false,,
pay_000204,ord_000205,12785.00,0.00,0.00,12785.00,2026-07-04T12:59:00+05:30,upi,INR,setl_000208,false,,
pay_000439,ord_000440,108.00,2.16,0.39,105.45,2026-07-04T10:59:00+05:30,credit_card,INR,setl_000441,false,,
pay_001642,ord_001643,112.00,2.13,0.38,109.49,2026-07-06T17:57:00+05:30,netbanking,INR,setl_001646,false,,
pay_001068,ord_001069,387.00,7.74,1.39,377.87,2026-07-10T09:26:00+05:30,credit_card,INR,setl_001070,false,,
pay_001351,ord_001352,802234.00,15242.45,2743.64,784247.91,2026-07-24T12:18:00+05:30,netbanking,INR,setl_001354,false,,
pay_000549,ord_000550,743.00,0.00,0.00,743.00,2026-07-10T22:34:00+05:30,upi,INR,setl_000553,false,,
pay_005315,ord_005316,554.00,11.08,1.99,540.93,2026-07-27T12:24:00+05:30,credit_card,INR,setl_005321,false,,
pay_007642,ord_007643,78556.00,1963.90,353.50,76238.60,2026-07-01T22:00:00+05:30,amex,INR,setl_007644,false,,
pay_001853,ord_001854,84124.00,0.00,0.00,84124.00,2026-07-31T23:45:00Z,upi,INR,setl_001855,false,,
pay_007193,ord_007194,372.00,1.49,0.27,370.24,2026-07-31T14:08:00+05:30,debit_card,INR,setl_007195,false,,
pay_006227,ord_006228,887.00,16.85,3.03,867.12,2026-07-31T11:30:00+05:30,netbanking,INR,setl_006229,false,,
pay_000495,ord_000496,744.00,0.00,0.00,744.00,2026-07-17T17:18:00+05:30,upi,INR,setl_000497,false,,
pay_006150,ord_006151,41736.00,375.62,67.61,41292.77,2026-07-24T21:50:00+05:30,debit_card,INR,setl_006154,false,,
pay_006504,ord_006505,791.00,15.82,2.85,772.33,2026-07-25T09:59:00+05:30,wallet,INR,setl_006508,false,,
pay_003609,ord_003610,81360.73,0.00,0.00,81360.73,2026-07-01T07:53:00+05:30,upi,INR,setl_003611,false,,
pay_007536,ord_007537,756.00,0.00,0.00,756.00,2026-07-02T11:30:00+05:30,upi,INR,setl_007538,false,,
pay_002919,ord_002920,849789.00,16145.99,2906.28,830736.73,2026-07-30T16:28:00+05:30,netbanking,INR,setl_002925,false,,
pay_003119,ord_003120,6775.00,0.00,0.00,6775.00,2026-07-23T10:51:00+05:30,upi,INR,setl_003121,false,,
pay_002310,ord_002311,537.00,2.15,0.39,534.46,2026-07-10T09:20:00+05:30,debit_card,INR,setl_002312,false,,
pay_005308,ord_005309,2097.00,0.00,0.00,2097.00,2026-07-07T17:55:00+05:30,upi,INR,setl_005310,false,,
pay_006655,ord_006656,188146.89,1693.32,304.80,186148.77,2026-07-02T10:46:00+05:30,debit_card,INR,setl_006657,false,,
pay_000303,ord_000304,7925.00,198.13,35.66,7691.21,2026-07-08T16:31:00+05:30,emi,INR,setl_000307,false,,
pay_002435,ord_002436,342.00,6.84,1.23,333.93,2026-07-24T09:15:00+05:30,credit_card,INR,setl_002437,false,,
pay_006126,ord_006127,5782.00,0.00,0.00,5782.00,2026-07-30T16:07:00+05:30,rupay_debit,INR,setl_006130,false,,
pay_006213,ord_006214,5182.00,0.00,0.00,5182.00,2026-07-07T07:49:00+05:30,rupay_debit,INR,setl_006219,false,,
pay_007684,ord_007685,175823.21,3516.46,632.96,171673.79,2026-07-07T14:11:00+05:30,wallet,INR,setl_007688,false,,
pay_003631,ord_003632,755.00,15.10,2.72,737.18,2026-07-24T17:36:00+05:30,credit_card,INR,setl_003635,false,,
pay_004022,ord_004023,1309.00,24.87,4.48,1279.65,2026-07-28T07:15:00+05:30,netbanking,INR,setl_004024,false,,
pay_003095,ord_003096,84716.00,0.00,0.00,84716.00,2026-07-23T14:53:00+05:30,upi,INR,setl_003098,false,,
pay_006825,ord_006826,4662.00,0.00,0.00,4662.00,2026-07-22T15:56:00+05:30,upi,INR,setl_006829,false,,
pay_002952,ord_002953,243540.00,6088.50,1095.93,236355.57,2026-07-27T12:16:00+05:30,amex,INR,setl_002959,false,,
pay_000815,ord_000816,2749.00,52.23,9.40,2687.37,2026-07-10T18:15:00+05:30,netbanking,INR,setl_000817,false,,
pay_004043,ord_004044,27893.00,557.86,100.41,27234.73,2026-07-11T19:11:00+05:30,credit_card,INR,setl_004046,false,,
pay_004758,ord_004759,976.00,19.52,3.51,952.97,2026-07-30T11:40:00+05:30,credit_card,INR,setl_004762,false,,
pay_005272,ord_005273,9887.00,0.00,0.00,9887.00,2026-07-29T19:34:00+05:30,upi,INR,setl_005274,false,,
pay_001245,ord_001246,673.00,12.79,2.30,657.91,2026-07-24T16:01:00+05:30,netbanking,INR,setl_001252,false,,
pay_006452,ord_006453,6644.00,126.24,22.72,6495.04,2026-07-24T11:12:00+05:30,netbanking,INR,setl_006456,false,,
pay_007218,ord_007219,9625.00,0.00,0.00,9625.00,2026-07-07T18:43:00+05:30,upi,INR,setl_007220,false,,
pay_006635,ord_006636,1709.00,34.18,6.15,1668.67,2026-07-21T17:39:00+05:30,credit_card,INR,setl_006637,false,,
pay_007228,ord_007229,4151.00,83.02,14.94,4053.04,2026-07-20T09:11:00+05:30,credit_card,INR,setl_007231,false,,
pay_000999,ord_001000,796233.00,0.00,0.00,796233.00,2026-07-26T21:45:00+05:30,upi,INR,setl_001003,false,,
pay_001408,ord_001409,426383.00,0.00,0.00,426383.00,2026-07-01T22:42:00+05:30,upi,INR,setl_001414,false,,
pay_000755,ord_000756,26331.00,0.00,0.00,26331.00,2026-07-01T07:56:00+05:30,upi,INR,setl_000759,false,,
pay_005429,ord_005430,984.00,19.68,3.54,960.78,2026-07-29T12:13:00+05:30,credit_card,INR,setl_005433,false,,
pay_005075,ord_005076,6415.00,0.00,0.00,6415.00,2026-07-01T16:14:00+05:30,upi,INR,setl_005078,false,,
pay_004478,ord_004479,626.00,0.00,0.00,626.00,2026-07-10T08:22:00+05:30,upi,INR,setl_004480,false,,
pay_001828,ord_001829,6635.00,0.00,0.00,6635.00,2026-07-10T16:00:00+05:30,upi,INR,setl_001830,false,,
pay_002263,ord_002264,881.00,17.62,3.17,860.21,2026-07-07T14:54:00+05:30,credit_card,INR,setl_002265,false,,
pay_000537,ord_000538,356.00,6.76,1.22,348.02,2026-07-31T16:49:00+05:30,netbanking,INR,setl_000539,false,,
pay_002656,ord_002657,61085.00,0.00,0.00,61085.00,2026-07-06T13:04:00+05:30,upi,INR,setl_002658,false,,
pay_003413,ord_003414,22251.38,0.00,0.00,22251.38,2026-07-15T14:20:00+05:30,upi,INR,setl_003415,false,,
pay_005299,ord_005300,4712.00,94.24,16.96,4600.80,2026-07-17T13:18:00+05:30,credit_card,INR,setl_005301,false,,
pay_005013,ord_005014,52489.00,997.29,179.51,51312.20,2026-07-15T07:12:00+05:30,netbanking,INR,setl_005015,false,,
pay_006586,ord_006587,3607.00,68.53,12.34,3526.13,2026-07-02T22:43:00+05:30,netbanking,INR,setl_006588,false,,
pay_007270,ord_007271,629.00,0.00,0.00,629.00,2026-07-07T18:42:00+05:30,upi,INR,setl_007272,false,,
pay_006136,ord_006137,9759.00,185.42,33.38,9540.20,2026-07-29T08:11:00+05:30,netbanking,INR,setl_006138,false,,
pay_006057,ord_006058,191084.60,4490.48,687.90,185906.22,2026-07-31T12:29:00+05:30,wallet,INR,setl_006059,false,,
pay_000665,ord_000666,5858.00,0.00,0.00,5858.00,2026-07-29T13:14:00+05:30,upi,INR,setl_000667,false,,
pay_001239,ord_001240,7905.00,0.00,0.00,7905.00,2026-07-10T10:59:00+05:30,upi,INR,setl_001241,false,,
pay_004823,ord_004824,4747.00,0.00,0.00,4747.00,2026-07-02T20:58:00+05:30,upi,INR,setl_004825,false,,
pay_001113,ord_001114,887945.00,7991.51,1438.47,878515.02,2026-07-06T17:08:00+05:30,debit_card,INR,setl_001120,false,,
pay_000797,ord_000798,197159.00,3943.18,709.77,192506.05,2026-07-10T15:37:00+05:30,credit_card,INR,setl_000801,false,,
pay_003543,ord_003544,34655.00,693.10,124.76,33837.14,2026-11-05T11:29:00+05:30,credit_card,INR,setl_003545,false,,
pay_004281,ord_004282,57475.91,0.00,0.00,57475.91,2026-07-10T21:23:00+05:30,upi,INR,setl_004283,false,,
pay_006742,ord_006743,853.00,0.00,0.00,853.00,2026-07-02T08:17:00+05:30,upi,INR,setl_006744,false,,
pay_007262,ord_007263,146935.34,0.00,0.00,146935.34,2026-07-09T12:18:00+05:30,upi,INR,setl_007264,false,,
pay_004168,ord_004169,93485.00,0.00,0.00,93485.00,2026-07-24T19:17:00+05:30,upi,INR,setl_004174,false,,
pay_007660,ord_007661,2872.00,57.44,10.34,2804.22,2026-07-28T19:21:00+05:30,wallet,INR,setl_007662,false,,
pay_002913,ord_002914,4684.00,0.00,0.00,4684.00,2026-07-02T22:53:00+05:30,upi,INR,setl_002915,false,,
pay_007042,ord_007043,123143.51,2930.81,443.32,119769.38,2026-07-21T21:01:00+05:30,wallet,INR,setl_007044,false,,
pay_003214,ord_003215,5254.00,99.83,17.97,5136.20,2026-07-09T12:00:00+05:30,netbanking,INR,setl_003216,false,,
pay_001329,ord_001330,4893.00,0.00,0.00,4893.00,2026-07-23T11:39:00+05:30,upi,INR,setl_001332,false,,
pay_003202,ord_003203,1028.00,25.70,4.63,997.67,2026-07-24T15:42:00+05:30,amex,INR,setl_003204,false,,
pay_002945,ord_002946,69733.00,0.00,0.00,69733.00,2026-07-10T21:15:00+05:30,upi,INR,setl_002947,false,,
pay_003978,ord_003979,303.00,0.00,0.00,303.00,2026-07-03T16:53:00+05:30,upi,INR,setl_003980,false,,
pay_000219,ord_000220,4379.00,87.58,15.76,4275.66,2026-07-04T21:36:00+05:30,credit_card,INR,setl_000223,false,,
pay_007579,ord_007580,11486.00,229.72,41.35,11214.93,2026-07-16T13:17:00+05:30,credit_card,INR,setl_007581,false,,
pay_000771,ord_000772,95494.11,859.45,154.70,94479.96,2026-07-15T19:07:00+05:30,debit_card,INR,setl_000775,false,,
pay_007672,ord_007673,887.00,3.55,0.64,882.81,2026-07-01T21:12:00+05:30,debit_card,INR,setl_007674,false,,
pay_000407,ord_000408,607820.00,0.00,0.00,607820.00,2026-07-17T13:44:00+05:30,upi,INR,setl_000411,false,,
pay_007772,ord_007773,16349.00,0.00,0.00,16349.00,2026-07-28T10:56:00+05:30,upi,INR,setl_007774,false,,
pay_001501,ord_001502,61172.42,0.00,0.00,61172.42,2026-07-30T17:16:00+05:30,upi,INR,setl_001505,false,,
pay_002689,ord_002690,5424.00,108.48,19.53,5295.99,2026-07-14T10:28:00+05:30,credit_card,INR,setl_002691,false,,
pay_006183,ord_006184,884.00,0.00,0.00,884.00,2026-07-16T19:43:00+05:30,upi,INR,setl_006185,false,,
pay_007425,ord_007426,5614.00,50.53,9.10,5554.37,2026-07-24T16:46:00+05:30,debit_card,INR,setl_007429,false,,
pay_007621,ord_007622,79046.00,711.41,128.05,78206.54,2026-07-07T10:01:00+05:30,debit_card,INR,setl_007623,false,,
pay_006370,ord_006371,9372.00,0.00,0.00,9372.00,2026-07-22T17:37:00+05:30,upi,INR,setl_006372,false,,
pay_001438,ord_001439,1621.00,0.00,0.00,1621.00,2026-07-21T18:51:00+05:30,upi,INR,setl_001440,false,,
pay_004903,ord_004904,14226.00,284.52,51.21,13890.27,2026-07-14T14:48:00+05:30,wallet,INR,setl_004905,false,,
pay_004317,ord_004318,3095.00,61.90,11.14,3021.96,2026-07-30T08:10:00+05:30,wallet,INR,setl_004323,false,,
pay_001137,ord_001138,541.00,10.82,1.95,528.23,2026-07-20T18:42:00+05:30,credit_card,INR,setl_001139,false,,
pay_004441,ord_004442,56048.00,0.00,0.00,56048.00,2026-07-17T08:43:00+05:30,upi,INR,setl_004443,false,,
pay_004448,ord_004449,373185.00,3358.67,604.56,369221.77,2026-07-23T09:07:00+05:30,debit_card,INR,setl_004455,false,,
pay_005836,ord_005837,24681.00,0.00,0.00,24681.00,2026-07-29T20:04:00+05:30,upi,INR,setl_005838,false,,
pay_006780,ord_006781,9003.00,0.00,0.00,9003.00,2026-07-13T08:20:00+05:30,upi,INR,setl_006784,false,,
pay_005873,ord_005874,709.00,13.47,2.42,693.11,2026-07-28T19:32:00+05:30,netbanking,INR,setl_005877,false,,
pay_000740,ord_000741,314.00,6.28,1.13,306.59,2026-07-27T21:18:00+05:30,wallet,INR,setl_000747,false,,
pay_002237,ord_002238,9353.00,177.71,31.99,9143.30,2026-07-07T17:00:00+05:30,netbanking,INR,setl_002240,false,,
pay_007082,ord_007083,14903.00,0.00,0.00,14903.00,2026-07-07T08:01:00+05:30,upi,INR,setl_007084,false,,
pay_006029,ord_006030,5036.00,0.00,0.00,5036.00,2026-07-06T11:17:00+05:30,upi,INR,setl_006031,false,,
pay_004983,ord_004984,537.00,2.15,0.39,534.46,2026-07-03T07:45:00+05:30,debit_card,INR,setl_004987,false,,
pay_007610,ord_007611,56829.00,1079.75,194.36,55554.89,2026-07-30T17:32:00+05:30,netbanking,INR,setl_007612,false,,
pay_000247,ord_000248,208321.00,3958.10,712.46,203650.44,2026-07-28T08:38:00+05:30,netbanking,INR,setl_000249,false,,
pay_001948,ord_001949,245336.00,4661.38,839.05,239835.57,2026-07-29T12:24:00+05:30,netbanking,INR,setl_001952,false,,
pay_004467,ord_004468,4126.00,82.52,14.85,4028.63,2026-07-10T09:23:00+05:30,wallet,INR,setl_004471,false,,
pay_006675,ord_006676,76501.00,1453.52,261.63,74785.85,2026-07-10T08:59:00+05:30,netbanking,INR,setl_006677,false,,
pay_005333,ord_005334,59470.00,0.00,0.00,59470.00,2026-07-31T13:29:00+05:30,upi,INR,setl_005335,false,,
pay_001800,ord_001801,1347.00,25.59,4.61,1316.80,2026-07-16T08:07:00+05:30,netbanking,INR,setl_001802,false,,
pay_003990,ord_003991,526868.00,13171.70,2370.91,511325.39,2026-07-20T22:05:00+05:30,amex,INR,setl_003994,false,,
pay_003557,ord_003558,762.00,3.05,0.55,758.40,2026-07-23T11:52:00+05:30,debit_card,INR,setl_003561,false,,
pay_007808,ord_007809,83956.00,0.00,0.00,83956.00,2026-07-24T16:02:00+05:30,upi,INR,setl_007810,false,,
pay_003576,ord_003577,1365.00,0.00,0.00,1365.00,2026-07-21T22:35:00+05:30,upi,INR,setl_003580,false,,
pay_001249,ord_001250,443468.00,8869.36,1596.48,433002.16,2026-07-24T12:31:00+05:30,credit_card,INR,setl_001252,false,,
pay_002246,ord_002247,4366.00,39.29,7.07,4319.64,2026-07-02T11:56:00+05:30,debit_card,INR,setl_002252,false,,
pay_000428,ord_000429,5324.00,47.92,8.63,5267.45,2026-07-24T22:03:00+05:30,debit_card,INR,setl_000434,false,,
pay_004198,ord_004199,850.00,3.40,0.61,845.99,2026-07-30T10:31:00+05:30,debit_card,INR,setl_004200,false,,
pay_006802,ord_006803,510.00,10.20,1.84,497.96,2026-07-30T15:30:00+05:30,credit_card,INR,setl_006806,false,,
pay_000734,ord_000735,62943.00,566.49,101.97,62274.54,2026-07-08T08:54:00+05:30,debit_card,INR,setl_000736,false,,
pay_004204,ord_004205,39125.00,743.38,133.81,38247.81,2026-07-14T17:41:00+05:30,netbanking,INR,setl_004208,false,,
pay_003597,ord_003598,36375.00,0.00,0.00,36375.00,2026-07-07T10:52:00+05:30,upi,INR,setl_003603,false,,
pay_004520,ord_004521,8310.00,0.00,0.00,8310.00,2026-07-24T17:56:00+05:30,upi,INR,setl_004524,false,,
pay_002360,ord_002361,7871.00,157.42,28.34,7685.24,2026-07-22T21:03:00+05:30,wallet,INR,setl_002364,false,,
pay_003046,ord_003047,1913.00,38.26,6.89,1867.85,2026-07-24T13:45:00+05:30,credit_card,INR,setl_003048,false,,
pay_007565,ord_007566,99005.00,0.00,0.00,99005.00,2026-07-13T18:29:00+05:30,upi,INR,setl_007567,false,,
pay_001390,ord_001391,86727.00,2168.18,390.27,84168.55,2026-07-13T14:58:00+05:30,amex,INR,setl_001396,false,,
pay_003695,ord_003696,304.00,0.00,0.00,304.00,2026-07-23T07:12:00+05:30,upi,INR,setl_003697,false,,
pay_000644,ord_000645,113.00,2.26,0.41,110.33,2026-07-17T15:31:00+05:30,wallet,INR,setl_000646,false,,
pay_007202,ord_007203,51565.00,979.74,176.35,50408.91,2026-07-07T18:35:00+05:30,netbanking,INR,setl_007204,false,,
pay_007861,ord_007862,8824.00,220.60,39.71,8563.69,2026-07-24T15:12:00+05:30,emi,INR,setl_007863,false,,
pay_004768,ord_004769,83589.00,0.00,0.00,83589.00,2026-07-06T09:06:00+05:30,upi,INR,setl_004775,false,,
pay_005651,ord_005652,384576.00,0.00,0.00,384576.00,2026-07-24T17:58:00+05:30,upi,INR,setl_005653,false,,
pay_005882,ord_005883,148997.00,1340.97,241.37,147414.66,2026-07-02T16:00:00+05:30,debit_card,INR,setl_005886,false,,
pay_000501,ord_000502,898.00,17.96,3.23,876.81,2026-07-14T08:44:00+05:30,wallet,INR,setl_000503,false,,
pay_003304,ord_003305,6225.00,0.00,0.00,6225.00,2026-07-27T20:30:00+05:30,upi,INR,setl_003311,false,,
pay_007167,ord_007168,315.00,0.00,0.00,315.00,2026-07-06T13:37:00+05:30,upi,INR,setl_007173,false,,
pay_005840,ord_005841,905.00,18.10,3.26,883.64,2026-07-29T20:52:00+05:30,credit_card,INR,setl_005844,false,,
pay_006308,ord_006309,9599.00,191.98,34.56,9372.46,2026-07-09T14:12:00+05:30,credit_card,INR,setl_006310,false,,
pay_001865,ord_001866,117881.31,2357.63,424.37,115099.31,2026-07-13T14:43:00+05:30,credit_card,INR,setl_001869,false,,
pay_000528,ord_000529,140837.00,2816.74,507.01,137513.25,2026-07-01T15:11:00+05:30,credit_card,INR,setl_000532,false,,
pay_001258,ord_001259,55379.00,1107.58,199.36,54072.06,2026-07-13T14:18:00+05:30,credit_card,INR,setl_001260,false,,
pay_002077,ord_002078,30210.00,0.00,0.00,30210.00,2026-07-08T14:33:00+05:30,upi,INR,setl_002079,false,,
pay_004781,ord_004782,330.00,0.00,0.00,330.00,2026-07-24T09:10:00+05:30,upi,INR,setl_004783,false,,
pay_000221,ord_000222,2656.00,23.90,4.30,2627.80,2026-07-04T22:27:00+05:30,debit_card,INR,setl_000223,false,,
pay_005060,ord_005061,354430.00,7088.60,1275.95,346065.45,2026-07-20T10:28:00+05:30,wallet,INR,setl_005065,false,,
pay_007492,ord_007493,4087.00,81.74,14.71,3990.55,2026-07-14T17:10:00+05:30,credit_card,INR,setl_007494,false,,
pay_007093,ord_007094,9798.00,0.00,0.00,9798.00,2026-07-24T09:16:00+05:30,upi,INR,setl_007096,false,,
pay_001410,ord_001411,3227.00,61.31,11.04,3154.65,2026-07-01T07:14:00+05:30,netbanking,INR,setl_001414,false,,
pay_006429,ord_006430,893854.00,0.00,0.00,893854.00,2026-07-23T07:33:00+05:30,upi,INR,setl_006432,false,,
pay_001689,ord_001690,62854.99,0.00,0.00,62854.99,2026-07-14T14:54:00+05:30,upi,INR,setl_001691,false,,
pay_006304,ord_006305,746.00,14.92,2.69,728.39,2026-07-09T17:49:00+05:30,credit_card,INR,setl_006310,false,,
pay_002261,ord_002262,635086.00,0.00,0.00,635086.00,2026-07-07T10:19:00+05:30,rupay_debit,INR,setl_002265,false,,
pay_005396,ord_005397,99200.00,0.00,0.00,99200.00,2026-07-20T20:36:00+05:30,upi,INR,setl_005400,false,,
pay_007396,ord_007397,972.00,19.44,3.50,949.06,2026-07-31T08:08:00+05:30,credit_card,INR,setl_007400,false,,
pay_007375,ord_007376,459.00,8.72,1.57,448.71,2026-07-02T10:32:00+05:30,netbanking,INR,setl_007377,false,,
pay_006403,ord_006404,9325.00,83.93,15.11,9225.96,2026-07-29T13:43:00+05:30,debit_card,INR,setl_006405,false,,
pay_001199,ord_001200,586.00,11.13,2.00,572.87,2026-07-03T09:54:00+05:30,netbanking,INR,setl_001201,false,,
pay_006841,ord_006842,107.00,2.03,0.37,104.60,2026-07-27T13:33:00+05:30,netbanking,INR,setl_006843,false,,
pay_001480,ord_001481,63854.00,0.00,0.00,63854.00,2026-07-28T13:44:00+05:30,upi,INR,setl_001482,false,,
pay_001053,ord_001054,637.00,0.00,0.00,637.00,2026-07-10T22:21:00+05:30,upi,INR,setl_001057,false,,
pay_003515,ord_003516,576.00,11.52,2.07,562.41,2026-07-22T13:07:00+05:30,credit_card,INR,setl_003517,false,,
pay_003842,ord_003843,6928.00,131.63,23.69,6772.68,2026-07-22T11:51:00+05:30,netbanking,INR,setl_003846,false,,
pay_001064,ord_001065,242.00,0.00,0.00,242.00,2026-07-10T21:14:00+05:30,upi,INR,setl_001066,false,,
pay_007721,ord_007722,2776.00,0.00,0.00,2776.00,2026-07-30T23:45:00Z,upi,INR,setl_007723,false,,
pay_005769,ord_005770,8866.00,0.00,0.00,8866.00,2026-07-05T20:20:00+05:30,upi,INR,setl_005773,false,,
pay_001143,ord_001144,83408.00,0.00,0.00,83408.00,2026-07-20T14:14:00+05:30,upi,INR,setl_001145,false,,
pay_005377,ord_005378,8051.00,161.02,28.98,7861.00,2026-07-20T08:52:00+05:30,credit_card,INR,setl_005383,false,,
pay_004785,ord_004786,69900.00,0.00,0.00,69900.00,2026-07-24T13:18:00+05:30,upi,INR,setl_004787,false,,
pay_002715,ord_002716,162.00,0.00,0.00,162.00,2026-07-25T09:17:00+05:30,upi,INR,setl_002717,false,,
pay_006280,ord_006281,488.00,9.27,1.67,477.06,2026-07-01T07:43:00+05:30,netbanking,INR,setl_006282,false,,
pay_007790,ord_007791,9757.00,243.93,43.91,9469.16,2026-07-08T14:11:00+05:30,emi,INR,setl_007796,false,,
pay_005814,ord_005815,498880.00,0.00,0.00,498880.00,2026-07-13T14:42:00+05:30,upi,INR,setl_005818,false,,
pay_006322,ord_006323,2948.00,58.96,10.61,2878.43,2026-07-30T12:25:00+05:30,credit_card,INR,setl_006324,false,,
pay_005759,ord_005760,82137.61,0.00,0.00,82137.61,2026-07-15T09:21:00+05:30,upi,INR,setl_005761,false,,
pay_006958,ord_006959,367.00,7.34,1.32,358.34,2026-07-31T08:53:00+05:30,wallet,INR,setl_006960,false,,
pay_006002,ord_006003,2568.00,48.79,8.78,2510.43,2026-07-13T19:16:00+05:30,netbanking,INR,setl_006004,false,,
pay_006527,ord_006528,943.00,18.86,3.39,920.75,2026-07-20T11:38:00+05:30,credit_card,INR,setl_006529,false,,
pay_001762,ord_001763,1931.00,36.69,6.60,1887.71,2026-07-15T17:33:00+05:30,netbanking,INR,setl_001768,false,,
pay_003969,ord_003970,4089.00,0.00,0.00,4089.00,2026-07-26T15:07:00+05:30,upi,INR,setl_003973,false,,
pay_006106,ord_006107,7733.00,0.00,0.00,7733.00,2026-07-07T09:28:00+05:30,upi,INR,setl_006108,false,,
pay_001867,ord_001868,114912.84,2298.26,413.69,112200.89,2026-07-13T13:07:00+05:30,wallet,INR,setl_001869,false,,
pay_003752,ord_003753,622.00,2.49,0.45,619.06,2026-07-03T17:51:00+05:30,debit_card,INR,setl_003754,false,,
pay_000781,ord_000782,91569.00,0.00,0.00,91569.00,2026-07-14T21:31:00+05:30,upi,INR,setl_000783,false,,
pay_001325,ord_001326,7159.00,0.00,0.00,7159.00,2026-07-23T12:23:00+05:30,upi,INR,setl_001332,false,,
pay_001176,ord_001177,4763.00,0.00,0.00,4763.00,2026-07-04T18:37:00+05:30,upi,INR,setl_001178,false,,
pay_006729,ord_006730,750.00,0.00,0.00,750.00,2026-07-19T14:10:00+05:30,upi,INR,setl_006731,false,,
pay_000145,ord_000146,1724.00,32.76,5.90,1685.34,2026-07-09T22:41:00+05:30,netbanking,INR,setl_000147,false,,
pay_005032,ord_005033,57022.00,1083.42,195.02,55743.56,2026-07-13T07:00:00+05:30,netbanking,INR,setl_005034,false,,
pay_002986,ord_002987,638.00,0.00,0.00,638.00,2026-07-02T15:17:00+05:30,upi,INR,setl_002988,false,,
pay_003896,ord_003897,7159.00,0.00,0.00,7159.00,2026-07-17T08:57:00+05:30,upi,INR,setl_003900,false,,
pay_000793,ord_000794,6652.00,0.00,0.00,6652.00,2026-07-10T09:01:00+05:30,upi,INR,setl_000795,false,,
pay_001730,ord_001731,655.00,12.45,2.24,640.31,2026-07-09T14:24:00+05:30,netbanking,INR,setl_001732,false,,
pay_000230,ord_000231,836.00,0.00,0.00,836.00,2026-07-04T11:53:00+05:30,upi,INR,setl_000232,false,,
pay_006653,ord_006654,76641.78,0.00,0.00,76641.78,2026-07-02T20:45:00+05:30,upi,INR,setl_006657,false,,
pay_006990,ord_006991,5346.00,0.00,0.00,5346.00,2026-07-15T11:07:00+05:30,upi,INR,setl_006992,false,,
pay_003004,ord_003005,3425.00,0.00,0.00,3425.00,2026-07-22T15:21:00+05:30,upi,INR,setl_003006,false,,
pay_001182,ord_001183,5138.00,97.62,17.57,5022.81,2026-07-09T07:07:00+05:30,netbanking,INR,setl_001186,false,,
pay_000043,ord_000044,7939.00,150.84,27.15,7761.01,2026-07-27T11:33:00+05:30,netbanking,INR,setl_000045,false,,
pay_003835,ord_003836,7487.00,0.00,0.00,7487.00,2026-07-17T12:35:00+05:30,upi,INR,setl_003837,false,,
pay_006718,ord_006719,4926.00,0.00,0.00,4926.00,2026-07-19T22:13:00+05:30,upi,INR,setl_006720,false,,
pay_002430,ord_002431,709.00,13.47,2.42,693.11,2026-07-27T09:29:00+05:30,netbanking,INR,setl_002432,false,,
pay_002451,ord_002452,4045.00,80.90,14.56,3949.54,2026-07-06T08:32:00+05:30,credit_card,INR,setl_002453,false,,
pay_005598,ord_005599,1992.00,7.97,1.43,1982.60,2026-07-03T19:24:00+05:30,debit_card,INR,setl_005600,false,,
pay_003367,ord_003368,47287.00,0.00,0.00,47287.00,2026-07-15T19:04:00+05:30,rupay_debit,INR,setl_003371,false,,
pay_005445,ord_005446,258438.46,0.00,0.00,258438.46,2026-07-24T11:52:00+05:30,upi,INR,setl_005447,false,,
pay_005671,ord_005672,3955.00,35.60,6.41,3912.99,2026-07-13T21:21:00+05:30,debit_card,INR,setl_005673,false,,
pay_005366,ord_005367,384973.00,0.00,0.00,384973.00,2026-07-25T13:51:00+05:30,upi,INR,setl_005370,false,,
pay_006462,ord_006463,47206.46,0.00,0.00,47206.46,2026-07-25T10:53:00+05:30,upi,INR,setl_006464,false,,
pay_001018,ord_001019,9413.00,0.00,0.00,9413.00,2026-07-22T13:12:00+05:30,upi,INR,setl_001020,false,,
pay_006804,ord_006805,764.00,0.00,0.00,764.00,2026-07-30T14:41:00+05:30,rupay_debit,INR,setl_006806,false,,
pay_006379,ord_006380,9912.00,89.21,16.06,9806.73,2026-07-09T22:09:00+05:30,debit_card,INR,setl_006381,false,,
pay_005645,ord_005646,728.00,21.84,3.93,702.23,2026-07-29T09:41:00+05:30,international,INR,setl_005647,true,USD,84.6358
pay_007686,ord_007687,148285.58,1334.57,240.22,146710.79,2026-07-07T21:08:00+05:30,debit_card,INR,setl_007688,false,,
pay_002998,ord_002999,36009.00,324.08,58.33,35626.59,2026-07-16T20:16:00+05:30,debit_card,INR,setl_003000,false,,
pay_003014,ord_003015,753.00,3.01,0.54,749.45,2026-07-22T20:37:00+05:30,debit_card,INR,setl_003016,false,,
pay_000152,ord_000153,168.00,0.67,0.12,167.21,2026-07-20T10:49:00+05:30,debit_card,INR,setl_000154,false,,
pay_003510,ord_003511,407.00,10.18,1.83,394.99,2026-07-22T08:43:00+05:30,emi,INR,setl_003512,false,,
pay_003827,ord_003828,59865.00,0.00,0.00,59865.00,2026-07-14T18:07:00+05:30,upi,INR,setl_003829,false,,
pay_006886,ord_006887,190979.79,0.00,0.00,190979.79,2026-07-22T19:06:00+05:30,upi,INR,setl_006890,false,,
pay_003360,ord_003361,399.00,0.00,0.00,399.00,2026-07-15T13:40:00+05:30,upi,INR,setl_003364,false,,
pay_002664,ord_002665,27256.00,545.12,98.12,26612.76,2026-07-17T07:46:00+05:30,credit_card,INR,setl_002668,false,,
pay_004377,ord_004378,51042.00,0.00,0.00,51042.00,2026-07-03T12:28:00+05:30,upi,INR,setl_004383,false,,
pay_000835,ord_000836,3538.00,0.00,0.00,3538.00,2026-07-14T08:18:00+05:30,upi,INR,setl_000837,false,,
pay_003503,ord_003504,4120.00,0.00,0.00,4120.00,2026-07-22T22:52:00+05:30,upi,INR,setl_003505,false,,
pay_003039,ord_003040,203.00,4.06,0.73,198.21,2026-07-24T09:39:00+05:30,credit_card,INR,setl_003041,false,,
pay_005317,ord_005318,2873.00,0.00,0.00,2873.00,2026-07-27T22:48:00+05:30,upi,INR,setl_005321,false,,
pay_000676,ord_000677,868.00,0.00,0.00,868.00,2026-07-29T11:56:00+05:30,upi,INR,setl_000678,false,,
pay_003344,ord_003345,84442.00,759.98,136.80,83545.22,2026-07-01T20:05:00+05:30,debit_card,INR,setl_003349,false,,
pay_003691,ord_003692,2496.00,49.92,8.99,2437.09,2026-07-23T19:26:00+05:30,credit_card,INR,setl_003697,false,,
pay_003369,ord_003370,32515.00,650.30,117.05,31747.65,2026-07-15T17:54:00+05:30,wallet,INR,setl_003371,false,,
pay_002272,ord_002273,850.00,3.40,0.61,845.99,2026-07-07T13:07:00+05:30,debit_card,INR,setl_002274,false,,
pay_006972,ord_006973,2124.00,0.00,0.00,2124.00,2026-07-06T22:09:00+05:30,upi,INR,setl_006974,false,,
pay_001133,ord_001134,8621.00,0.00,0.00,8621.00,2026-07-20T17:39:00+05:30,upi,INR,setl_001135,false,,
pay_002538,ord_002539,58862.00,529.76,95.36,58236.88,2026-07-02T09:43:00+05:30,debit_card,INR,setl_002544,false,,
pay_003131,ord_003132,75735.50,0.00,0.00,75735.50,2026-07-20T08:44:00+05:30,upi,INR,setl_003133,false,,
